report_id,company_inn,sign,item_index,code,name,chapter
c2be40c0-668f-5953-a049-4d99a26229ca,1684017097,positive,0,fnsBlocking,"Нет блокировок банковских счетов по постановлениям налоговой на текущую дату, что может говорить об отсутствии у компании проблем с налоговыми органами, которые привели бы к блокировке счетов.",reestrs
c2be40c0-668f-5953-a049-4d99a26229ca,1684017097,positive,1,relatedCompanies,"У компании есть связанные компании, это позволяет проанализировать не только текущую деятельность контрагента, но и историю связанных с ним организаций. Изучите информацию о связанных компаниях, их деятельности и истории, чтобы получить более полное представление о контрагенте и его надежности.",relatedComp
c2be40c0-668f-5953-a049-4d99a26229ca,1684017097,positive,2,executionProceedings,"Нет действующих исполнительных производств, в которых выступает в качестве ответчика, это может указывать на то, что компания своевременно исполняет свои обязательства и не имеет серьезных финансовых проблем.",execproc
c2be40c0-668f-5953-a049-4d99a26229ca,1684017097,positive,3,liquidationStatus,"Не найден в реестре организаций проходящих процедуру банкротства, что может свидетельствовать об отсутствии у компании текущих процедур банкротства, что является положительным знаком при оценке ее финансовой устойчивости.",reestrs
c2be40c0-668f-5953-a049-4d99a26229ca,1684017097,positive,4,massAuthpersons,"Не найден в реестре организаций с массовым директором или учредителем, вероятно, компания не используется в сомнительных схемах, что повышает доверие к ее деятельности.",manager
c2be40c0-668f-5953-a049-4d99a26229ca,1684017097,positive,5,massAddress,"Не найден в реестре организаций с массовым адресом, что может свидетельствовать о достоверности и актуальности данных об адресе юридического лица.",reestrs
c2be40c0-668f-5953-a049-4d99a26229ca,1684017097,positive,6,dishonestProvider,"Не найден в реестре организаций недобросовестных поставщиков, что может свидетельствовать об отсутствии у компании негативных историй участия в государственных закупках.",reestrs
c2be40c0-668f-5953-a049-4d99a26229ca,1684017097,positive,7,disqualifiedAuthpersons,"Руководитель организации не найден в реестре дисквалифицированных лиц, руководитель компании, вероятно, не имеет ограничений на занятие руководящих должностей и не был дисквалифицирован за нарушения законодательства.",manager
c2be40c0-668f-5953-a049-4d99a26229ca,1684017097,positive,8,аrbitrationDefendant,"Не найдены арбитражные дела, в которых выступает в качестве ответчика, что может свидетельствовать о том, что компания, вероятно, соблюдает свои обязательства и эффективно решает возникающие споры.",arbitr
c2be40c0-668f-5953-a049-4d99a26229ca,1684017097,positive,9,taxArrears,"Не найден в реестре организаций должников ФНС, что может свидетельствовать об отсутствии задолженности перед налоговыми органами, что является положительным фактором при оценке надежности контрагента.",reestrs
c2be40c0-668f-5953-a049-4d99a26229ca,1684017097,positive,10,taxReporting,"Не найден в реестре организаций не сдающих отчётность, компания соблюдает свои обязательства по предоставлению отчетности и, вероятно, ведет бизнес прозрачно.",reestrs
c2be40c0-668f-5953-a049-4d99a26229ca,1684017097,positive,11,invalidAddress,"Не найден в реестре организаций с фиктивным адресом, это подтверждает, что компания зарегистрирована по реальному адресу, где фактически осуществляет свою деятельность.",reestrs
c2be40c0-668f-5953-a049-4d99a26229ca,1684017097,positive,12,invalidAuthpersonsData,"Не найден в реестре организаций с номинальным руководителем или с меткой о недостоверных данных руководителя, руководитель компании, вероятно, является реальным лицом, управляющим компанией, и информация о нем достоверна.",manager
c2be40c0-668f-5953-a049-4d99a26229ca,1684017097,positive,13,invalidRegistrationData,"Не найден в реестре организаций с недостоверными регистрационными данными, что говорит о благонадежности компании, информация о компании соответствует действительности.",reestrs
c2be40c0-668f-5953-a049-4d99a26229ca,1684017097,positive,14,proceeds,"У компании есть выручка за предыдущий год в размере 60746.0 тыс. руб., что свидетельствует о наличии стабильного дохода и успешной деятельности.",finance
c2be40c0-668f-5953-a049-4d99a26229ca,1684017097,positive,15,massOkved,"У компании небольшое количество кодов ОКВЭД, что может указывать на то, что компания сосредоточена на определенных видах деятельности и, вероятно, обладает опытом и специализацией в этих областях.",okved
64ff1f7c-0a1e-5547-826b-05824228001f,772377037026,positive,0,fnsBlocking,"Нет блокировок банковских счетов по постановлениям налоговой на текущую дату, что может говорить об отсутствии у компании проблем с налоговыми органами, которые привели бы к блокировке счетов.",reestrs
64ff1f7c-0a1e-5547-826b-05824228001f,772377037026,positive,1,executionProceedings,"Нет действующих исполнительных производств, в которых выступает в качестве ответчика, это может указывать на то, что компания своевременно исполняет свои обязательства и не имеет серьезных финансовых проблем.",execproc
64ff1f7c-0a1e-5547-826b-05824228001f,772377037026,positive,2,liquidationStatus,"Не найден в реестре организаций проходящих процедуру банкротства, что может свидетельствовать об отсутствии у компании текущих процедур банкротства, что является положительным знаком при оценке ее финансовой устойчивости.",reestrs
64ff1f7c-0a1e-5547-826b-05824228001f,772377037026,positive,3,massAuthpersons,"Не найден в реестре организаций с массовым директором или учредителем, вероятно, компания не используется в сомнительных схемах, что повышает доверие к ее деятельности.",manager
64ff1f7c-0a1e-5547-826b-05824228001f,772377037026,positive,4,massAddress,"Не найден в реестре организаций с массовым адресом, что может свидетельствовать о достоверности и актуальности данных об адресе юридического лица.",reestrs
64ff1f7c-0a1e-5547-826b-05824228001f,772377037026,positive,5,dishonestProvider,"Не найден в реестре организаций недобросовестных поставщиков, что может свидетельствовать об отсутствии у компании негативных историй участия в государственных закупках.",reestrs
64ff1f7c-0a1e-5547-826b-05824228001f,772377037026,positive,6,disqualifiedAuthpersons,"Руководитель организации не найден в реестре дисквалифицированных лиц, руководитель компании, вероятно, не имеет ограничений на занятие руководящих должностей и не был дисквалифицирован за нарушения законодательства.",manager
64ff1f7c-0a1e-5547-826b-05824228001f,772377037026,positive,7,аrbitrationDefendant,"Не найдены арбитражные дела, в которых выступает в качестве ответчика, что может свидетельствовать о том, что компания, вероятно, соблюдает свои обязательства и эффективно решает возникающие споры.",arbitr
64ff1f7c-0a1e-5547-826b-05824228001f,772377037026,positive,8,taxArrears,"Не найден в реестре организаций должников ФНС, что может свидетельствовать об отсутствии задолженности перед налоговыми органами, что является положительным фактором при оценке надежности контрагента.",reestrs
64ff1f7c-0a1e-5547-826b-05824228001f,772377037026,positive,9,taxReporting,"Не найден в реестре организаций не сдающих отчётность, компания соблюдает свои обязательства по предоставлению отчетности и, вероятно, ведет бизнес прозрачно.",reestrs
64ff1f7c-0a1e-5547-826b-05824228001f,772377037026,positive,10,invalidAddress,"Не найден в реестре организаций с фиктивным адресом, это подтверждает, что компания зарегистрирована по реальному адресу, где фактически осуществляет свою деятельность.",reestrs
64ff1f7c-0a1e-5547-826b-05824228001f,772377037026,positive,11,invalidAuthpersonsData,"Не найден в реестре организаций с номинальным руководителем или с меткой о недостоверных данных руководителя, руководитель компании, вероятно, является реальным лицом, управляющим компанией, и информация о нем достоверна.",manager
64ff1f7c-0a1e-5547-826b-05824228001f,772377037026,positive,12,invalidRegistrationData,"Не найден в реестре организаций с недостоверными регистрационными данными, что говорит о благонадежности компании, информация о компании соответствует действительности.",reestrs
64ff1f7c-0a1e-5547-826b-05824228001f,772377037026,positive,13,massOkved,"У компании небольшое количество кодов ОКВЭД, что может указывать на то, что компания сосредоточена на определенных видах деятельности и, вероятно, обладает опытом и специализацией в этих областях.",okved
3c73b78d-627b-54a5-ad04-e5fae7fae666,9705152496,negative,0,profit,"Компания понесла убыток в размере -6518.0 тыс. руб., что может указывать на нестабильность финансовых результатов.",finance
3c73b78d-627b-54a5-ad04-e5fae7fae666,9705152496,positive,0,fnsBlocking,"Нет блокировок банковских счетов по постановлениям налоговой на текущую дату, что может говорить об отсутствии у компании проблем с налоговыми органами, которые привели бы к блокировке счетов.",reestrs
3c73b78d-627b-54a5-ad04-e5fae7fae666,9705152496,positive,1,relatedCompanies,"У компании есть связанные компании, это позволяет проанализировать не только текущую деятельность контрагента, но и историю связанных с ним организаций. Изучите информацию о связанных компаниях, их деятельности и истории, чтобы получить более полное представление о контрагенте и его надежности.",relatedComp
3c73b78d-627b-54a5-ad04-e5fae7fae666,9705152496,positive,2,executionProceedings,"Нет действующих исполнительных производств, в которых выступает в качестве ответчика, это может указывать на то, что компания своевременно исполняет свои обязательства и не имеет серьезных финансовых проблем.",execproc
3c73b78d-627b-54a5-ad04-e5fae7fae666,9705152496,positive,3,liquidationStatus,"Не найден в реестре организаций проходящих процедуру банкротства, что может свидетельствовать об отсутствии у компании текущих процедур банкротства, что является положительным знаком при оценке ее финансовой устойчивости.",reestrs
3c73b78d-627b-54a5-ad04-e5fae7fae666,9705152496,positive,4,massAuthpersons,"Не найден в реестре организаций с массовым директором или учредителем, вероятно, компания не используется в сомнительных схемах, что повышает доверие к ее деятельности.",manager
3c73b78d-627b-54a5-ad04-e5fae7fae666,9705152496,positive,5,massAddress,"Не найден в реестре организаций с массовым адресом, что может свидетельствовать о достоверности и актуальности данных об адресе юридического лица.",reestrs
3c73b78d-627b-54a5-ad04-e5fae7fae666,9705152496,positive,6,dishonestProvider,"Не найден в реестре организаций недобросовестных поставщиков, что может свидетельствовать об отсутствии у компании негативных историй участия в государственных закупках.",reestrs
3c73b78d-627b-54a5-ad04-e5fae7fae666,9705152496,positive,7,disqualifiedAuthpersons,"Руководитель организации не найден в реестре дисквалифицированных лиц, руководитель компании, вероятно, не имеет ограничений на занятие руководящих должностей и не был дисквалифицирован за нарушения законодательства.",manager
3c73b78d-627b-54a5-ad04-e5fae7fae666,9705152496,positive,8,аrbitrationDefendant,"Не найдены арбитражные дела, в которых выступает в качестве ответчика, что может свидетельствовать о том, что компания, вероятно, соблюдает свои обязательства и эффективно решает возникающие споры.",arbitr
3c73b78d-627b-54a5-ad04-e5fae7fae666,9705152496,positive,9,taxArrears,"Не найден в реестре организаций должников ФНС, что может свидетельствовать об отсутствии задолженности перед налоговыми органами, что является положительным фактором при оценке надежности контрагента.",reestrs
3c73b78d-627b-54a5-ad04-e5fae7fae666,9705152496,positive,10,taxReporting,"Не найден в реестре организаций не сдающих отчётность, компания соблюдает свои обязательства по предоставлению отчетности и, вероятно, ведет бизнес прозрачно.",reestrs
3c73b78d-627b-54a5-ad04-e5fae7fae666,9705152496,positive,11,invalidAddress,"Не найден в реестре организаций с фиктивным адресом, это подтверждает, что компания зарегистрирована по реальному адресу, где фактически осуществляет свою деятельность.",reestrs
3c73b78d-627b-54a5-ad04-e5fae7fae666,9705152496,positive,12,invalidAuthpersonsData,"Не найден в реестре организаций с номинальным руководителем или с меткой о недостоверных данных руководителя, руководитель компании, вероятно, является реальным лицом, управляющим компанией, и информация о нем достоверна.",manager
3c73b78d-627b-54a5-ad04-e5fae7fae666,9705152496,positive,13,invalidRegistrationData,"Не найден в реестре организаций с недостоверными регистрационными данными, что говорит о благонадежности компании, информация о компании соответствует действительности.",reestrs
3c73b78d-627b-54a5-ad04-e5fae7fae666,9705152496,positive,14,massOkved,"У компании небольшое количество кодов ОКВЭД, что может указывать на то, что компания сосредоточена на определенных видах деятельности и, вероятно, обладает опытом и специализацией в этих областях.",okved
3c73b78d-627b-54a5-ad04-e5fae7fae666,9705152496,positive,15,currentAssets,"У компании имеются оборотные активы в размере 121259.0 тыс. руб., что обеспечивает достаточную ликвидность для покрытия краткосрочных обязательств и ведения текущей деятельности.",finance
3c73b78d-627b-54a5-ad04-e5fae7fae666,9705152496,positive,16,uncurrentAssets,"У компании есть внеоборотные активы на сумму 237739.0 тыс. руб., что, вероятно, может говорить о стабильном положении и долгосрочных перспективах развития.",finance
20b391d1-468c-5ad9-a033-76474aa2ed16,120705254031,positive,0,fnsBlocking,"Нет блокировок банковских счетов по постановлениям налоговой на текущую дату, что может говорить об отсутствии у компании проблем с налоговыми органами, которые привели бы к блокировке счетов.",reestrs
20b391d1-468c-5ad9-a033-76474aa2ed16,120705254031,positive,1,executionProceedings,"Нет действующих исполнительных производств, в которых выступает в качестве ответчика, это может указывать на то, что компания своевременно исполняет свои обязательства и не имеет серьезных финансовых проблем.",execproc
20b391d1-468c-5ad9-a033-76474aa2ed16,120705254031,positive,2,liquidationStatus,"Не найден в реестре организаций проходящих процедуру банкротства, что может свидетельствовать об отсутствии у компании текущих процедур банкротства, что является положительным знаком при оценке ее финансовой устойчивости.",reestrs
20b391d1-468c-5ad9-a033-76474aa2ed16,120705254031,positive,3,massAuthpersons,"Не найден в реестре организаций с массовым директором или учредителем, вероятно, компания не используется в сомнительных схемах, что повышает доверие к ее деятельности.",manager
20b391d1-468c-5ad9-a033-76474aa2ed16,120705254031,positive,4,massAddress,"Не найден в реестре организаций с массовым адресом, что может свидетельствовать о достоверности и актуальности данных об адресе юридического лица.",reestrs
20b391d1-468c-5ad9-a033-76474aa2ed16,120705254031,positive,5,dishonestProvider,"Не найден в реестре организаций недобросовестных поставщиков, что может свидетельствовать об отсутствии у компании негативных историй участия в государственных закупках.",reestrs
20b391d1-468c-5ad9-a033-76474aa2ed16,120705254031,positive,6,disqualifiedAuthpersons,"Руководитель организации не найден в реестре дисквалифицированных лиц, руководитель компании, вероятно, не имеет ограничений на занятие руководящих должностей и не был дисквалифицирован за нарушения законодательства.",manager
20b391d1-468c-5ad9-a033-76474aa2ed16,120705254031,positive,7,аrbitrationDefendant,"Не найдены арбитражные дела, в которых выступает в качестве ответчика, что может свидетельствовать о том, что компания, вероятно, соблюдает свои обязательства и эффективно решает возникающие споры.",arbitr
20b391d1-468c-5ad9-a033-76474aa2ed16,120705254031,positive,8,taxArrears,"Не найден в реестре организаций должников ФНС, что может свидетельствовать об отсутствии задолженности перед налоговыми органами, что является положительным фактором при оценке надежности контрагента.",reestrs
20b391d1-468c-5ad9-a033-76474aa2ed16,120705254031,positive,9,taxReporting,"Не найден в реестре организаций не сдающих отчётность, компания соблюдает свои обязательства по предоставлению отчетности и, вероятно, ведет бизнес прозрачно.",reestrs
20b391d1-468c-5ad9-a033-76474aa2ed16,120705254031,positive,10,invalidAddress,"Не найден в реестре организаций с фиктивным адресом, это подтверждает, что компания зарегистрирована по реальному адресу, где фактически осуществляет свою деятельность.",reestrs
20b391d1-468c-5ad9-a033-76474aa2ed16,120705254031,positive,11,invalidAuthpersonsData,"Не найден в реестре организаций с номинальным руководителем или с меткой о недостоверных данных руководителя, руководитель компании, вероятно, является реальным лицом, управляющим компанией, и информация о нем достоверна.",manager
20b391d1-468c-5ad9-a033-76474aa2ed16,120705254031,positive,12,invalidRegistrationData,"Не найден в реестре организаций с недостоверными регистрационными данными, что говорит о благонадежности компании, информация о компании соответствует действительности.",reestrs
20b391d1-468c-5ad9-a033-76474aa2ed16,120705254031,positive,13,massOkved,"У компании небольшое количество кодов ОКВЭД, что может указывать на то, что компания сосредоточена на определенных видах деятельности и, вероятно, обладает опытом и специализацией в этих областях.",okved
c74003f6-3186-5bc9-b5c6-210103a5c4a6,9721159668,negative,0,massOkved,"Компания имеет большое количество кодов ОКВЭД, что  может быть связано с попыткой компании охватить как можно больше направлений бизнеса, это может отрицательно сказаться на ее эффективности и надежности.",okved
c74003f6-3186-5bc9-b5c6-210103a5c4a6,9721159668,negative,1,massAddress,"Находится в реестре организаций с массовым адресом, что может быть признаком фиктивной регистрации.",reestrs
c74003f6-3186-5bc9-b5c6-210103a5c4a6,9721159668,positive,0,fnsBlocking,"Нет блокировок банковских счетов по постановлениям налоговой на текущую дату, что может говорить об отсутствии у компании проблем с налоговыми органами, которые привели бы к блокировке счетов.",reestrs
c74003f6-3186-5bc9-b5c6-210103a5c4a6,9721159668,positive,1,relatedCompanies,"У компании есть связанные компании, это позволяет проанализировать не только текущую деятельность контрагента, но и историю связанных с ним организаций. Изучите информацию о связанных компаниях, их деятельности и истории, чтобы получить более полное представление о контрагенте и его надежности.",relatedComp
c74003f6-3186-5bc9-b5c6-210103a5c4a6,9721159668,positive,2,executionProceedings,"Нет действующих исполнительных производств, в которых выступает в качестве ответчика, это может указывать на то, что компания своевременно исполняет свои обязательства и не имеет серьезных финансовых проблем.",execproc
c74003f6-3186-5bc9-b5c6-210103a5c4a6,9721159668,positive,3,liquidationStatus,"Не найден в реестре организаций проходящих процедуру банкротства, что может свидетельствовать об отсутствии у компании текущих процедур банкротства, что является положительным знаком при оценке ее финансовой устойчивости.",reestrs
c74003f6-3186-5bc9-b5c6-210103a5c4a6,9721159668,positive,4,massAuthpersons,"Не найден в реестре организаций с массовым директором или учредителем, вероятно, компания не используется в сомнительных схемах, что повышает доверие к ее деятельности.",manager
c74003f6-3186-5bc9-b5c6-210103a5c4a6,9721159668,positive,5,dishonestProvider,"Не найден в реестре организаций недобросовестных поставщиков, что может свидетельствовать об отсутствии у компании негативных историй участия в государственных закупках.",reestrs
c74003f6-3186-5bc9-b5c6-210103a5c4a6,9721159668,positive,6,disqualifiedAuthpersons,"Руководитель организации не найден в реестре дисквалифицированных лиц, руководитель компании, вероятно, не имеет ограничений на занятие руководящих должностей и не был дисквалифицирован за нарушения законодательства.",manager
c74003f6-3186-5bc9-b5c6-210103a5c4a6,9721159668,positive,7,аrbitrationDefendant,"Не найдены арбитражные дела, в которых выступает в качестве ответчика, что может свидетельствовать о том, что компания, вероятно, соблюдает свои обязательства и эффективно решает возникающие споры.",arbitr
c74003f6-3186-5bc9-b5c6-210103a5c4a6,9721159668,positive,8,taxArrears,"Не найден в реестре организаций должников ФНС, что может свидетельствовать об отсутствии задолженности перед налоговыми органами, что является положительным фактором при оценке надежности контрагента.",reestrs
c74003f6-3186-5bc9-b5c6-210103a5c4a6,9721159668,positive,9,taxReporting,"Не найден в реестре организаций не сдающих отчётность, компания соблюдает свои обязательства по предоставлению отчетности и, вероятно, ведет бизнес прозрачно.",reestrs
c74003f6-3186-5bc9-b5c6-210103a5c4a6,9721159668,positive,10,invalidAddress,"Не найден в реестре организаций с фиктивным адресом, это подтверждает, что компания зарегистрирована по реальному адресу, где фактически осуществляет свою деятельность.",reestrs
c74003f6-3186-5bc9-b5c6-210103a5c4a6,9721159668,positive,11,invalidAuthpersonsData,"Не найден в реестре организаций с номинальным руководителем или с меткой о недостоверных данных руководителя, руководитель компании, вероятно, является реальным лицом, управляющим компанией, и информация о нем достоверна.",manager
c74003f6-3186-5bc9-b5c6-210103a5c4a6,9721159668,positive,12,invalidRegistrationData,"Не найден в реестре организаций с недостоверными регистрационными данными, что говорит о благонадежности компании, информация о компании соответствует действительности.",reestrs
c74003f6-3186-5bc9-b5c6-210103a5c4a6,9721159668,positive,13,proceeds,"У компании есть выручка за предыдущий год в размере 806284.0 тыс. руб., что свидетельствует о наличии стабильного дохода и успешной деятельности.",finance
c74003f6-3186-5bc9-b5c6-210103a5c4a6,9721159668,positive,14,profit,"У компании есть прибыль за предыдущий год в размере 7894.0 тыс. руб., что указывает на эффективное управление затратами и положительные финансовые результаты.",finance
c74003f6-3186-5bc9-b5c6-210103a5c4a6,9721159668,positive,15,currentAssets,"У компании имеются оборотные активы в размере 18696.0 тыс. руб., что обеспечивает достаточную ликвидность для покрытия краткосрочных обязательств и ведения текущей деятельности.",finance
4fb136e4-ddc0-55d5-9e3b-6a251fa89983,666201003180,positive,0,fnsBlocking,"Нет блокировок банковских счетов по постановлениям налоговой на текущую дату, что может говорить об отсутствии у компании проблем с налоговыми органами, которые привели бы к блокировке счетов.",reestrs
4fb136e4-ddc0-55d5-9e3b-6a251fa89983,666201003180,positive,1,executionProceedings,"Нет действующих исполнительных производств, в которых выступает в качестве ответчика, это может указывать на то, что компания своевременно исполняет свои обязательства и не имеет серьезных финансовых проблем.",execproc
4fb136e4-ddc0-55d5-9e3b-6a251fa89983,666201003180,positive,2,liquidationStatus,"Не найден в реестре организаций проходящих процедуру банкротства, что может свидетельствовать об отсутствии у компании текущих процедур банкротства, что является положительным знаком при оценке ее финансовой устойчивости.",reestrs
4fb136e4-ddc0-55d5-9e3b-6a251fa89983,666201003180,positive,3,massAuthpersons,"Не найден в реестре организаций с массовым директором или учредителем, вероятно, компания не используется в сомнительных схемах, что повышает доверие к ее деятельности.",manager
4fb136e4-ddc0-55d5-9e3b-6a251fa89983,666201003180,positive,4,massAddress,"Не найден в реестре организаций с массовым адресом, что может свидетельствовать о достоверности и актуальности данных об адресе юридического лица.",reestrs
4fb136e4-ddc0-55d5-9e3b-6a251fa89983,666201003180,positive,5,dishonestProvider,"Не найден в реестре организаций недобросовестных поставщиков, что может свидетельствовать об отсутствии у компании негативных историй участия в государственных закупках.",reestrs
4fb136e4-ddc0-55d5-9e3b-6a251fa89983,666201003180,positive,6,disqualifiedAuthpersons,"Руководитель организации не найден в реестре дисквалифицированных лиц, руководитель компании, вероятно, не имеет ограничений на занятие руководящих должностей и не был дисквалифицирован за нарушения законодательства.",manager
4fb136e4-ddc0-55d5-9e3b-6a251fa89983,666201003180,positive,7,аrbitrationDefendant,"Не найдены арбитражные дела, в которых выступает в качестве ответчика, что может свидетельствовать о том, что компания, вероятно, соблюдает свои обязательства и эффективно решает возникающие споры.",arbitr
4fb136e4-ddc0-55d5-9e3b-6a251fa89983,666201003180,positive,8,taxArrears,"Не найден в реестре организаций должников ФНС, что может свидетельствовать об отсутствии задолженности перед налоговыми органами, что является положительным фактором при оценке надежности контрагента.",reestrs
4fb136e4-ddc0-55d5-9e3b-6a251fa89983,666201003180,positive,9,taxReporting,"Не найден в реестре организаций не сдающих отчётность, компания соблюдает свои обязательства по предоставлению отчетности и, вероятно, ведет бизнес прозрачно.",reestrs
4fb136e4-ddc0-55d5-9e3b-6a251fa89983,666201003180,positive,10,invalidAddress,"Не найден в реестре организаций с фиктивным адресом, это подтверждает, что компания зарегистрирована по реальному адресу, где фактически осуществляет свою деятельность.",reestrs
4fb136e4-ddc0-55d5-9e3b-6a251fa89983,666201003180,positive,11,invalidAuthpersonsData,"Не найден в реестре организаций с номинальным руководителем или с меткой о недостоверных данных руководителя, руководитель компании, вероятно, является реальным лицом, управляющим компанией, и информация о нем достоверна.",manager
4fb136e4-ddc0-55d5-9e3b-6a251fa89983,666201003180,positive,12,invalidRegistrationData,"Не найден в реестре организаций с недостоверными регистрационными данными, что говорит о благонадежности компании, информация о компании соответствует действительности.",reestrs
4fb136e4-ddc0-55d5-9e3b-6a251fa89983,666201003180,positive,13,massOkved,"У компании небольшое количество кодов ОКВЭД, что может указывать на то, что компания сосредоточена на определенных видах деятельности и, вероятно, обладает опытом и специализацией в этих областях.",okved
3acd71e3-f0a3-5027-97f9-5159e331a8a0,3100037306,negative,0,massOkved,"Компания имеет большое количество кодов ОКВЭД, что  может быть связано с попыткой компании охватить как можно больше направлений бизнеса, это может отрицательно сказаться на ее эффективности и надежности.",okved
3acd71e3-f0a3-5027-97f9-5159e331a8a0,3100037306,positive,0,fnsBlocking,"Нет блокировок банковских счетов по постановлениям налоговой на текущую дату, что может говорить об отсутствии у компании проблем с налоговыми органами, которые привели бы к блокировке счетов.",reestrs
3acd71e3-f0a3-5027-97f9-5159e331a8a0,3100037306,positive,1,relatedCompanies,"У компании есть связанные компании, это позволяет проанализировать не только текущую деятельность контрагента, но и историю связанных с ним организаций. Изучите информацию о связанных компаниях, их деятельности и истории, чтобы получить более полное представление о контрагенте и его надежности.",relatedComp
3acd71e3-f0a3-5027-97f9-5159e331a8a0,3100037306,positive,2,executionProceedings,"Нет действующих исполнительных производств, в которых выступает в качестве ответчика, это может указывать на то, что компания своевременно исполняет свои обязательства и не имеет серьезных финансовых проблем.",execproc
3acd71e3-f0a3-5027-97f9-5159e331a8a0,3100037306,positive,3,liquidationStatus,"Не найден в реестре организаций проходящих процедуру банкротства, что может свидетельствовать об отсутствии у компании текущих процедур банкротства, что является положительным знаком при оценке ее финансовой устойчивости.",reestrs
3acd71e3-f0a3-5027-97f9-5159e331a8a0,3100037306,positive,4,massAuthpersons,"Не найден в реестре организаций с массовым директором или учредителем, вероятно, компания не используется в сомнительных схемах, что повышает доверие к ее деятельности.",manager
3acd71e3-f0a3-5027-97f9-5159e331a8a0,3100037306,positive,5,massAddress,"Не найден в реестре организаций с массовым адресом, что может свидетельствовать о достоверности и актуальности данных об адресе юридического лица.",reestrs
3acd71e3-f0a3-5027-97f9-5159e331a8a0,3100037306,positive,6,dishonestProvider,"Не найден в реестре организаций недобросовестных поставщиков, что может свидетельствовать об отсутствии у компании негативных историй участия в государственных закупках.",reestrs
3acd71e3-f0a3-5027-97f9-5159e331a8a0,3100037306,positive,7,disqualifiedAuthpersons,"Руководитель организации не найден в реестре дисквалифицированных лиц, руководитель компании, вероятно, не имеет ограничений на занятие руководящих должностей и не был дисквалифицирован за нарушения законодательства.",manager
3acd71e3-f0a3-5027-97f9-5159e331a8a0,3100037306,positive,8,аrbitrationDefendant,"Не найдены арбитражные дела, в которых выступает в качестве ответчика, что может свидетельствовать о том, что компания, вероятно, соблюдает свои обязательства и эффективно решает возникающие споры.",arbitr
3acd71e3-f0a3-5027-97f9-5159e331a8a0,3100037306,positive,9,taxArrears,"Не найден в реестре организаций должников ФНС, что может свидетельствовать об отсутствии задолженности перед налоговыми органами, что является положительным фактором при оценке надежности контрагента.",reestrs
3acd71e3-f0a3-5027-97f9-5159e331a8a0,3100037306,positive,10,taxReporting,"Не найден в реестре организаций не сдающих отчётность, компания соблюдает свои обязательства по предоставлению отчетности и, вероятно, ведет бизнес прозрачно.",reestrs
3acd71e3-f0a3-5027-97f9-5159e331a8a0,3100037306,positive,11,invalidAddress,"Не найден в реестре организаций с фиктивным адресом, это подтверждает, что компания зарегистрирована по реальному адресу, где фактически осуществляет свою деятельность.",reestrs
3acd71e3-f0a3-5027-97f9-5159e331a8a0,3100037306,positive,12,invalidAuthpersonsData,"Не найден в реестре организаций с номинальным руководителем или с меткой о недостоверных данных руководителя, руководитель компании, вероятно, является реальным лицом, управляющим компанией, и информация о нем достоверна.",manager
3acd71e3-f0a3-5027-97f9-5159e331a8a0,3100037306,positive,13,invalidRegistrationData,"Не найден в реестре организаций с недостоверными регистрационными данными, что говорит о благонадежности компании, информация о компании соответствует действительности.",reestrs
3acd71e3-f0a3-5027-97f9-5159e331a8a0,3100037306,positive,14,proceeds,"У компании есть выручка за предыдущий год в размере 2943.0 тыс. руб., что свидетельствует о наличии стабильного дохода и успешной деятельности.",finance
86d3d016-6766-5c10-ae7a-6b9c3c94a5d5,7813664770,negative,0,executionProceedings,"Есть действующие исполнительные производства, в которых выступает в качестве ответчика, это может означать, что компания имеет неисполненные обязательства перед кредиторами или государственными органами. Такая информация негативно сказывается на репутации и кредитоспособности лица или организации, поскольку свидетельствует о возможных финансовых трудностях или нежелании выполнять свои обязательства.",execproc
86d3d016-6766-5c10-ae7a-6b9c3c94a5d5,7813664770,negative,1,arbitrationDefendant,"Есть арбитражные дела, в которых выступает в качестве ответчика, что может указывать на наличие споров с контрагентами или государственными органами. Это может быть признаком нестабильности в деятельности компании и потенциальных финансовых рисков.",arbitr
86d3d016-6766-5c10-ae7a-6b9c3c94a5d5,7813664770,positive,0,fnsBlocking,"Нет блокировок банковских счетов по постановлениям налоговой на текущую дату, что может говорить об отсутствии у компании проблем с налоговыми органами, которые привели бы к блокировке счетов.",reestrs
86d3d016-6766-5c10-ae7a-6b9c3c94a5d5,7813664770,positive,1,relatedCompanies,"У компании есть связанные компании, это позволяет проанализировать не только текущую деятельность контрагента, но и историю связанных с ним организаций. Изучите информацию о связанных компаниях, их деятельности и истории, чтобы получить более полное представление о контрагенте и его надежности.",relatedComp
86d3d016-6766-5c10-ae7a-6b9c3c94a5d5,7813664770,positive,2,liquidationStatus,"Не найден в реестре организаций проходящих процедуру банкротства, что может свидетельствовать об отсутствии у компании текущих процедур банкротства, что является положительным знаком при оценке ее финансовой устойчивости.",reestrs
86d3d016-6766-5c10-ae7a-6b9c3c94a5d5,7813664770,positive,3,massAuthpersons,"Не найден в реестре организаций с массовым директором или учредителем, вероятно, компания не используется в сомнительных схемах, что повышает доверие к ее деятельности.",manager
86d3d016-6766-5c10-ae7a-6b9c3c94a5d5,7813664770,positive,4,massAddress,"Не найден в реестре организаций с массовым адресом, что может свидетельствовать о достоверности и актуальности данных об адресе юридического лица.",reestrs
86d3d016-6766-5c10-ae7a-6b9c3c94a5d5,7813664770,positive,5,dishonestProvider,"Не найден в реестре организаций недобросовестных поставщиков, что может свидетельствовать об отсутствии у компании негативных историй участия в государственных закупках.",reestrs
86d3d016-6766-5c10-ae7a-6b9c3c94a5d5,7813664770,positive,6,disqualifiedAuthpersons,"Руководитель организации не найден в реестре дисквалифицированных лиц, руководитель компании, вероятно, не имеет ограничений на занятие руководящих должностей и не был дисквалифицирован за нарушения законодательства.",manager
86d3d016-6766-5c10-ae7a-6b9c3c94a5d5,7813664770,positive,7,taxArrears,"Не найден в реестре организаций должников ФНС, что может свидетельствовать об отсутствии задолженности перед налоговыми органами, что является положительным фактором при оценке надежности контрагента.",reestrs
86d3d016-6766-5c10-ae7a-6b9c3c94a5d5,7813664770,positive,8,taxReporting,"Не найден в реестре организаций не сдающих отчётность, компания соблюдает свои обязательства по предоставлению отчетности и, вероятно, ведет бизнес прозрачно.",reestrs
86d3d016-6766-5c10-ae7a-6b9c3c94a5d5,7813664770,positive,9,invalidAddress,"Не найден в реестре организаций с фиктивным адресом, это подтверждает, что компания зарегистрирована по реальному адресу, где фактически осуществляет свою деятельность.",reestrs
86d3d016-6766-5c10-ae7a-6b9c3c94a5d5,7813664770,positive,10,invalidAuthpersonsData,"Не найден в реестре организаций с номинальным руководителем или с меткой о недостоверных данных руководителя, руководитель компании, вероятно, является реальным лицом, управляющим компанией, и информация о нем достоверна.",manager
86d3d016-6766-5c10-ae7a-6b9c3c94a5d5,7813664770,positive,11,invalidRegistrationData,"Не найден в реестре организаций с недостоверными регистрационными данными, что говорит о благонадежности компании, информация о компании соответствует действительности.",reestrs
86d3d016-6766-5c10-ae7a-6b9c3c94a5d5,7813664770,positive,12,proceeds,"У компании есть выручка за предыдущий год в размере 0.0 тыс. руб., что свидетельствует о наличии стабильного дохода и успешной деятельности.",finance
86d3d016-6766-5c10-ae7a-6b9c3c94a5d5,7813664770,positive,13,massOkved,"У компании небольшое количество кодов ОКВЭД, что может указывать на то, что компания сосредоточена на определенных видах деятельности и, вероятно, обладает опытом и специализацией в этих областях.",okved
3e1a38f8-86a9-57d8-ac93-4e0919ba9bec,1660266560,negative,0,executionProceedings,"Есть действующие исполнительные производства, в которых выступает в качестве ответчика, это может означать, что компания имеет неисполненные обязательства перед кредиторами или государственными органами. Такая информация негативно сказывается на репутации и кредитоспособности лица или организации, поскольку свидетельствует о возможных финансовых трудностях или нежелании выполнять свои обязательства.",execproc
3e1a38f8-86a9-57d8-ac93-4e0919ba9bec,1660266560,negative,1,arbitrationDefendant,"Есть арбитражные дела, в которых выступает в качестве ответчика, что может указывать на наличие споров с контрагентами или государственными органами. Это может быть признаком нестабильности в деятельности компании и потенциальных финансовых рисков.",arbitr
3e1a38f8-86a9-57d8-ac93-4e0919ba9bec,1660266560,positive,0,fnsBlocking,"Нет блокировок банковских счетов по постановлениям налоговой на текущую дату, что может говорить об отсутствии у компании проблем с налоговыми органами, которые привели бы к блокировке счетов.",reestrs
3e1a38f8-86a9-57d8-ac93-4e0919ba9bec,1660266560,positive,1,relatedCompanies,"У компании есть связанные компании, это позволяет проанализировать не только текущую деятельность контрагента, но и историю связанных с ним организаций. Изучите информацию о связанных компаниях, их деятельности и истории, чтобы получить более полное представление о контрагенте и его надежности.",relatedComp
3e1a38f8-86a9-57d8-ac93-4e0919ba9bec,1660266560,positive,2,liquidationStatus,"Не найден в реестре организаций проходящих процедуру банкротства, что может свидетельствовать об отсутствии у компании текущих процедур банкротства, что является положительным знаком при оценке ее финансовой устойчивости.",reestrs
3e1a38f8-86a9-57d8-ac93-4e0919ba9bec,1660266560,positive,3,massAuthpersons,"Не найден в реестре организаций с массовым директором или учредителем, вероятно, компания не используется в сомнительных схемах, что повышает доверие к ее деятельности.",manager
3e1a38f8-86a9-57d8-ac93-4e0919ba9bec,1660266560,positive,4,massAddress,"Не найден в реестре организаций с массовым адресом, что может свидетельствовать о достоверности и актуальности данных об адресе юридического лица.",reestrs
3e1a38f8-86a9-57d8-ac93-4e0919ba9bec,1660266560,positive,5,dishonestProvider,"Не найден в реестре организаций недобросовестных поставщиков, что может свидетельствовать об отсутствии у компании негативных историй участия в государственных закупках.",reestrs
3e1a38f8-86a9-57d8-ac93-4e0919ba9bec,1660266560,positive,6,disqualifiedAuthpersons,"Руководитель организации не найден в реестре дисквалифицированных лиц, руководитель компании, вероятно, не имеет ограничений на занятие руководящих должностей и не был дисквалифицирован за нарушения законодательства.",manager
3e1a38f8-86a9-57d8-ac93-4e0919ba9bec,1660266560,positive,7,taxArrears,"Не найден в реестре организаций должников ФНС, что может свидетельствовать об отсутствии задолженности перед налоговыми органами, что является положительным фактором при оценке надежности контрагента.",reestrs
3e1a38f8-86a9-57d8-ac93-4e0919ba9bec,1660266560,positive,8,taxReporting,"Не найден в реестре организаций не сдающих отчётность, компания соблюдает свои обязательства по предоставлению отчетности и, вероятно, ведет бизнес прозрачно.",reestrs
3e1a38f8-86a9-57d8-ac93-4e0919ba9bec,1660266560,positive,9,invalidAddress,"Не найден в реестре организаций с фиктивным адресом, это подтверждает, что компания зарегистрирована по реальному адресу, где фактически осуществляет свою деятельность.",reestrs
3e1a38f8-86a9-57d8-ac93-4e0919ba9bec,1660266560,positive,10,invalidAuthpersonsData,"Не найден в реестре организаций с номинальным руководителем или с меткой о недостоверных данных руководителя, руководитель компании, вероятно, является реальным лицом, управляющим компанией, и информация о нем достоверна.",manager
3e1a38f8-86a9-57d8-ac93-4e0919ba9bec,1660266560,positive,11,invalidRegistrationData,"Не найден в реестре организаций с недостоверными регистрационными данными, что говорит о благонадежности компании, информация о компании соответствует действительности.",reestrs
3e1a38f8-86a9-57d8-ac93-4e0919ba9bec,1660266560,positive,12,proceeds,"У компании есть выручка за предыдущий год в размере 79827.0 тыс. руб., что свидетельствует о наличии стабильного дохода и успешной деятельности.",finance
3e1a38f8-86a9-57d8-ac93-4e0919ba9bec,1660266560,positive,13,massOkved,"У компании небольшое количество кодов ОКВЭД, что может указывать на то, что компания сосредоточена на определенных видах деятельности и, вероятно, обладает опытом и специализацией в этих областях.",okved
3e1a38f8-86a9-57d8-ac93-4e0919ba9bec,1660266560,positive,14,profit,"У компании есть прибыль за предыдущий год в размере 437.0 тыс. руб., что указывает на эффективное управление затратами и положительные финансовые результаты.",finance
3e1a38f8-86a9-57d8-ac93-4e0919ba9bec,1660266560,positive,15,currentAssets,"У компании имеются оборотные активы в размере 78107.0 тыс. руб., что обеспечивает достаточную ликвидность для покрытия краткосрочных обязательств и ведения текущей деятельности.",finance
3e1a38f8-86a9-57d8-ac93-4e0919ba9bec,1660266560,positive,16,uncurrentAssets,"У компании есть внеоборотные активы на сумму 5029.0 тыс. руб., что, вероятно, может говорить о стабильном положении и долгосрочных перспективах развития.",finance
3ba911ed-15b4-5e00-9a32-07dee2546fa7,5261137785,negative,0,massOkved,"Компания имеет большое количество кодов ОКВЭД, что  может быть связано с попыткой компании охватить как можно больше направлений бизнеса, это может отрицательно сказаться на ее эффективности и надежности.",okved
3ba911ed-15b4-5e00-9a32-07dee2546fa7,5261137785,negative,1,arbitrationDefendant,"Есть арбитражные дела, в которых выступает в качестве ответчика, что может указывать на наличие споров с контрагентами или государственными органами. Это может быть признаком нестабильности в деятельности компании и потенциальных финансовых рисков.",arbitr
3ba911ed-15b4-5e00-9a32-07dee2546fa7,5261137785,positive,0,fnsBlocking,"Нет блокировок банковских счетов по постановлениям налоговой на текущую дату, что может говорить об отсутствии у компании проблем с налоговыми органами, которые привели бы к блокировке счетов.",reestrs
3ba911ed-15b4-5e00-9a32-07dee2546fa7,5261137785,positive,1,relatedCompanies,"У компании есть связанные компании, это позволяет проанализировать не только текущую деятельность контрагента, но и историю связанных с ним организаций. Изучите информацию о связанных компаниях, их деятельности и истории, чтобы получить более полное представление о контрагенте и его надежности.",relatedComp
3ba911ed-15b4-5e00-9a32-07dee2546fa7,5261137785,positive,2,executionProceedings,"Нет действующих исполнительных производств, в которых выступает в качестве ответчика, это может указывать на то, что компания своевременно исполняет свои обязательства и не имеет серьезных финансовых проблем.",execproc
3ba911ed-15b4-5e00-9a32-07dee2546fa7,5261137785,positive,3,liquidationStatus,"Не найден в реестре организаций проходящих процедуру банкротства, что может свидетельствовать об отсутствии у компании текущих процедур банкротства, что является положительным знаком при оценке ее финансовой устойчивости.",reestrs
3ba911ed-15b4-5e00-9a32-07dee2546fa7,5261137785,positive,4,massAuthpersons,"Не найден в реестре организаций с массовым директором или учредителем, вероятно, компания не используется в сомнительных схемах, что повышает доверие к ее деятельности.",manager
3ba911ed-15b4-5e00-9a32-07dee2546fa7,5261137785,positive,5,massAddress,"Не найден в реестре организаций с массовым адресом, что может свидетельствовать о достоверности и актуальности данных об адресе юридического лица.",reestrs
3ba911ed-15b4-5e00-9a32-07dee2546fa7,5261137785,positive,6,dishonestProvider,"Не найден в реестре организаций недобросовестных поставщиков, что может свидетельствовать об отсутствии у компании негативных историй участия в государственных закупках.",reestrs
3ba911ed-15b4-5e00-9a32-07dee2546fa7,5261137785,positive,7,disqualifiedAuthpersons,"Руководитель организации не найден в реестре дисквалифицированных лиц, руководитель компании, вероятно, не имеет ограничений на занятие руководящих должностей и не был дисквалифицирован за нарушения законодательства.",manager
3ba911ed-15b4-5e00-9a32-07dee2546fa7,5261137785,positive,8,taxArrears,"Не найден в реестре организаций должников ФНС, что может свидетельствовать об отсутствии задолженности перед налоговыми органами, что является положительным фактором при оценке надежности контрагента.",reestrs
3ba911ed-15b4-5e00-9a32-07dee2546fa7,5261137785,positive,9,taxReporting,"Не найден в реестре организаций не сдающих отчётность, компания соблюдает свои обязательства по предоставлению отчетности и, вероятно, ведет бизнес прозрачно.",reestrs
3ba911ed-15b4-5e00-9a32-07dee2546fa7,5261137785,positive,10,invalidAddress,"Не найден в реестре организаций с фиктивным адресом, это подтверждает, что компания зарегистрирована по реальному адресу, где фактически осуществляет свою деятельность.",reestrs
3ba911ed-15b4-5e00-9a32-07dee2546fa7,5261137785,positive,11,invalidAuthpersonsData,"Не найден в реестре организаций с номинальным руководителем или с меткой о недостоверных данных руководителя, руководитель компании, вероятно, является реальным лицом, управляющим компанией, и информация о нем достоверна.",manager
3ba911ed-15b4-5e00-9a32-07dee2546fa7,5261137785,positive,12,invalidRegistrationData,"Не найден в реестре организаций с недостоверными регистрационными данными, что говорит о благонадежности компании, информация о компании соответствует действительности.",reestrs
3ba911ed-15b4-5e00-9a32-07dee2546fa7,5261137785,positive,13,branchesInfo,"У компании есть филиалы, что может свидетельствовать о том, что компания имеет разветвленную структуру, широкую клиентскую базу и возможности для расширения бизнеса.",filials
3ba911ed-15b4-5e00-9a32-07dee2546fa7,5261137785,positive,14,proceeds,"У компании есть выручка за предыдущий год в размере 255799.0 тыс. руб., что свидетельствует о наличии стабильного дохода и успешной деятельности.",finance
3ba911ed-15b4-5e00-9a32-07dee2546fa7,5261137785,positive,15,profit,"У компании есть прибыль за предыдущий год в размере 27.0 тыс. руб., что указывает на эффективное управление затратами и положительные финансовые результаты.",finance
3ba911ed-15b4-5e00-9a32-07dee2546fa7,5261137785,positive,16,currentAssets,"У компании имеются оборотные активы в размере 8990.0 тыс. руб., что обеспечивает достаточную ликвидность для покрытия краткосрочных обязательств и ведения текущей деятельности.",finance
ed1c6e84-d967-593b-9b4e-d28688af74ef,7103029029,positive,0,fnsBlocking,"Нет блокировок банковских счетов по постановлениям налоговой на текущую дату, что может говорить об отсутствии у компании проблем с налоговыми органами, которые привели бы к блокировке счетов.",reestrs
ed1c6e84-d967-593b-9b4e-d28688af74ef,7103029029,positive,1,relatedCompanies,"У компании есть связанные компании, это позволяет проанализировать не только текущую деятельность контрагента, но и историю связанных с ним организаций. Изучите информацию о связанных компаниях, их деятельности и истории, чтобы получить более полное представление о контрагенте и его надежности.",relatedComp
ed1c6e84-d967-593b-9b4e-d28688af74ef,7103029029,positive,2,executionProceedings,"Нет действующих исполнительных производств, в которых выступает в качестве ответчика, это может указывать на то, что компания своевременно исполняет свои обязательства и не имеет серьезных финансовых проблем.",execproc
ed1c6e84-d967-593b-9b4e-d28688af74ef,7103029029,positive,3,liquidationStatus,"Не найден в реестре организаций проходящих процедуру банкротства, что может свидетельствовать об отсутствии у компании текущих процедур банкротства, что является положительным знаком при оценке ее финансовой устойчивости.",reestrs
ed1c6e84-d967-593b-9b4e-d28688af74ef,7103029029,positive,4,massAuthpersons,"Не найден в реестре организаций с массовым директором или учредителем, вероятно, компания не используется в сомнительных схемах, что повышает доверие к ее деятельности.",manager
ed1c6e84-d967-593b-9b4e-d28688af74ef,7103029029,positive,5,massAddress,"Не найден в реестре организаций с массовым адресом, что может свидетельствовать о достоверности и актуальности данных об адресе юридического лица.",reestrs
ed1c6e84-d967-593b-9b4e-d28688af74ef,7103029029,positive,6,dishonestProvider,"Не найден в реестре организаций недобросовестных поставщиков, что может свидетельствовать об отсутствии у компании негативных историй участия в государственных закупках.",reestrs
ed1c6e84-d967-593b-9b4e-d28688af74ef,7103029029,positive,7,disqualifiedAuthpersons,"Руководитель организации не найден в реестре дисквалифицированных лиц, руководитель компании, вероятно, не имеет ограничений на занятие руководящих должностей и не был дисквалифицирован за нарушения законодательства.",manager
ed1c6e84-d967-593b-9b4e-d28688af74ef,7103029029,positive,8,аrbitrationDefendant,"Не найдены арбитражные дела, в которых выступает в качестве ответчика, что может свидетельствовать о том, что компания, вероятно, соблюдает свои обязательства и эффективно решает возникающие споры.",arbitr
ed1c6e84-d967-593b-9b4e-d28688af74ef,7103029029,positive,9,taxArrears,"Не найден в реестре организаций должников ФНС, что может свидетельствовать об отсутствии задолженности перед налоговыми органами, что является положительным фактором при оценке надежности контрагента.",reestrs
ed1c6e84-d967-593b-9b4e-d28688af74ef,7103029029,positive,10,taxReporting,"Не найден в реестре организаций не сдающих отчётность, компания соблюдает свои обязательства по предоставлению отчетности и, вероятно, ведет бизнес прозрачно.",reestrs
ed1c6e84-d967-593b-9b4e-d28688af74ef,7103029029,positive,11,invalidAddress,"Не найден в реестре организаций с фиктивным адресом, это подтверждает, что компания зарегистрирована по реальному адресу, где фактически осуществляет свою деятельность.",reestrs
ed1c6e84-d967-593b-9b4e-d28688af74ef,7103029029,positive,12,invalidAuthpersonsData,"Не найден в реестре организаций с номинальным руководителем или с меткой о недостоверных данных руководителя, руководитель компании, вероятно, является реальным лицом, управляющим компанией, и информация о нем достоверна.",manager
ed1c6e84-d967-593b-9b4e-d28688af74ef,7103029029,positive,13,invalidRegistrationData,"Не найден в реестре организаций с недостоверными регистрационными данными, что говорит о благонадежности компании, информация о компании соответствует действительности.",reestrs
ed1c6e84-d967-593b-9b4e-d28688af74ef,7103029029,positive,14,proceeds,"У компании есть выручка за предыдущий год в размере 3208.0 тыс. руб., что свидетельствует о наличии стабильного дохода и успешной деятельности.",finance
ed1c6e84-d967-593b-9b4e-d28688af74ef,7103029029,positive,15,massOkved,"У компании небольшое количество кодов ОКВЭД, что может указывать на то, что компания сосредоточена на определенных видах деятельности и, вероятно, обладает опытом и специализацией в этих областях.",okved
3e6f439a-7212-5c6b-a73c-47c57738946c,503200230096,positive,0,fnsBlocking,"Нет блокировок банковских счетов по постановлениям налоговой на текущую дату, что может говорить об отсутствии у компании проблем с налоговыми органами, которые привели бы к блокировке счетов.",reestrs
3e6f439a-7212-5c6b-a73c-47c57738946c,503200230096,positive,1,executionProceedings,"Нет действующих исполнительных производств, в которых выступает в качестве ответчика, это может указывать на то, что компания своевременно исполняет свои обязательства и не имеет серьезных финансовых проблем.",execproc
3e6f439a-7212-5c6b-a73c-47c57738946c,503200230096,positive,2,liquidationStatus,"Не найден в реестре организаций проходящих процедуру банкротства, что может свидетельствовать об отсутствии у компании текущих процедур банкротства, что является положительным знаком при оценке ее финансовой устойчивости.",reestrs
3e6f439a-7212-5c6b-a73c-47c57738946c,503200230096,positive,3,massAuthpersons,"Не найден в реестре организаций с массовым директором или учредителем, вероятно, компания не используется в сомнительных схемах, что повышает доверие к ее деятельности.",manager
3e6f439a-7212-5c6b-a73c-47c57738946c,503200230096,positive,4,massAddress,"Не найден в реестре организаций с массовым адресом, что может свидетельствовать о достоверности и актуальности данных об адресе юридического лица.",reestrs
3e6f439a-7212-5c6b-a73c-47c57738946c,503200230096,positive,5,dishonestProvider,"Не найден в реестре организаций недобросовестных поставщиков, что может свидетельствовать об отсутствии у компании негативных историй участия в государственных закупках.",reestrs
3e6f439a-7212-5c6b-a73c-47c57738946c,503200230096,positive,6,disqualifiedAuthpersons,"Руководитель организации не найден в реестре дисквалифицированных лиц, руководитель компании, вероятно, не имеет ограничений на занятие руководящих должностей и не был дисквалифицирован за нарушения законодательства.",manager
3e6f439a-7212-5c6b-a73c-47c57738946c,503200230096,positive,7,аrbitrationDefendant,"Не найдены арбитражные дела, в которых выступает в качестве ответчика, что может свидетельствовать о том, что компания, вероятно, соблюдает свои обязательства и эффективно решает возникающие споры.",arbitr
3e6f439a-7212-5c6b-a73c-47c57738946c,503200230096,positive,8,taxArrears,"Не найден в реестре организаций должников ФНС, что может свидетельствовать об отсутствии задолженности перед налоговыми органами, что является положительным фактором при оценке надежности контрагента.",reestrs
3e6f439a-7212-5c6b-a73c-47c57738946c,503200230096,positive,9,taxReporting,"Не найден в реестре организаций не сдающих отчётность, компания соблюдает свои обязательства по предоставлению отчетности и, вероятно, ведет бизнес прозрачно.",reestrs
3e6f439a-7212-5c6b-a73c-47c57738946c,503200230096,positive,10,invalidAddress,"Не найден в реестре организаций с фиктивным адресом, это подтверждает, что компания зарегистрирована по реальному адресу, где фактически осуществляет свою деятельность.",reestrs
3e6f439a-7212-5c6b-a73c-47c57738946c,503200230096,positive,11,invalidAuthpersonsData,"Не найден в реестре организаций с номинальным руководителем или с меткой о недостоверных данных руководителя, руководитель компании, вероятно, является реальным лицом, управляющим компанией, и информация о нем достоверна.",manager
3e6f439a-7212-5c6b-a73c-47c57738946c,503200230096,positive,12,invalidRegistrationData,"Не найден в реестре организаций с недостоверными регистрационными данными, что говорит о благонадежности компании, информация о компании соответствует действительности.",reestrs
3e6f439a-7212-5c6b-a73c-47c57738946c,503200230096,positive,13,massOkved,"У компании небольшое количество кодов ОКВЭД, что может указывать на то, что компания сосредоточена на определенных видах деятельности и, вероятно, обладает опытом и специализацией в этих областях.",okved
14d50dbe-33bc-598f-b076-664c1d5647aa,772601396114,positive,0,fnsBlocking,"Нет блокировок банковских счетов по постановлениям налоговой на текущую дату, что может говорить об отсутствии у компании проблем с налоговыми органами, которые привели бы к блокировке счетов.",reestrs
14d50dbe-33bc-598f-b076-664c1d5647aa,772601396114,positive,1,executionProceedings,"Нет действующих исполнительных производств, в которых выступает в качестве ответчика, это может указывать на то, что компания своевременно исполняет свои обязательства и не имеет серьезных финансовых проблем.",execproc
14d50dbe-33bc-598f-b076-664c1d5647aa,772601396114,positive,2,liquidationStatus,"Не найден в реестре организаций проходящих процедуру банкротства, что может свидетельствовать об отсутствии у компании текущих процедур банкротства, что является положительным знаком при оценке ее финансовой устойчивости.",reestrs
14d50dbe-33bc-598f-b076-664c1d5647aa,772601396114,positive,3,massAuthpersons,"Не найден в реестре организаций с массовым директором или учредителем, вероятно, компания не используется в сомнительных схемах, что повышает доверие к ее деятельности.",manager
14d50dbe-33bc-598f-b076-664c1d5647aa,772601396114,positive,4,massAddress,"Не найден в реестре организаций с массовым адресом, что может свидетельствовать о достоверности и актуальности данных об адресе юридического лица.",reestrs
14d50dbe-33bc-598f-b076-664c1d5647aa,772601396114,positive,5,dishonestProvider,"Не найден в реестре организаций недобросовестных поставщиков, что может свидетельствовать об отсутствии у компании негативных историй участия в государственных закупках.",reestrs
14d50dbe-33bc-598f-b076-664c1d5647aa,772601396114,positive,6,disqualifiedAuthpersons,"Руководитель организации не найден в реестре дисквалифицированных лиц, руководитель компании, вероятно, не имеет ограничений на занятие руководящих должностей и не был дисквалифицирован за нарушения законодательства.",manager
14d50dbe-33bc-598f-b076-664c1d5647aa,772601396114,positive,7,аrbitrationDefendant,"Не найдены арбитражные дела, в которых выступает в качестве ответчика, что может свидетельствовать о том, что компания, вероятно, соблюдает свои обязательства и эффективно решает возникающие споры.",arbitr
14d50dbe-33bc-598f-b076-664c1d5647aa,772601396114,positive,8,taxArrears,"Не найден в реестре организаций должников ФНС, что может свидетельствовать об отсутствии задолженности перед налоговыми органами, что является положительным фактором при оценке надежности контрагента.",reestrs
14d50dbe-33bc-598f-b076-664c1d5647aa,772601396114,positive,9,taxReporting,"Не найден в реестре организаций не сдающих отчётность, компания соблюдает свои обязательства по предоставлению отчетности и, вероятно, ведет бизнес прозрачно.",reestrs
14d50dbe-33bc-598f-b076-664c1d5647aa,772601396114,positive,10,invalidAddress,"Не найден в реестре организаций с фиктивным адресом, это подтверждает, что компания зарегистрирована по реальному адресу, где фактически осуществляет свою деятельность.",reestrs
14d50dbe-33bc-598f-b076-664c1d5647aa,772601396114,positive,11,invalidAuthpersonsData,"Не найден в реестре организаций с номинальным руководителем или с меткой о недостоверных данных руководителя, руководитель компании, вероятно, является реальным лицом, управляющим компанией, и информация о нем достоверна.",manager
14d50dbe-33bc-598f-b076-664c1d5647aa,772601396114,positive,12,invalidRegistrationData,"Не найден в реестре организаций с недостоверными регистрационными данными, что говорит о благонадежности компании, информация о компании соответствует действительности.",reestrs
14d50dbe-33bc-598f-b076-664c1d5647aa,772601396114,positive,13,massOkved,"У компании небольшое количество кодов ОКВЭД, что может указывать на то, что компания сосредоточена на определенных видах деятельности и, вероятно, обладает опытом и специализацией в этих областях.",okved
ad30b249-74a6-5215-b0e0-c117bc65042e,9727071240,positive,0,fnsBlocking,"Нет блокировок банковских счетов по постановлениям налоговой на текущую дату, что может говорить об отсутствии у компании проблем с налоговыми органами, которые привели бы к блокировке счетов.",reestrs
ad30b249-74a6-5215-b0e0-c117bc65042e,9727071240,positive,1,executionProceedings,"Нет действующих исполнительных производств, в которых выступает в качестве ответчика, это может указывать на то, что компания своевременно исполняет свои обязательства и не имеет серьезных финансовых проблем.",execproc
ad30b249-74a6-5215-b0e0-c117bc65042e,9727071240,positive,2,liquidationStatus,"Не найден в реестре организаций проходящих процедуру банкротства, что может свидетельствовать об отсутствии у компании текущих процедур банкротства, что является положительным знаком при оценке ее финансовой устойчивости.",reestrs
ad30b249-74a6-5215-b0e0-c117bc65042e,9727071240,positive,3,massAuthpersons,"Не найден в реестре организаций с массовым директором или учредителем, вероятно, компания не используется в сомнительных схемах, что повышает доверие к ее деятельности.",manager
ad30b249-74a6-5215-b0e0-c117bc65042e,9727071240,positive,4,massAddress,"Не найден в реестре организаций с массовым адресом, что может свидетельствовать о достоверности и актуальности данных об адресе юридического лица.",reestrs
ad30b249-74a6-5215-b0e0-c117bc65042e,9727071240,positive,5,dishonestProvider,"Не найден в реестре организаций недобросовестных поставщиков, что может свидетельствовать об отсутствии у компании негативных историй участия в государственных закупках.",reestrs
ad30b249-74a6-5215-b0e0-c117bc65042e,9727071240,positive,6,disqualifiedAuthpersons,"Руководитель организации не найден в реестре дисквалифицированных лиц, руководитель компании, вероятно, не имеет ограничений на занятие руководящих должностей и не был дисквалифицирован за нарушения законодательства.",manager
ad30b249-74a6-5215-b0e0-c117bc65042e,9727071240,positive,7,аrbitrationDefendant,"Не найдены арбитражные дела, в которых выступает в качестве ответчика, что может свидетельствовать о том, что компания, вероятно, соблюдает свои обязательства и эффективно решает возникающие споры.",arbitr
ad30b249-74a6-5215-b0e0-c117bc65042e,9727071240,positive,8,taxArrears,"Не найден в реестре организаций должников ФНС, что может свидетельствовать об отсутствии задолженности перед налоговыми органами, что является положительным фактором при оценке надежности контрагента.",reestrs
ad30b249-74a6-5215-b0e0-c117bc65042e,9727071240,positive,9,taxReporting,"Не найден в реестре организаций не сдающих отчётность, компания соблюдает свои обязательства по предоставлению отчетности и, вероятно, ведет бизнес прозрачно.",reestrs
ad30b249-74a6-5215-b0e0-c117bc65042e,9727071240,positive,10,invalidAddress,"Не найден в реестре организаций с фиктивным адресом, это подтверждает, что компания зарегистрирована по реальному адресу, где фактически осуществляет свою деятельность.",reestrs
ad30b249-74a6-5215-b0e0-c117bc65042e,9727071240,positive,11,invalidAuthpersonsData,"Не найден в реестре организаций с номинальным руководителем или с меткой о недостоверных данных руководителя, руководитель компании, вероятно, является реальным лицом, управляющим компанией, и информация о нем достоверна.",manager
ad30b249-74a6-5215-b0e0-c117bc65042e,9727071240,positive,12,invalidRegistrationData,"Не найден в реестре организаций с недостоверными регистрационными данными, что говорит о благонадежности компании, информация о компании соответствует действительности.",reestrs
ad30b249-74a6-5215-b0e0-c117bc65042e,9727071240,positive,13,proceeds,"У компании есть выручка за предыдущий год в размере 14198.0 тыс. руб., что свидетельствует о наличии стабильного дохода и успешной деятельности.",finance
ad30b249-74a6-5215-b0e0-c117bc65042e,9727071240,positive,14,massOkved,"У компании небольшое количество кодов ОКВЭД, что может указывать на то, что компания сосредоточена на определенных видах деятельности и, вероятно, обладает опытом и специализацией в этих областях.",okved
9a8fa64d-c16e-5d29-8118-3faf18595470,9703030189,negative,0,currentAssets,"Оборотные активы компании равны 0, что может свидетельствовать о проблемах с ликвидностью и потенциальных трудностях в своевременном покрытии краткосрочных обязательств.",finance
9a8fa64d-c16e-5d29-8118-3faf18595470,9703030189,positive,0,fnsBlocking,"Нет блокировок банковских счетов по постановлениям налоговой на текущую дату, что может говорить об отсутствии у компании проблем с налоговыми органами, которые привели бы к блокировке счетов.",reestrs
9a8fa64d-c16e-5d29-8118-3faf18595470,9703030189,positive,1,relatedCompanies,"У компании есть связанные компании, это позволяет проанализировать не только текущую деятельность контрагента, но и историю связанных с ним организаций. Изучите информацию о связанных компаниях, их деятельности и истории, чтобы получить более полное представление о контрагенте и его надежности.",relatedComp
9a8fa64d-c16e-5d29-8118-3faf18595470,9703030189,positive,2,executionProceedings,"Нет действующих исполнительных производств, в которых выступает в качестве ответчика, это может указывать на то, что компания своевременно исполняет свои обязательства и не имеет серьезных финансовых проблем.",execproc
9a8fa64d-c16e-5d29-8118-3faf18595470,9703030189,positive,3,liquidationStatus,"Не найден в реестре организаций проходящих процедуру банкротства, что может свидетельствовать об отсутствии у компании текущих процедур банкротства, что является положительным знаком при оценке ее финансовой устойчивости.",reestrs
9a8fa64d-c16e-5d29-8118-3faf18595470,9703030189,positive,4,massAuthpersons,"Не найден в реестре организаций с массовым директором или учредителем, вероятно, компания не используется в сомнительных схемах, что повышает доверие к ее деятельности.",manager
9a8fa64d-c16e-5d29-8118-3faf18595470,9703030189,positive,5,massAddress,"Не найден в реестре организаций с массовым адресом, что может свидетельствовать о достоверности и актуальности данных об адресе юридического лица.",reestrs
9a8fa64d-c16e-5d29-8118-3faf18595470,9703030189,positive,6,dishonestProvider,"Не найден в реестре организаций недобросовестных поставщиков, что может свидетельствовать об отсутствии у компании негативных историй участия в государственных закупках.",reestrs
9a8fa64d-c16e-5d29-8118-3faf18595470,9703030189,positive,7,disqualifiedAuthpersons,"Руководитель организации не найден в реестре дисквалифицированных лиц, руководитель компании, вероятно, не имеет ограничений на занятие руководящих должностей и не был дисквалифицирован за нарушения законодательства.",manager
9a8fa64d-c16e-5d29-8118-3faf18595470,9703030189,positive,8,аrbitrationDefendant,"Не найдены арбитражные дела, в которых выступает в качестве ответчика, что может свидетельствовать о том, что компания, вероятно, соблюдает свои обязательства и эффективно решает возникающие споры.",arbitr
9a8fa64d-c16e-5d29-8118-3faf18595470,9703030189,positive,9,taxArrears,"Не найден в реестре организаций должников ФНС, что может свидетельствовать об отсутствии задолженности перед налоговыми органами, что является положительным фактором при оценке надежности контрагента.",reestrs
9a8fa64d-c16e-5d29-8118-3faf18595470,9703030189,positive,10,taxReporting,"Не найден в реестре организаций не сдающих отчётность, компания соблюдает свои обязательства по предоставлению отчетности и, вероятно, ведет бизнес прозрачно.",reestrs
9a8fa64d-c16e-5d29-8118-3faf18595470,9703030189,positive,11,invalidAddress,"Не найден в реестре организаций с фиктивным адресом, это подтверждает, что компания зарегистрирована по реальному адресу, где фактически осуществляет свою деятельность.",reestrs
9a8fa64d-c16e-5d29-8118-3faf18595470,9703030189,positive,12,invalidAuthpersonsData,"Не найден в реестре организаций с номинальным руководителем или с меткой о недостоверных данных руководителя, руководитель компании, вероятно, является реальным лицом, управляющим компанией, и информация о нем достоверна.",manager
9a8fa64d-c16e-5d29-8118-3faf18595470,9703030189,positive,13,invalidRegistrationData,"Не найден в реестре организаций с недостоверными регистрационными данными, что говорит о благонадежности компании, информация о компании соответствует действительности.",reestrs
9a8fa64d-c16e-5d29-8118-3faf18595470,9703030189,positive,14,massOkved,"У компании небольшое количество кодов ОКВЭД, что может указывать на то, что компания сосредоточена на определенных видах деятельности и, вероятно, обладает опытом и специализацией в этих областях.",okved
9a8fa64d-c16e-5d29-8118-3faf18595470,9703030189,positive,15,webSite,"У компании есть сайт, что может свидетельствовать о том, что компания заинтересована в прозрачности своего бизнеса и стремится предоставить информацию о себе клиентам и партнерам. Сайт компании может содержать полезную информацию о ее деятельности, продуктах или услугах, контактах и т.д. Вы можете подробнее изучить информацию об услугах компании по указанной ссылке.",site
e1d9f02f-3c82-554b-ac75-aad2acdaa94d,9727128465,negative,0,massAddress,"Находится в реестре организаций с массовым адресом, что может быть признаком фиктивной регистрации.",reestrs
e1d9f02f-3c82-554b-ac75-aad2acdaa94d,9727128465,positive,0,fnsBlocking,"Нет блокировок банковских счетов по постановлениям налоговой на текущую дату, что может говорить об отсутствии у компании проблем с налоговыми органами, которые привели бы к блокировке счетов.",reestrs
e1d9f02f-3c82-554b-ac75-aad2acdaa94d,9727128465,positive,1,executionProceedings,"Нет действующих исполнительных производств, в которых выступает в качестве ответчика, это может указывать на то, что компания своевременно исполняет свои обязательства и не имеет серьезных финансовых проблем.",execproc
e1d9f02f-3c82-554b-ac75-aad2acdaa94d,9727128465,positive,2,liquidationStatus,"Не найден в реестре организаций проходящих процедуру банкротства, что может свидетельствовать об отсутствии у компании текущих процедур банкротства, что является положительным знаком при оценке ее финансовой устойчивости.",reestrs
e1d9f02f-3c82-554b-ac75-aad2acdaa94d,9727128465,positive,3,massAuthpersons,"Не найден в реестре организаций с массовым директором или учредителем, вероятно, компания не используется в сомнительных схемах, что повышает доверие к ее деятельности.",manager
e1d9f02f-3c82-554b-ac75-aad2acdaa94d,9727128465,positive,4,dishonestProvider,"Не найден в реестре организаций недобросовестных поставщиков, что может свидетельствовать об отсутствии у компании негативных историй участия в государственных закупках.",reestrs
e1d9f02f-3c82-554b-ac75-aad2acdaa94d,9727128465,positive,5,disqualifiedAuthpersons,"Руководитель организации не найден в реестре дисквалифицированных лиц, руководитель компании, вероятно, не имеет ограничений на занятие руководящих должностей и не был дисквалифицирован за нарушения законодательства.",manager
e1d9f02f-3c82-554b-ac75-aad2acdaa94d,9727128465,positive,6,аrbitrationDefendant,"Не найдены арбитражные дела, в которых выступает в качестве ответчика, что может свидетельствовать о том, что компания, вероятно, соблюдает свои обязательства и эффективно решает возникающие споры.",arbitr
e1d9f02f-3c82-554b-ac75-aad2acdaa94d,9727128465,positive,7,taxArrears,"Не найден в реестре организаций должников ФНС, что может свидетельствовать об отсутствии задолженности перед налоговыми органами, что является положительным фактором при оценке надежности контрагента.",reestrs
e1d9f02f-3c82-554b-ac75-aad2acdaa94d,9727128465,positive,8,taxReporting,"Не найден в реестре организаций не сдающих отчётность, компания соблюдает свои обязательства по предоставлению отчетности и, вероятно, ведет бизнес прозрачно.",reestrs
e1d9f02f-3c82-554b-ac75-aad2acdaa94d,9727128465,positive,9,invalidAddress,"Не найден в реестре организаций с фиктивным адресом, это подтверждает, что компания зарегистрирована по реальному адресу, где фактически осуществляет свою деятельность.",reestrs
e1d9f02f-3c82-554b-ac75-aad2acdaa94d,9727128465,positive,10,invalidAuthpersonsData,"Не найден в реестре организаций с номинальным руководителем или с меткой о недостоверных данных руководителя, руководитель компании, вероятно, является реальным лицом, управляющим компанией, и информация о нем достоверна.",manager
e1d9f02f-3c82-554b-ac75-aad2acdaa94d,9727128465,positive,11,invalidRegistrationData,"Не найден в реестре организаций с недостоверными регистрационными данными, что говорит о благонадежности компании, информация о компании соответствует действительности.",reestrs
e1d9f02f-3c82-554b-ac75-aad2acdaa94d,9727128465,positive,12,massOkved,"У компании небольшое количество кодов ОКВЭД, что может указывать на то, что компания сосредоточена на определенных видах деятельности и, вероятно, обладает опытом и специализацией в этих областях.",okved
745ab158-ee00-5462-b373-f61f2290bc47,3711039473,negative,0,executionProceedings,"Есть действующие исполнительные производства, в которых выступает в качестве ответчика, это может означать, что компания имеет неисполненные обязательства перед кредиторами или государственными органами. Такая информация негативно сказывается на репутации и кредитоспособности лица или организации, поскольку свидетельствует о возможных финансовых трудностях или нежелании выполнять свои обязательства.",execproc
745ab158-ee00-5462-b373-f61f2290bc47,3711039473,negative,1,arbitrationDefendant,"Есть арбитражные дела, в которых выступает в качестве ответчика, что может указывать на наличие споров с контрагентами или государственными органами. Это может быть признаком нестабильности в деятельности компании и потенциальных финансовых рисков.",arbitr
745ab158-ee00-5462-b373-f61f2290bc47,3711039473,positive,0,fnsBlocking,"Нет блокировок банковских счетов по постановлениям налоговой на текущую дату, что может говорить об отсутствии у компании проблем с налоговыми органами, которые привели бы к блокировке счетов.",reestrs
745ab158-ee00-5462-b373-f61f2290bc47,3711039473,positive,1,relatedCompanies,"У компании есть связанные компании, это позволяет проанализировать не только текущую деятельность контрагента, но и историю связанных с ним организаций. Изучите информацию о связанных компаниях, их деятельности и истории, чтобы получить более полное представление о контрагенте и его надежности.",relatedComp
745ab158-ee00-5462-b373-f61f2290bc47,3711039473,positive,2,liquidationStatus,"Не найден в реестре организаций проходящих процедуру банкротства, что может свидетельствовать об отсутствии у компании текущих процедур банкротства, что является положительным знаком при оценке ее финансовой устойчивости.",reestrs
745ab158-ee00-5462-b373-f61f2290bc47,3711039473,positive,3,massAuthpersons,"Не найден в реестре организаций с массовым директором или учредителем, вероятно, компания не используется в сомнительных схемах, что повышает доверие к ее деятельности.",manager
745ab158-ee00-5462-b373-f61f2290bc47,3711039473,positive,4,massAddress,"Не найден в реестре организаций с массовым адресом, что может свидетельствовать о достоверности и актуальности данных об адресе юридического лица.",reestrs
745ab158-ee00-5462-b373-f61f2290bc47,3711039473,positive,5,dishonestProvider,"Не найден в реестре организаций недобросовестных поставщиков, что может свидетельствовать об отсутствии у компании негативных историй участия в государственных закупках.",reestrs
745ab158-ee00-5462-b373-f61f2290bc47,3711039473,positive,6,disqualifiedAuthpersons,"Руководитель организации не найден в реестре дисквалифицированных лиц, руководитель компании, вероятно, не имеет ограничений на занятие руководящих должностей и не был дисквалифицирован за нарушения законодательства.",manager
745ab158-ee00-5462-b373-f61f2290bc47,3711039473,positive,7,taxArrears,"Не найден в реестре организаций должников ФНС, что может свидетельствовать об отсутствии задолженности перед налоговыми органами, что является положительным фактором при оценке надежности контрагента.",reestrs
745ab158-ee00-5462-b373-f61f2290bc47,3711039473,positive,8,taxReporting,"Не найден в реестре организаций не сдающих отчётность, компания соблюдает свои обязательства по предоставлению отчетности и, вероятно, ведет бизнес прозрачно.",reestrs
745ab158-ee00-5462-b373-f61f2290bc47,3711039473,positive,9,invalidAddress,"Не найден в реестре организаций с фиктивным адресом, это подтверждает, что компания зарегистрирована по реальному адресу, где фактически осуществляет свою деятельность.",reestrs
745ab158-ee00-5462-b373-f61f2290bc47,3711039473,positive,10,invalidAuthpersonsData,"Не найден в реестре организаций с номинальным руководителем или с меткой о недостоверных данных руководителя, руководитель компании, вероятно, является реальным лицом, управляющим компанией, и информация о нем достоверна.",manager
745ab158-ee00-5462-b373-f61f2290bc47,3711039473,positive,11,invalidRegistrationData,"Не найден в реестре организаций с недостоверными регистрационными данными, что говорит о благонадежности компании, информация о компании соответствует действительности.",reestrs
745ab158-ee00-5462-b373-f61f2290bc47,3711039473,positive,12,proceeds,"У компании есть выручка за предыдущий год в размере 3730752.0 тыс. руб., что свидетельствует о наличии стабильного дохода и успешной деятельности.",finance
745ab158-ee00-5462-b373-f61f2290bc47,3711039473,positive,13,massOkved,"У компании небольшое количество кодов ОКВЭД, что может указывать на то, что компания сосредоточена на определенных видах деятельности и, вероятно, обладает опытом и специализацией в этих областях.",okved
745ab158-ee00-5462-b373-f61f2290bc47,3711039473,positive,14,profit,"У компании есть прибыль за предыдущий год в размере 276311.0 тыс. руб., что указывает на эффективное управление затратами и положительные финансовые результаты.",finance
745ab158-ee00-5462-b373-f61f2290bc47,3711039473,positive,15,currentAssets,"У компании имеются оборотные активы в размере 2799682.0 тыс. руб., что обеспечивает достаточную ликвидность для покрытия краткосрочных обязательств и ведения текущей деятельности.",finance
745ab158-ee00-5462-b373-f61f2290bc47,3711039473,positive,16,uncurrentAssets,"У компании есть внеоборотные активы на сумму 1137923.0 тыс. руб., что, вероятно, может говорить о стабильном положении и долгосрочных перспективах развития.",finance
745ab158-ee00-5462-b373-f61f2290bc47,3711039473,positive,17,governmentContract,"Есть выигранные госконтракты. Изучите информацию о количестве и сумме тендеров и контрактов, чтобы получить более полное представление о контрагенте и его деятельности.",reestrs
14a77196-646e-552a-aabf-5949d0983a33,615513451530,positive,0,fnsBlocking,"Нет блокировок банковских счетов по постановлениям налоговой на текущую дату, что может говорить об отсутствии у компании проблем с налоговыми органами, которые привели бы к блокировке счетов.",reestrs
14a77196-646e-552a-aabf-5949d0983a33,615513451530,positive,1,executionProceedings,"Нет действующих исполнительных производств, в которых выступает в качестве ответчика, это может указывать на то, что компания своевременно исполняет свои обязательства и не имеет серьезных финансовых проблем.",execproc
14a77196-646e-552a-aabf-5949d0983a33,615513451530,positive,2,liquidationStatus,"Не найден в реестре организаций проходящих процедуру банкротства, что может свидетельствовать об отсутствии у компании текущих процедур банкротства, что является положительным знаком при оценке ее финансовой устойчивости.",reestrs
14a77196-646e-552a-aabf-5949d0983a33,615513451530,positive,3,massAuthpersons,"Не найден в реестре организаций с массовым директором или учредителем, вероятно, компания не используется в сомнительных схемах, что повышает доверие к ее деятельности.",manager
14a77196-646e-552a-aabf-5949d0983a33,615513451530,positive,4,massAddress,"Не найден в реестре организаций с массовым адресом, что может свидетельствовать о достоверности и актуальности данных об адресе юридического лица.",reestrs
14a77196-646e-552a-aabf-5949d0983a33,615513451530,positive,5,dishonestProvider,"Не найден в реестре организаций недобросовестных поставщиков, что может свидетельствовать об отсутствии у компании негативных историй участия в государственных закупках.",reestrs
14a77196-646e-552a-aabf-5949d0983a33,615513451530,positive,6,disqualifiedAuthpersons,"Руководитель организации не найден в реестре дисквалифицированных лиц, руководитель компании, вероятно, не имеет ограничений на занятие руководящих должностей и не был дисквалифицирован за нарушения законодательства.",manager
14a77196-646e-552a-aabf-5949d0983a33,615513451530,positive,7,аrbitrationDefendant,"Не найдены арбитражные дела, в которых выступает в качестве ответчика, что может свидетельствовать о том, что компания, вероятно, соблюдает свои обязательства и эффективно решает возникающие споры.",arbitr
14a77196-646e-552a-aabf-5949d0983a33,615513451530,positive,8,taxArrears,"Не найден в реестре организаций должников ФНС, что может свидетельствовать об отсутствии задолженности перед налоговыми органами, что является положительным фактором при оценке надежности контрагента.",reestrs
14a77196-646e-552a-aabf-5949d0983a33,615513451530,positive,9,taxReporting,"Не найден в реестре организаций не сдающих отчётность, компания соблюдает свои обязательства по предоставлению отчетности и, вероятно, ведет бизнес прозрачно.",reestrs
14a77196-646e-552a-aabf-5949d0983a33,615513451530,positive,10,invalidAddress,"Не найден в реестре организаций с фиктивным адресом, это подтверждает, что компания зарегистрирована по реальному адресу, где фактически осуществляет свою деятельность.",reestrs
14a77196-646e-552a-aabf-5949d0983a33,615513451530,positive,11,invalidAuthpersonsData,"Не найден в реестре организаций с номинальным руководителем или с меткой о недостоверных данных руководителя, руководитель компании, вероятно, является реальным лицом, управляющим компанией, и информация о нем достоверна.",manager
14a77196-646e-552a-aabf-5949d0983a33,615513451530,positive,12,invalidRegistrationData,"Не найден в реестре организаций с недостоверными регистрационными данными, что говорит о благонадежности компании, информация о компании соответствует действительности.",reestrs
14a77196-646e-552a-aabf-5949d0983a33,615513451530,positive,13,massOkved,"У компании небольшое количество кодов ОКВЭД, что может указывать на то, что компания сосредоточена на определенных видах деятельности и, вероятно, обладает опытом и специализацией в этих областях.",okved
4c66584d-4c34-5d00-b2e6-10250f9b938d,5029069967,negative,0,executionProceedings,"Есть действующие исполнительные производства, в которых выступает в качестве ответчика, это может означать, что компания имеет неисполненные обязательства перед кредиторами или государственными органами. Такая информация негативно сказывается на репутации и кредитоспособности лица или организации, поскольку свидетельствует о возможных финансовых трудностях или нежелании выполнять свои обязательства.",execproc
4c66584d-4c34-5d00-b2e6-10250f9b938d,5029069967,negative,1,massOkved,"Компания имеет большое количество кодов ОКВЭД, что  может быть связано с попыткой компании охватить как можно больше направлений бизнеса, это может отрицательно сказаться на ее эффективности и надежности.",okved
4c66584d-4c34-5d00-b2e6-10250f9b938d,5029069967,negative,2,massAddress,"Находится в реестре организаций с массовым адресом, что может быть признаком фиктивной регистрации.",reestrs
4c66584d-4c34-5d00-b2e6-10250f9b938d,5029069967,negative,3,arbitrationDefendant,"Есть арбитражные дела, в которых выступает в качестве ответчика, что может указывать на наличие споров с контрагентами или государственными органами. Это может быть признаком нестабильности в деятельности компании и потенциальных финансовых рисков.",arbitr
4c66584d-4c34-5d00-b2e6-10250f9b938d,5029069967,positive,0,fnsBlocking,"Нет блокировок банковских счетов по постановлениям налоговой на текущую дату, что может говорить об отсутствии у компании проблем с налоговыми органами, которые привели бы к блокировке счетов.",reestrs
4c66584d-4c34-5d00-b2e6-10250f9b938d,5029069967,positive,1,relatedCompanies,"У компании есть связанные компании, это позволяет проанализировать не только текущую деятельность контрагента, но и историю связанных с ним организаций. Изучите информацию о связанных компаниях, их деятельности и истории, чтобы получить более полное представление о контрагенте и его надежности.",relatedComp
4c66584d-4c34-5d00-b2e6-10250f9b938d,5029069967,positive,2,liquidationStatus,"Не найден в реестре организаций проходящих процедуру банкротства, что может свидетельствовать об отсутствии у компании текущих процедур банкротства, что является положительным знаком при оценке ее финансовой устойчивости.",reestrs
4c66584d-4c34-5d00-b2e6-10250f9b938d,5029069967,positive,3,massAuthpersons,"Не найден в реестре организаций с массовым директором или учредителем, вероятно, компания не используется в сомнительных схемах, что повышает доверие к ее деятельности.",manager
4c66584d-4c34-5d00-b2e6-10250f9b938d,5029069967,positive,4,dishonestProvider,"Не найден в реестре организаций недобросовестных поставщиков, что может свидетельствовать об отсутствии у компании негативных историй участия в государственных закупках.",reestrs
4c66584d-4c34-5d00-b2e6-10250f9b938d,5029069967,positive,5,disqualifiedAuthpersons,"Руководитель организации не найден в реестре дисквалифицированных лиц, руководитель компании, вероятно, не имеет ограничений на занятие руководящих должностей и не был дисквалифицирован за нарушения законодательства.",manager
4c66584d-4c34-5d00-b2e6-10250f9b938d,5029069967,positive,6,taxArrears,"Не найден в реестре организаций должников ФНС, что может свидетельствовать об отсутствии задолженности перед налоговыми органами, что является положительным фактором при оценке надежности контрагента.",reestrs
4c66584d-4c34-5d00-b2e6-10250f9b938d,5029069967,positive,7,taxReporting,"Не найден в реестре организаций не сдающих отчётность, компания соблюдает свои обязательства по предоставлению отчетности и, вероятно, ведет бизнес прозрачно.",reestrs
4c66584d-4c34-5d00-b2e6-10250f9b938d,5029069967,positive,8,invalidAddress,"Не найден в реестре организаций с фиктивным адресом, это подтверждает, что компания зарегистрирована по реальному адресу, где фактически осуществляет свою деятельность.",reestrs
4c66584d-4c34-5d00-b2e6-10250f9b938d,5029069967,positive,9,invalidAuthpersonsData,"Не найден в реестре организаций с номинальным руководителем или с меткой о недостоверных данных руководителя, руководитель компании, вероятно, является реальным лицом, управляющим компанией, и информация о нем достоверна.",manager
4c66584d-4c34-5d00-b2e6-10250f9b938d,5029069967,positive,10,invalidRegistrationData,"Не найден в реестре организаций с недостоверными регистрационными данными, что говорит о благонадежности компании, информация о компании соответствует действительности.",reestrs
4c66584d-4c34-5d00-b2e6-10250f9b938d,5029069967,positive,11,licenses,"У компании есть действующие лицензии - компания имеет право осуществлять определенные виды деятельности, требующие специального разрешения. Это может свидетельствовать о компетентности и надежности компании.",license
4c66584d-4c34-5d00-b2e6-10250f9b938d,5029069967,positive,12,webSite,"У компании есть сайт, что может свидетельствовать о том, что компания заинтересована в прозрачности своего бизнеса и стремится предоставить информацию о себе клиентам и партнерам. Сайт компании может содержать полезную информацию о ее деятельности, продуктах или услугах, контактах и т.д. Вы можете подробнее изучить информацию об услугах компании по указанной ссылке.",site
4c66584d-4c34-5d00-b2e6-10250f9b938d,5029069967,positive,13,governmentContract,"Есть выигранные госконтракты. Изучите информацию о количестве и сумме тендеров и контрактов, чтобы получить более полное представление о контрагенте и его деятельности.",reestrs
13aeae32-9ff4-57a1-ae06-9b24c193afd3,7816085851,negative,0,profit,"Компания понесла убыток в размере -20816.0 тыс. руб., что может указывать на нестабильность финансовых результатов.",finance
13aeae32-9ff4-57a1-ae06-9b24c193afd3,7816085851,negative,1,arbitrationDefendant,"Есть арбитражные дела, в которых выступает в качестве ответчика, что может указывать на наличие споров с контрагентами или государственными органами. Это может быть признаком нестабильности в деятельности компании и потенциальных финансовых рисков.",arbitr
13aeae32-9ff4-57a1-ae06-9b24c193afd3,7816085851,positive,0,fnsBlocking,"Нет блокировок банковских счетов по постановлениям налоговой на текущую дату, что может говорить об отсутствии у компании проблем с налоговыми органами, которые привели бы к блокировке счетов.",reestrs
13aeae32-9ff4-57a1-ae06-9b24c193afd3,7816085851,positive,1,relatedCompanies,"У компании есть связанные компании, это позволяет проанализировать не только текущую деятельность контрагента, но и историю связанных с ним организаций. Изучите информацию о связанных компаниях, их деятельности и истории, чтобы получить более полное представление о контрагенте и его надежности.",relatedComp
13aeae32-9ff4-57a1-ae06-9b24c193afd3,7816085851,positive,2,executionProceedings,"Нет действующих исполнительных производств, в которых выступает в качестве ответчика, это может указывать на то, что компания своевременно исполняет свои обязательства и не имеет серьезных финансовых проблем.",execproc
13aeae32-9ff4-57a1-ae06-9b24c193afd3,7816085851,positive,3,liquidationStatus,"Не найден в реестре организаций проходящих процедуру банкротства, что может свидетельствовать об отсутствии у компании текущих процедур банкротства, что является положительным знаком при оценке ее финансовой устойчивости.",reestrs
13aeae32-9ff4-57a1-ae06-9b24c193afd3,7816085851,positive,4,massAuthpersons,"Не найден в реестре организаций с массовым директором или учредителем, вероятно, компания не используется в сомнительных схемах, что повышает доверие к ее деятельности.",manager
13aeae32-9ff4-57a1-ae06-9b24c193afd3,7816085851,positive,5,massAddress,"Не найден в реестре организаций с массовым адресом, что может свидетельствовать о достоверности и актуальности данных об адресе юридического лица.",reestrs
13aeae32-9ff4-57a1-ae06-9b24c193afd3,7816085851,positive,6,dishonestProvider,"Не найден в реестре организаций недобросовестных поставщиков, что может свидетельствовать об отсутствии у компании негативных историй участия в государственных закупках.",reestrs
13aeae32-9ff4-57a1-ae06-9b24c193afd3,7816085851,positive,7,disqualifiedAuthpersons,"Руководитель организации не найден в реестре дисквалифицированных лиц, руководитель компании, вероятно, не имеет ограничений на занятие руководящих должностей и не был дисквалифицирован за нарушения законодательства.",manager
13aeae32-9ff4-57a1-ae06-9b24c193afd3,7816085851,positive,8,taxArrears,"Не найден в реестре организаций должников ФНС, что может свидетельствовать об отсутствии задолженности перед налоговыми органами, что является положительным фактором при оценке надежности контрагента.",reestrs
13aeae32-9ff4-57a1-ae06-9b24c193afd3,7816085851,positive,9,taxReporting,"Не найден в реестре организаций не сдающих отчётность, компания соблюдает свои обязательства по предоставлению отчетности и, вероятно, ведет бизнес прозрачно.",reestrs
13aeae32-9ff4-57a1-ae06-9b24c193afd3,7816085851,positive,10,invalidAddress,"Не найден в реестре организаций с фиктивным адресом, это подтверждает, что компания зарегистрирована по реальному адресу, где фактически осуществляет свою деятельность.",reestrs
13aeae32-9ff4-57a1-ae06-9b24c193afd3,7816085851,positive,11,invalidAuthpersonsData,"Не найден в реестре организаций с номинальным руководителем или с меткой о недостоверных данных руководителя, руководитель компании, вероятно, является реальным лицом, управляющим компанией, и информация о нем достоверна.",manager
13aeae32-9ff4-57a1-ae06-9b24c193afd3,7816085851,positive,12,invalidRegistrationData,"Не найден в реестре организаций с недостоверными регистрационными данными, что говорит о благонадежности компании, информация о компании соответствует действительности.",reestrs
13aeae32-9ff4-57a1-ae06-9b24c193afd3,7816085851,positive,13,licenses,"У компании есть действующие лицензии - компания имеет право осуществлять определенные виды деятельности, требующие специального разрешения. Это может свидетельствовать о компетентности и надежности компании.",license
13aeae32-9ff4-57a1-ae06-9b24c193afd3,7816085851,positive,14,proceeds,"У компании есть выручка за предыдущий год в размере 1821061.0 тыс. руб., что свидетельствует о наличии стабильного дохода и успешной деятельности.",finance
13aeae32-9ff4-57a1-ae06-9b24c193afd3,7816085851,positive,15,massOkved,"У компании небольшое количество кодов ОКВЭД, что может указывать на то, что компания сосредоточена на определенных видах деятельности и, вероятно, обладает опытом и специализацией в этих областях.",okved
13aeae32-9ff4-57a1-ae06-9b24c193afd3,7816085851,positive,16,currentAssets,"У компании имеются оборотные активы в размере 665879.0 тыс. руб., что обеспечивает достаточную ликвидность для покрытия краткосрочных обязательств и ведения текущей деятельности.",finance
13aeae32-9ff4-57a1-ae06-9b24c193afd3,7816085851,positive,17,uncurrentAssets,"У компании есть внеоборотные активы на сумму 5264.0 тыс. руб., что, вероятно, может говорить о стабильном положении и долгосрочных перспективах развития.",finance
13aeae32-9ff4-57a1-ae06-9b24c193afd3,7816085851,positive,18,webSite,"У компании есть сайт, что может свидетельствовать о том, что компания заинтересована в прозрачности своего бизнеса и стремится предоставить информацию о себе клиентам и партнерам. Сайт компании может содержать полезную информацию о ее деятельности, продуктах или услугах, контактах и т.д. Вы можете подробнее изучить информацию об услугах компании по указанной ссылке.",site
13aeae32-9ff4-57a1-ae06-9b24c193afd3,7816085851,positive,19,governmentContract,"Есть выигранные госконтракты. Изучите информацию о количестве и сумме тендеров и контрактов, чтобы получить более полное представление о контрагенте и его деятельности.",reestrs
4a6a18e9-e277-51c2-92ce-7a7a7d828454,1901132406,negative,0,arbitrationDefendant,"Есть арбитражные дела, в которых выступает в качестве ответчика, что может указывать на наличие споров с контрагентами или государственными органами. Это может быть признаком нестабильности в деятельности компании и потенциальных финансовых рисков.",arbitr
4a6a18e9-e277-51c2-92ce-7a7a7d828454,1901132406,positive,0,fnsBlocking,"Нет блокировок банковских счетов по постановлениям налоговой на текущую дату, что может говорить об отсутствии у компании проблем с налоговыми органами, которые привели бы к блокировке счетов.",reestrs
4a6a18e9-e277-51c2-92ce-7a7a7d828454,1901132406,positive,1,relatedCompanies,"У компании есть связанные компании, это позволяет проанализировать не только текущую деятельность контрагента, но и историю связанных с ним организаций. Изучите информацию о связанных компаниях, их деятельности и истории, чтобы получить более полное представление о контрагенте и его надежности.",relatedComp
4a6a18e9-e277-51c2-92ce-7a7a7d828454,1901132406,positive,2,executionProceedings,"Нет действующих исполнительных производств, в которых выступает в качестве ответчика, это может указывать на то, что компания своевременно исполняет свои обязательства и не имеет серьезных финансовых проблем.",execproc
4a6a18e9-e277-51c2-92ce-7a7a7d828454,1901132406,positive,3,liquidationStatus,"Не найден в реестре организаций проходящих процедуру банкротства, что может свидетельствовать об отсутствии у компании текущих процедур банкротства, что является положительным знаком при оценке ее финансовой устойчивости.",reestrs
4a6a18e9-e277-51c2-92ce-7a7a7d828454,1901132406,positive,4,massAuthpersons,"Не найден в реестре организаций с массовым директором или учредителем, вероятно, компания не используется в сомнительных схемах, что повышает доверие к ее деятельности.",manager
4a6a18e9-e277-51c2-92ce-7a7a7d828454,1901132406,positive,5,massAddress,"Не найден в реестре организаций с массовым адресом, что может свидетельствовать о достоверности и актуальности данных об адресе юридического лица.",reestrs
4a6a18e9-e277-51c2-92ce-7a7a7d828454,1901132406,positive,6,dishonestProvider,"Не найден в реестре организаций недобросовестных поставщиков, что может свидетельствовать об отсутствии у компании негативных историй участия в государственных закупках.",reestrs
4a6a18e9-e277-51c2-92ce-7a7a7d828454,1901132406,positive,7,disqualifiedAuthpersons,"Руководитель организации не найден в реестре дисквалифицированных лиц, руководитель компании, вероятно, не имеет ограничений на занятие руководящих должностей и не был дисквалифицирован за нарушения законодательства.",manager
4a6a18e9-e277-51c2-92ce-7a7a7d828454,1901132406,positive,8,taxArrears,"Не найден в реестре организаций должников ФНС, что может свидетельствовать об отсутствии задолженности перед налоговыми органами, что является положительным фактором при оценке надежности контрагента.",reestrs
4a6a18e9-e277-51c2-92ce-7a7a7d828454,1901132406,positive,9,taxReporting,"Не найден в реестре организаций не сдающих отчётность, компания соблюдает свои обязательства по предоставлению отчетности и, вероятно, ведет бизнес прозрачно.",reestrs
4a6a18e9-e277-51c2-92ce-7a7a7d828454,1901132406,positive,10,invalidAddress,"Не найден в реестре организаций с фиктивным адресом, это подтверждает, что компания зарегистрирована по реальному адресу, где фактически осуществляет свою деятельность.",reestrs
4a6a18e9-e277-51c2-92ce-7a7a7d828454,1901132406,positive,11,invalidAuthpersonsData,"Не найден в реестре организаций с номинальным руководителем или с меткой о недостоверных данных руководителя, руководитель компании, вероятно, является реальным лицом, управляющим компанией, и информация о нем достоверна.",manager
4a6a18e9-e277-51c2-92ce-7a7a7d828454,1901132406,positive,12,invalidRegistrationData,"Не найден в реестре организаций с недостоверными регистрационными данными, что говорит о благонадежности компании, информация о компании соответствует действительности.",reestrs
4a6a18e9-e277-51c2-92ce-7a7a7d828454,1901132406,positive,13,massOkved,"У компании небольшое количество кодов ОКВЭД, что может указывать на то, что компания сосредоточена на определенных видах деятельности и, вероятно, обладает опытом и специализацией в этих областях.",okved
4a6a18e9-e277-51c2-92ce-7a7a7d828454,1901132406,positive,14,currentAssets,"У компании имеются оборотные активы в размере 914085.0 тыс. руб., что обеспечивает достаточную ликвидность для покрытия краткосрочных обязательств и ведения текущей деятельности.",finance
4a6a18e9-e277-51c2-92ce-7a7a7d828454,1901132406,positive,15,uncurrentAssets,"У компании есть внеоборотные активы на сумму 90.0 тыс. руб., что, вероятно, может говорить о стабильном положении и долгосрочных перспективах развития.",finance
2431f1b0-0020-54ac-ac7b-06675330e83b,6165169320,negative,0,massOkved,"Компания имеет большое количество кодов ОКВЭД, что  может быть связано с попыткой компании охватить как можно больше направлений бизнеса, это может отрицательно сказаться на ее эффективности и надежности.",okved
2431f1b0-0020-54ac-ac7b-06675330e83b,6165169320,negative,1,profit,"Компания понесла убыток в размере -26249.0 тыс. руб., что может указывать на нестабильность финансовых результатов.",finance
2431f1b0-0020-54ac-ac7b-06675330e83b,6165169320,negative,2,arbitrationDefendant,"Есть арбитражные дела, в которых выступает в качестве ответчика, что может указывать на наличие споров с контрагентами или государственными органами. Это может быть признаком нестабильности в деятельности компании и потенциальных финансовых рисков.",arbitr
2431f1b0-0020-54ac-ac7b-06675330e83b,6165169320,negative,3,fnsBlocking,"Есть блокировки банковских счетов по постановлениям налоговой на текущую дату, это может означать связь компании с налоговыми нарушениями, задолженностями или другими проблемами. Уточните причины блокировки и оцените риски сотрудничества с такой компанией.",reestrs
2431f1b0-0020-54ac-ac7b-06675330e83b,6165169320,positive,0,executionProceedings,"Нет действующих исполнительных производств, в которых выступает в качестве ответчика, это может указывать на то, что компания своевременно исполняет свои обязательства и не имеет серьезных финансовых проблем.",execproc
2431f1b0-0020-54ac-ac7b-06675330e83b,6165169320,positive,1,liquidationStatus,"Не найден в реестре организаций проходящих процедуру банкротства, что может свидетельствовать об отсутствии у компании текущих процедур банкротства, что является положительным знаком при оценке ее финансовой устойчивости.",reestrs
2431f1b0-0020-54ac-ac7b-06675330e83b,6165169320,positive,2,massAuthpersons,"Не найден в реестре организаций с массовым директором или учредителем, вероятно, компания не используется в сомнительных схемах, что повышает доверие к ее деятельности.",manager
2431f1b0-0020-54ac-ac7b-06675330e83b,6165169320,positive,3,massAddress,"Не найден в реестре организаций с массовым адресом, что может свидетельствовать о достоверности и актуальности данных об адресе юридического лица.",reestrs
2431f1b0-0020-54ac-ac7b-06675330e83b,6165169320,positive,4,dishonestProvider,"Не найден в реестре организаций недобросовестных поставщиков, что может свидетельствовать об отсутствии у компании негативных историй участия в государственных закупках.",reestrs
2431f1b0-0020-54ac-ac7b-06675330e83b,6165169320,positive,5,disqualifiedAuthpersons,"Руководитель организации не найден в реестре дисквалифицированных лиц, руководитель компании, вероятно, не имеет ограничений на занятие руководящих должностей и не был дисквалифицирован за нарушения законодательства.",manager
2431f1b0-0020-54ac-ac7b-06675330e83b,6165169320,positive,6,taxArrears,"Не найден в реестре организаций должников ФНС, что может свидетельствовать об отсутствии задолженности перед налоговыми органами, что является положительным фактором при оценке надежности контрагента.",reestrs
2431f1b0-0020-54ac-ac7b-06675330e83b,6165169320,positive,7,taxReporting,"Не найден в реестре организаций не сдающих отчётность, компания соблюдает свои обязательства по предоставлению отчетности и, вероятно, ведет бизнес прозрачно.",reestrs
2431f1b0-0020-54ac-ac7b-06675330e83b,6165169320,positive,8,invalidAddress,"Не найден в реестре организаций с фиктивным адресом, это подтверждает, что компания зарегистрирована по реальному адресу, где фактически осуществляет свою деятельность.",reestrs
2431f1b0-0020-54ac-ac7b-06675330e83b,6165169320,positive,9,invalidAuthpersonsData,"Не найден в реестре организаций с номинальным руководителем или с меткой о недостоверных данных руководителя, руководитель компании, вероятно, является реальным лицом, управляющим компанией, и информация о нем достоверна.",manager
2431f1b0-0020-54ac-ac7b-06675330e83b,6165169320,positive,10,invalidRegistrationData,"Не найден в реестре организаций с недостоверными регистрационными данными, что говорит о благонадежности компании, информация о компании соответствует действительности.",reestrs
2431f1b0-0020-54ac-ac7b-06675330e83b,6165169320,positive,11,proceeds,"У компании есть выручка за предыдущий год в размере 748359.0 тыс. руб., что свидетельствует о наличии стабильного дохода и успешной деятельности.",finance
2431f1b0-0020-54ac-ac7b-06675330e83b,6165169320,positive,12,currentAssets,"У компании имеются оборотные активы в размере 23347.0 тыс. руб., что обеспечивает достаточную ликвидность для покрытия краткосрочных обязательств и ведения текущей деятельности.",finance
2431f1b0-0020-54ac-ac7b-06675330e83b,6165169320,positive,13,uncurrentAssets,"У компании есть внеоборотные активы на сумму 924.0 тыс. руб., что, вероятно, может говорить о стабильном положении и долгосрочных перспективах развития.",finance
8222abfd-2839-5f2a-ae4d-496f5a75ebf4,9713021306,negative,0,massOkved,"Компания имеет большое количество кодов ОКВЭД, что  может быть связано с попыткой компании охватить как можно больше направлений бизнеса, это может отрицательно сказаться на ее эффективности и надежности.",okved
8222abfd-2839-5f2a-ae4d-496f5a75ebf4,9713021306,negative,1,massAddress,"Находится в реестре организаций с массовым адресом, что может быть признаком фиктивной регистрации.",reestrs
8222abfd-2839-5f2a-ae4d-496f5a75ebf4,9713021306,positive,0,fnsBlocking,"Нет блокировок банковских счетов по постановлениям налоговой на текущую дату, что может говорить об отсутствии у компании проблем с налоговыми органами, которые привели бы к блокировке счетов.",reestrs
8222abfd-2839-5f2a-ae4d-496f5a75ebf4,9713021306,positive,1,executionProceedings,"Нет действующих исполнительных производств, в которых выступает в качестве ответчика, это может указывать на то, что компания своевременно исполняет свои обязательства и не имеет серьезных финансовых проблем.",execproc
8222abfd-2839-5f2a-ae4d-496f5a75ebf4,9713021306,positive,2,liquidationStatus,"Не найден в реестре организаций проходящих процедуру банкротства, что может свидетельствовать об отсутствии у компании текущих процедур банкротства, что является положительным знаком при оценке ее финансовой устойчивости.",reestrs
8222abfd-2839-5f2a-ae4d-496f5a75ebf4,9713021306,positive,3,massAuthpersons,"Не найден в реестре организаций с массовым директором или учредителем, вероятно, компания не используется в сомнительных схемах, что повышает доверие к ее деятельности.",manager
8222abfd-2839-5f2a-ae4d-496f5a75ebf4,9713021306,positive,4,dishonestProvider,"Не найден в реестре организаций недобросовестных поставщиков, что может свидетельствовать об отсутствии у компании негативных историй участия в государственных закупках.",reestrs
8222abfd-2839-5f2a-ae4d-496f5a75ebf4,9713021306,positive,5,disqualifiedAuthpersons,"Руководитель организации не найден в реестре дисквалифицированных лиц, руководитель компании, вероятно, не имеет ограничений на занятие руководящих должностей и не был дисквалифицирован за нарушения законодательства.",manager
8222abfd-2839-5f2a-ae4d-496f5a75ebf4,9713021306,positive,6,аrbitrationDefendant,"Не найдены арбитражные дела, в которых выступает в качестве ответчика, что может свидетельствовать о том, что компания, вероятно, соблюдает свои обязательства и эффективно решает возникающие споры.",arbitr
8222abfd-2839-5f2a-ae4d-496f5a75ebf4,9713021306,positive,7,taxArrears,"Не найден в реестре организаций должников ФНС, что может свидетельствовать об отсутствии задолженности перед налоговыми органами, что является положительным фактором при оценке надежности контрагента.",reestrs
8222abfd-2839-5f2a-ae4d-496f5a75ebf4,9713021306,positive,8,taxReporting,"Не найден в реестре организаций не сдающих отчётность, компания соблюдает свои обязательства по предоставлению отчетности и, вероятно, ведет бизнес прозрачно.",reestrs
8222abfd-2839-5f2a-ae4d-496f5a75ebf4,9713021306,positive,9,invalidAddress,"Не найден в реестре организаций с фиктивным адресом, это подтверждает, что компания зарегистрирована по реальному адресу, где фактически осуществляет свою деятельность.",reestrs
8222abfd-2839-5f2a-ae4d-496f5a75ebf4,9713021306,positive,10,invalidAuthpersonsData,"Не найден в реестре организаций с номинальным руководителем или с меткой о недостоверных данных руководителя, руководитель компании, вероятно, является реальным лицом, управляющим компанией, и информация о нем достоверна.",manager
8222abfd-2839-5f2a-ae4d-496f5a75ebf4,9713021306,positive,11,invalidRegistrationData,"Не найден в реестре организаций с недостоверными регистрационными данными, что говорит о благонадежности компании, информация о компании соответствует действительности.",reestrs
8222abfd-2839-5f2a-ae4d-496f5a75ebf4,9713021306,positive,12,currentAssets,"У компании имеются оборотные активы в размере 507.0 тыс. руб., что обеспечивает достаточную ликвидность для покрытия краткосрочных обязательств и ведения текущей деятельности.",finance
0b0a5c3a-5e4a-55e0-b1d4-298cb3a58fb3,5036158015,negative,0,massOkved,"Компания имеет большое количество кодов ОКВЭД, что  может быть связано с попыткой компании охватить как можно больше направлений бизнеса, это может отрицательно сказаться на ее эффективности и надежности.",okved
0b0a5c3a-5e4a-55e0-b1d4-298cb3a58fb3,5036158015,positive,0,fnsBlocking,"Нет блокировок банковских счетов по постановлениям налоговой на текущую дату, что может говорить об отсутствии у компании проблем с налоговыми органами, которые привели бы к блокировке счетов.",reestrs
0b0a5c3a-5e4a-55e0-b1d4-298cb3a58fb3,5036158015,positive,1,executionProceedings,"Нет действующих исполнительных производств, в которых выступает в качестве ответчика, это может указывать на то, что компания своевременно исполняет свои обязательства и не имеет серьезных финансовых проблем.",execproc
0b0a5c3a-5e4a-55e0-b1d4-298cb3a58fb3,5036158015,positive,2,liquidationStatus,"Не найден в реестре организаций проходящих процедуру банкротства, что может свидетельствовать об отсутствии у компании текущих процедур банкротства, что является положительным знаком при оценке ее финансовой устойчивости.",reestrs
0b0a5c3a-5e4a-55e0-b1d4-298cb3a58fb3,5036158015,positive,3,massAuthpersons,"Не найден в реестре организаций с массовым директором или учредителем, вероятно, компания не используется в сомнительных схемах, что повышает доверие к ее деятельности.",manager
0b0a5c3a-5e4a-55e0-b1d4-298cb3a58fb3,5036158015,positive,4,massAddress,"Не найден в реестре организаций с массовым адресом, что может свидетельствовать о достоверности и актуальности данных об адресе юридического лица.",reestrs
0b0a5c3a-5e4a-55e0-b1d4-298cb3a58fb3,5036158015,positive,5,dishonestProvider,"Не найден в реестре организаций недобросовестных поставщиков, что может свидетельствовать об отсутствии у компании негативных историй участия в государственных закупках.",reestrs
0b0a5c3a-5e4a-55e0-b1d4-298cb3a58fb3,5036158015,positive,6,disqualifiedAuthpersons,"Руководитель организации не найден в реестре дисквалифицированных лиц, руководитель компании, вероятно, не имеет ограничений на занятие руководящих должностей и не был дисквалифицирован за нарушения законодательства.",manager
0b0a5c3a-5e4a-55e0-b1d4-298cb3a58fb3,5036158015,positive,7,аrbitrationDefendant,"Не найдены арбитражные дела, в которых выступает в качестве ответчика, что может свидетельствовать о том, что компания, вероятно, соблюдает свои обязательства и эффективно решает возникающие споры.",arbitr
0b0a5c3a-5e4a-55e0-b1d4-298cb3a58fb3,5036158015,positive,8,taxArrears,"Не найден в реестре организаций должников ФНС, что может свидетельствовать об отсутствии задолженности перед налоговыми органами, что является положительным фактором при оценке надежности контрагента.",reestrs
0b0a5c3a-5e4a-55e0-b1d4-298cb3a58fb3,5036158015,positive,9,taxReporting,"Не найден в реестре организаций не сдающих отчётность, компания соблюдает свои обязательства по предоставлению отчетности и, вероятно, ведет бизнес прозрачно.",reestrs
0b0a5c3a-5e4a-55e0-b1d4-298cb3a58fb3,5036158015,positive,10,invalidAddress,"Не найден в реестре организаций с фиктивным адресом, это подтверждает, что компания зарегистрирована по реальному адресу, где фактически осуществляет свою деятельность.",reestrs
0b0a5c3a-5e4a-55e0-b1d4-298cb3a58fb3,5036158015,positive,11,invalidAuthpersonsData,"Не найден в реестре организаций с номинальным руководителем или с меткой о недостоверных данных руководителя, руководитель компании, вероятно, является реальным лицом, управляющим компанией, и информация о нем достоверна.",manager
0b0a5c3a-5e4a-55e0-b1d4-298cb3a58fb3,5036158015,positive,12,invalidRegistrationData,"Не найден в реестре организаций с недостоверными регистрационными данными, что говорит о благонадежности компании, информация о компании соответствует действительности.",reestrs
0b0a5c3a-5e4a-55e0-b1d4-298cb3a58fb3,5036158015,positive,13,proceeds,"У компании есть выручка за предыдущий год в размере 2075.0 тыс. руб., что свидетельствует о наличии стабильного дохода и успешной деятельности.",finance
3a8c5daa-efa7-567c-8114-f60144cbb82c,7720901442,negative,0,massAddress,"Находится в реестре организаций с массовым адресом, что может быть признаком фиктивной регистрации.",reestrs
3a8c5daa-efa7-567c-8114-f60144cbb82c,7720901442,positive,0,fnsBlocking,"Нет блокировок банковских счетов по постановлениям налоговой на текущую дату, что может говорить об отсутствии у компании проблем с налоговыми органами, которые привели бы к блокировке счетов.",reestrs
3a8c5daa-efa7-567c-8114-f60144cbb82c,7720901442,positive,1,relatedCompanies,"У компании есть связанные компании, это позволяет проанализировать не только текущую деятельность контрагента, но и историю связанных с ним организаций. Изучите информацию о связанных компаниях, их деятельности и истории, чтобы получить более полное представление о контрагенте и его надежности.",relatedComp
3a8c5daa-efa7-567c-8114-f60144cbb82c,7720901442,positive,2,executionProceedings,"Нет действующих исполнительных производств, в которых выступает в качестве ответчика, это может указывать на то, что компания своевременно исполняет свои обязательства и не имеет серьезных финансовых проблем.",execproc
3a8c5daa-efa7-567c-8114-f60144cbb82c,7720901442,positive,3,liquidationStatus,"Не найден в реестре организаций проходящих процедуру банкротства, что может свидетельствовать об отсутствии у компании текущих процедур банкротства, что является положительным знаком при оценке ее финансовой устойчивости.",reestrs
3a8c5daa-efa7-567c-8114-f60144cbb82c,7720901442,positive,4,massAuthpersons,"Не найден в реестре организаций с массовым директором или учредителем, вероятно, компания не используется в сомнительных схемах, что повышает доверие к ее деятельности.",manager
3a8c5daa-efa7-567c-8114-f60144cbb82c,7720901442,positive,5,dishonestProvider,"Не найден в реестре организаций недобросовестных поставщиков, что может свидетельствовать об отсутствии у компании негативных историй участия в государственных закупках.",reestrs
3a8c5daa-efa7-567c-8114-f60144cbb82c,7720901442,positive,6,disqualifiedAuthpersons,"Руководитель организации не найден в реестре дисквалифицированных лиц, руководитель компании, вероятно, не имеет ограничений на занятие руководящих должностей и не был дисквалифицирован за нарушения законодательства.",manager
3a8c5daa-efa7-567c-8114-f60144cbb82c,7720901442,positive,7,аrbitrationDefendant,"Не найдены арбитражные дела, в которых выступает в качестве ответчика, что может свидетельствовать о том, что компания, вероятно, соблюдает свои обязательства и эффективно решает возникающие споры.",arbitr
3a8c5daa-efa7-567c-8114-f60144cbb82c,7720901442,positive,8,taxArrears,"Не найден в реестре организаций должников ФНС, что может свидетельствовать об отсутствии задолженности перед налоговыми органами, что является положительным фактором при оценке надежности контрагента.",reestrs
3a8c5daa-efa7-567c-8114-f60144cbb82c,7720901442,positive,9,taxReporting,"Не найден в реестре организаций не сдающих отчётность, компания соблюдает свои обязательства по предоставлению отчетности и, вероятно, ведет бизнес прозрачно.",reestrs
3a8c5daa-efa7-567c-8114-f60144cbb82c,7720901442,positive,10,invalidAddress,"Не найден в реестре организаций с фиктивным адресом, это подтверждает, что компания зарегистрирована по реальному адресу, где фактически осуществляет свою деятельность.",reestrs
3a8c5daa-efa7-567c-8114-f60144cbb82c,7720901442,positive,11,invalidAuthpersonsData,"Не найден в реестре организаций с номинальным руководителем или с меткой о недостоверных данных руководителя, руководитель компании, вероятно, является реальным лицом, управляющим компанией, и информация о нем достоверна.",manager
3a8c5daa-efa7-567c-8114-f60144cbb82c,7720901442,positive,12,invalidRegistrationData,"Не найден в реестре организаций с недостоверными регистрационными данными, что говорит о благонадежности компании, информация о компании соответствует действительности.",reestrs
3a8c5daa-efa7-567c-8114-f60144cbb82c,7720901442,positive,13,proceeds,"У компании есть выручка за предыдущий год в размере 107531.0 тыс. руб., что свидетельствует о наличии стабильного дохода и успешной деятельности.",finance
3a8c5daa-efa7-567c-8114-f60144cbb82c,7720901442,positive,14,massOkved,"У компании небольшое количество кодов ОКВЭД, что может указывать на то, что компания сосредоточена на определенных видах деятельности и, вероятно, обладает опытом и специализацией в этих областях.",okved
a1083ce8-0804-5e5b-b58f-0694e98de6f6,0278949271,negative,0,executionProceedings,"Есть действующие исполнительные производства, в которых выступает в качестве ответчика, это может означать, что компания имеет неисполненные обязательства перед кредиторами или государственными органами. Такая информация негативно сказывается на репутации и кредитоспособности лица или организации, поскольку свидетельствует о возможных финансовых трудностях или нежелании выполнять свои обязательства.",execproc
a1083ce8-0804-5e5b-b58f-0694e98de6f6,0278949271,negative,1,massOkved,"Компания имеет большое количество кодов ОКВЭД, что  может быть связано с попыткой компании охватить как можно больше направлений бизнеса, это может отрицательно сказаться на ее эффективности и надежности.",okved
a1083ce8-0804-5e5b-b58f-0694e98de6f6,0278949271,negative,2,arbitrationDefendant,"Есть арбитражные дела, в которых выступает в качестве ответчика, что может указывать на наличие споров с контрагентами или государственными органами. Это может быть признаком нестабильности в деятельности компании и потенциальных финансовых рисков.",arbitr
a1083ce8-0804-5e5b-b58f-0694e98de6f6,0278949271,positive,0,fnsBlocking,"Нет блокировок банковских счетов по постановлениям налоговой на текущую дату, что может говорить об отсутствии у компании проблем с налоговыми органами, которые привели бы к блокировке счетов.",reestrs
a1083ce8-0804-5e5b-b58f-0694e98de6f6,0278949271,positive,1,relatedCompanies,"У компании есть связанные компании, это позволяет проанализировать не только текущую деятельность контрагента, но и историю связанных с ним организаций. Изучите информацию о связанных компаниях, их деятельности и истории, чтобы получить более полное представление о контрагенте и его надежности.",relatedComp
a1083ce8-0804-5e5b-b58f-0694e98de6f6,0278949271,positive,2,liquidationStatus,"Не найден в реестре организаций проходящих процедуру банкротства, что может свидетельствовать об отсутствии у компании текущих процедур банкротства, что является положительным знаком при оценке ее финансовой устойчивости.",reestrs
a1083ce8-0804-5e5b-b58f-0694e98de6f6,0278949271,positive,3,massAuthpersons,"Не найден в реестре организаций с массовым директором или учредителем, вероятно, компания не используется в сомнительных схемах, что повышает доверие к ее деятельности.",manager
a1083ce8-0804-5e5b-b58f-0694e98de6f6,0278949271,positive,4,massAddress,"Не найден в реестре организаций с массовым адресом, что может свидетельствовать о достоверности и актуальности данных об адресе юридического лица.",reestrs
a1083ce8-0804-5e5b-b58f-0694e98de6f6,0278949271,positive,5,dishonestProvider,"Не найден в реестре организаций недобросовестных поставщиков, что может свидетельствовать об отсутствии у компании негативных историй участия в государственных закупках.",reestrs
a1083ce8-0804-5e5b-b58f-0694e98de6f6,0278949271,positive,6,disqualifiedAuthpersons,"Руководитель организации не найден в реестре дисквалифицированных лиц, руководитель компании, вероятно, не имеет ограничений на занятие руководящих должностей и не был дисквалифицирован за нарушения законодательства.",manager
a1083ce8-0804-5e5b-b58f-0694e98de6f6,0278949271,positive,7,taxArrears,"Не найден в реестре организаций должников ФНС, что может свидетельствовать об отсутствии задолженности перед налоговыми органами, что является положительным фактором при оценке надежности контрагента.",reestrs
a1083ce8-0804-5e5b-b58f-0694e98de6f6,0278949271,positive,8,taxReporting,"Не найден в реестре организаций не сдающих отчётность, компания соблюдает свои обязательства по предоставлению отчетности и, вероятно, ведет бизнес прозрачно.",reestrs
a1083ce8-0804-5e5b-b58f-0694e98de6f6,0278949271,positive,9,invalidAddress,"Не найден в реестре организаций с фиктивным адресом, это подтверждает, что компания зарегистрирована по реальному адресу, где фактически осуществляет свою деятельность.",reestrs
a1083ce8-0804-5e5b-b58f-0694e98de6f6,0278949271,positive,10,invalidAuthpersonsData,"Не найден в реестре организаций с номинальным руководителем или с меткой о недостоверных данных руководителя, руководитель компании, вероятно, является реальным лицом, управляющим компанией, и информация о нем достоверна.",manager
a1083ce8-0804-5e5b-b58f-0694e98de6f6,0278949271,positive,11,invalidRegistrationData,"Не найден в реестре организаций с недостоверными регистрационными данными, что говорит о благонадежности компании, информация о компании соответствует действительности.",reestrs
a1083ce8-0804-5e5b-b58f-0694e98de6f6,0278949271,positive,12,proceeds,"У компании есть выручка за предыдущий год в размере 118924.0 тыс. руб., что свидетельствует о наличии стабильного дохода и успешной деятельности.",finance
a1083ce8-0804-5e5b-b58f-0694e98de6f6,0278949271,positive,13,profit,"У компании есть прибыль за предыдущий год в размере 444.0 тыс. руб., что указывает на эффективное управление затратами и положительные финансовые результаты.",finance
a1083ce8-0804-5e5b-b58f-0694e98de6f6,0278949271,positive,14,currentAssets,"У компании имеются оборотные активы в размере 120650.0 тыс. руб., что обеспечивает достаточную ликвидность для покрытия краткосрочных обязательств и ведения текущей деятельности.",finance
df17ab25-019e-58f4-b4d2-347817073d94,421412008124,positive,0,fnsBlocking,"Нет блокировок банковских счетов по постановлениям налоговой на текущую дату, что может говорить об отсутствии у компании проблем с налоговыми органами, которые привели бы к блокировке счетов.",reestrs
df17ab25-019e-58f4-b4d2-347817073d94,421412008124,positive,1,executionProceedings,"Нет действующих исполнительных производств, в которых выступает в качестве ответчика, это может указывать на то, что компания своевременно исполняет свои обязательства и не имеет серьезных финансовых проблем.",execproc
df17ab25-019e-58f4-b4d2-347817073d94,421412008124,positive,2,liquidationStatus,"Не найден в реестре организаций проходящих процедуру банкротства, что может свидетельствовать об отсутствии у компании текущих процедур банкротства, что является положительным знаком при оценке ее финансовой устойчивости.",reestrs
df17ab25-019e-58f4-b4d2-347817073d94,421412008124,positive,3,massAuthpersons,"Не найден в реестре организаций с массовым директором или учредителем, вероятно, компания не используется в сомнительных схемах, что повышает доверие к ее деятельности.",manager
df17ab25-019e-58f4-b4d2-347817073d94,421412008124,positive,4,massAddress,"Не найден в реестре организаций с массовым адресом, что может свидетельствовать о достоверности и актуальности данных об адресе юридического лица.",reestrs
df17ab25-019e-58f4-b4d2-347817073d94,421412008124,positive,5,dishonestProvider,"Не найден в реестре организаций недобросовестных поставщиков, что может свидетельствовать об отсутствии у компании негативных историй участия в государственных закупках.",reestrs
df17ab25-019e-58f4-b4d2-347817073d94,421412008124,positive,6,disqualifiedAuthpersons,"Руководитель организации не найден в реестре дисквалифицированных лиц, руководитель компании, вероятно, не имеет ограничений на занятие руководящих должностей и не был дисквалифицирован за нарушения законодательства.",manager
df17ab25-019e-58f4-b4d2-347817073d94,421412008124,positive,7,аrbitrationDefendant,"Не найдены арбитражные дела, в которых выступает в качестве ответчика, что может свидетельствовать о том, что компания, вероятно, соблюдает свои обязательства и эффективно решает возникающие споры.",arbitr
df17ab25-019e-58f4-b4d2-347817073d94,421412008124,positive,8,taxArrears,"Не найден в реестре организаций должников ФНС, что может свидетельствовать об отсутствии задолженности перед налоговыми органами, что является положительным фактором при оценке надежности контрагента.",reestrs
df17ab25-019e-58f4-b4d2-347817073d94,421412008124,positive,9,taxReporting,"Не найден в реестре организаций не сдающих отчётность, компания соблюдает свои обязательства по предоставлению отчетности и, вероятно, ведет бизнес прозрачно.",reestrs
df17ab25-019e-58f4-b4d2-347817073d94,421412008124,positive,10,invalidAddress,"Не найден в реестре организаций с фиктивным адресом, это подтверждает, что компания зарегистрирована по реальному адресу, где фактически осуществляет свою деятельность.",reestrs
df17ab25-019e-58f4-b4d2-347817073d94,421412008124,positive,11,invalidAuthpersonsData,"Не найден в реестре организаций с номинальным руководителем или с меткой о недостоверных данных руководителя, руководитель компании, вероятно, является реальным лицом, управляющим компанией, и информация о нем достоверна.",manager
df17ab25-019e-58f4-b4d2-347817073d94,421412008124,positive,12,invalidRegistrationData,"Не найден в реестре организаций с недостоверными регистрационными данными, что говорит о благонадежности компании, информация о компании соответствует действительности.",reestrs
df17ab25-019e-58f4-b4d2-347817073d94,421412008124,positive,13,massOkved,"У компании небольшое количество кодов ОКВЭД, что может указывать на то, что компания сосредоточена на определенных видах деятельности и, вероятно, обладает опытом и специализацией в этих областях.",okved
14c8e16e-0136-5067-85d1-24e61a8c4ae6,7751352552,positive,0,fnsBlocking,"Нет блокировок банковских счетов по постановлениям налоговой на текущую дату, что может говорить об отсутствии у компании проблем с налоговыми органами, которые привели бы к блокировке счетов.",reestrs
14c8e16e-0136-5067-85d1-24e61a8c4ae6,7751352552,positive,1,executionProceedings,"Нет действующих исполнительных производств, в которых выступает в качестве ответчика, это может указывать на то, что компания своевременно исполняет свои обязательства и не имеет серьезных финансовых проблем.",execproc
14c8e16e-0136-5067-85d1-24e61a8c4ae6,7751352552,positive,2,liquidationStatus,"Не найден в реестре организаций проходящих процедуру банкротства, что может свидетельствовать об отсутствии у компании текущих процедур банкротства, что является положительным знаком при оценке ее финансовой устойчивости.",reestrs
14c8e16e-0136-5067-85d1-24e61a8c4ae6,7751352552,positive,3,massAuthpersons,"Не найден в реестре организаций с массовым директором или учредителем, вероятно, компания не используется в сомнительных схемах, что повышает доверие к ее деятельности.",manager
14c8e16e-0136-5067-85d1-24e61a8c4ae6,7751352552,positive,4,massAddress,"Не найден в реестре организаций с массовым адресом, что может свидетельствовать о достоверности и актуальности данных об адресе юридического лица.",reestrs
14c8e16e-0136-5067-85d1-24e61a8c4ae6,7751352552,positive,5,dishonestProvider,"Не найден в реестре организаций недобросовестных поставщиков, что может свидетельствовать об отсутствии у компании негативных историй участия в государственных закупках.",reestrs
14c8e16e-0136-5067-85d1-24e61a8c4ae6,7751352552,positive,6,disqualifiedAuthpersons,"Руководитель организации не найден в реестре дисквалифицированных лиц, руководитель компании, вероятно, не имеет ограничений на занятие руководящих должностей и не был дисквалифицирован за нарушения законодательства.",manager
14c8e16e-0136-5067-85d1-24e61a8c4ae6,7751352552,positive,7,аrbitrationDefendant,"Не найдены арбитражные дела, в которых выступает в качестве ответчика, что может свидетельствовать о том, что компания, вероятно, соблюдает свои обязательства и эффективно решает возникающие споры.",arbitr
14c8e16e-0136-5067-85d1-24e61a8c4ae6,7751352552,positive,8,taxArrears,"Не найден в реестре организаций должников ФНС, что может свидетельствовать об отсутствии задолженности перед налоговыми органами, что является положительным фактором при оценке надежности контрагента.",reestrs
14c8e16e-0136-5067-85d1-24e61a8c4ae6,7751352552,positive,9,taxReporting,"Не найден в реестре организаций не сдающих отчётность, компания соблюдает свои обязательства по предоставлению отчетности и, вероятно, ведет бизнес прозрачно.",reestrs
14c8e16e-0136-5067-85d1-24e61a8c4ae6,7751352552,positive,10,invalidAddress,"Не найден в реестре организаций с фиктивным адресом, это подтверждает, что компания зарегистрирована по реальному адресу, где фактически осуществляет свою деятельность.",reestrs
14c8e16e-0136-5067-85d1-24e61a8c4ae6,7751352552,positive,11,invalidAuthpersonsData,"Не найден в реестре организаций с номинальным руководителем или с меткой о недостоверных данных руководителя, руководитель компании, вероятно, является реальным лицом, управляющим компанией, и информация о нем достоверна.",manager
14c8e16e-0136-5067-85d1-24e61a8c4ae6,7751352552,positive,12,invalidRegistrationData,"Не найден в реестре организаций с недостоверными регистрационными данными, что говорит о благонадежности компании, информация о компании соответствует действительности.",reestrs
14c8e16e-0136-5067-85d1-24e61a8c4ae6,7751352552,positive,13,proceeds,"У компании есть выручка за предыдущий год в размере 13472.0 тыс. руб., что свидетельствует о наличии стабильного дохода и успешной деятельности.",finance
14c8e16e-0136-5067-85d1-24e61a8c4ae6,7751352552,positive,14,massOkved,"У компании небольшое количество кодов ОКВЭД, что может указывать на то, что компания сосредоточена на определенных видах деятельности и, вероятно, обладает опытом и специализацией в этих областях.",okved
8395e157-1c72-5f0e-a40b-f52c3e25f81f,7802932240,positive,0,fnsBlocking,"Нет блокировок банковских счетов по постановлениям налоговой на текущую дату, что может говорить об отсутствии у компании проблем с налоговыми органами, которые привели бы к блокировке счетов.",reestrs
8395e157-1c72-5f0e-a40b-f52c3e25f81f,7802932240,positive,1,relatedCompanies,"У компании есть связанные компании, это позволяет проанализировать не только текущую деятельность контрагента, но и историю связанных с ним организаций. Изучите информацию о связанных компаниях, их деятельности и истории, чтобы получить более полное представление о контрагенте и его надежности.",relatedComp
8395e157-1c72-5f0e-a40b-f52c3e25f81f,7802932240,positive,2,executionProceedings,"Нет действующих исполнительных производств, в которых выступает в качестве ответчика, это может указывать на то, что компания своевременно исполняет свои обязательства и не имеет серьезных финансовых проблем.",execproc
8395e157-1c72-5f0e-a40b-f52c3e25f81f,7802932240,positive,3,liquidationStatus,"Не найден в реестре организаций проходящих процедуру банкротства, что может свидетельствовать об отсутствии у компании текущих процедур банкротства, что является положительным знаком при оценке ее финансовой устойчивости.",reestrs
8395e157-1c72-5f0e-a40b-f52c3e25f81f,7802932240,positive,4,massAuthpersons,"Не найден в реестре организаций с массовым директором или учредителем, вероятно, компания не используется в сомнительных схемах, что повышает доверие к ее деятельности.",manager
8395e157-1c72-5f0e-a40b-f52c3e25f81f,7802932240,positive,5,massAddress,"Не найден в реестре организаций с массовым адресом, что может свидетельствовать о достоверности и актуальности данных об адресе юридического лица.",reestrs
8395e157-1c72-5f0e-a40b-f52c3e25f81f,7802932240,positive,6,dishonestProvider,"Не найден в реестре организаций недобросовестных поставщиков, что может свидетельствовать об отсутствии у компании негативных историй участия в государственных закупках.",reestrs
8395e157-1c72-5f0e-a40b-f52c3e25f81f,7802932240,positive,7,disqualifiedAuthpersons,"Руководитель организации не найден в реестре дисквалифицированных лиц, руководитель компании, вероятно, не имеет ограничений на занятие руководящих должностей и не был дисквалифицирован за нарушения законодательства.",manager
8395e157-1c72-5f0e-a40b-f52c3e25f81f,7802932240,positive,8,аrbitrationDefendant,"Не найдены арбитражные дела, в которых выступает в качестве ответчика, что может свидетельствовать о том, что компания, вероятно, соблюдает свои обязательства и эффективно решает возникающие споры.",arbitr
8395e157-1c72-5f0e-a40b-f52c3e25f81f,7802932240,positive,9,taxArrears,"Не найден в реестре организаций должников ФНС, что может свидетельствовать об отсутствии задолженности перед налоговыми органами, что является положительным фактором при оценке надежности контрагента.",reestrs
8395e157-1c72-5f0e-a40b-f52c3e25f81f,7802932240,positive,10,taxReporting,"Не найден в реестре организаций не сдающих отчётность, компания соблюдает свои обязательства по предоставлению отчетности и, вероятно, ведет бизнес прозрачно.",reestrs
8395e157-1c72-5f0e-a40b-f52c3e25f81f,7802932240,positive,11,invalidAddress,"Не найден в реестре организаций с фиктивным адресом, это подтверждает, что компания зарегистрирована по реальному адресу, где фактически осуществляет свою деятельность.",reestrs
8395e157-1c72-5f0e-a40b-f52c3e25f81f,7802932240,positive,12,invalidAuthpersonsData,"Не найден в реестре организаций с номинальным руководителем или с меткой о недостоверных данных руководителя, руководитель компании, вероятно, является реальным лицом, управляющим компанией, и информация о нем достоверна.",manager
8395e157-1c72-5f0e-a40b-f52c3e25f81f,7802932240,positive,13,invalidRegistrationData,"Не найден в реестре организаций с недостоверными регистрационными данными, что говорит о благонадежности компании, информация о компании соответствует действительности.",reestrs
8395e157-1c72-5f0e-a40b-f52c3e25f81f,7802932240,positive,14,proceeds,"У компании есть выручка за предыдущий год в размере 148936.0 тыс. руб., что свидетельствует о наличии стабильного дохода и успешной деятельности.",finance
8395e157-1c72-5f0e-a40b-f52c3e25f81f,7802932240,positive,15,massOkved,"У компании небольшое количество кодов ОКВЭД, что может указывать на то, что компания сосредоточена на определенных видах деятельности и, вероятно, обладает опытом и специализацией в этих областях.",okved
8395e157-1c72-5f0e-a40b-f52c3e25f81f,7802932240,positive,16,profit,"У компании есть прибыль за предыдущий год в размере 71554.0 тыс. руб., что указывает на эффективное управление затратами и положительные финансовые результаты.",finance
8395e157-1c72-5f0e-a40b-f52c3e25f81f,7802932240,positive,17,currentAssets,"У компании имеются оборотные активы в размере 1444.0 тыс. руб., что обеспечивает достаточную ликвидность для покрытия краткосрочных обязательств и ведения текущей деятельности.",finance
8395e157-1c72-5f0e-a40b-f52c3e25f81f,7802932240,positive,18,uncurrentAssets,"У компании есть внеоборотные активы на сумму 337.0 тыс. руб., что, вероятно, может говорить о стабильном положении и долгосрочных перспективах развития.",finance
5a235d1c-b6d9-510a-a0ee-bafef7217311,7447131126,negative,0,massOkved,"Компания имеет большое количество кодов ОКВЭД, что  может быть связано с попыткой компании охватить как можно больше направлений бизнеса, это может отрицательно сказаться на ее эффективности и надежности.",okved
5a235d1c-b6d9-510a-a0ee-bafef7217311,7447131126,negative,1,arbitrationDefendant,"Есть арбитражные дела, в которых выступает в качестве ответчика, что может указывать на наличие споров с контрагентами или государственными органами. Это может быть признаком нестабильности в деятельности компании и потенциальных финансовых рисков.",arbitr
5a235d1c-b6d9-510a-a0ee-bafef7217311,7447131126,positive,0,fnsBlocking,"Нет блокировок банковских счетов по постановлениям налоговой на текущую дату, что может говорить об отсутствии у компании проблем с налоговыми органами, которые привели бы к блокировке счетов.",reestrs
5a235d1c-b6d9-510a-a0ee-bafef7217311,7447131126,positive,1,relatedCompanies,"У компании есть связанные компании, это позволяет проанализировать не только текущую деятельность контрагента, но и историю связанных с ним организаций. Изучите информацию о связанных компаниях, их деятельности и истории, чтобы получить более полное представление о контрагенте и его надежности.",relatedComp
5a235d1c-b6d9-510a-a0ee-bafef7217311,7447131126,positive,2,executionProceedings,"Нет действующих исполнительных производств, в которых выступает в качестве ответчика, это может указывать на то, что компания своевременно исполняет свои обязательства и не имеет серьезных финансовых проблем.",execproc
5a235d1c-b6d9-510a-a0ee-bafef7217311,7447131126,positive,3,liquidationStatus,"Не найден в реестре организаций проходящих процедуру банкротства, что может свидетельствовать об отсутствии у компании текущих процедур банкротства, что является положительным знаком при оценке ее финансовой устойчивости.",reestrs
5a235d1c-b6d9-510a-a0ee-bafef7217311,7447131126,positive,4,massAuthpersons,"Не найден в реестре организаций с массовым директором или учредителем, вероятно, компания не используется в сомнительных схемах, что повышает доверие к ее деятельности.",manager
5a235d1c-b6d9-510a-a0ee-bafef7217311,7447131126,positive,5,massAddress,"Не найден в реестре организаций с массовым адресом, что может свидетельствовать о достоверности и актуальности данных об адресе юридического лица.",reestrs
5a235d1c-b6d9-510a-a0ee-bafef7217311,7447131126,positive,6,dishonestProvider,"Не найден в реестре организаций недобросовестных поставщиков, что может свидетельствовать об отсутствии у компании негативных историй участия в государственных закупках.",reestrs
5a235d1c-b6d9-510a-a0ee-bafef7217311,7447131126,positive,7,disqualifiedAuthpersons,"Руководитель организации не найден в реестре дисквалифицированных лиц, руководитель компании, вероятно, не имеет ограничений на занятие руководящих должностей и не был дисквалифицирован за нарушения законодательства.",manager
5a235d1c-b6d9-510a-a0ee-bafef7217311,7447131126,positive,8,taxArrears,"Не найден в реестре организаций должников ФНС, что может свидетельствовать об отсутствии задолженности перед налоговыми органами, что является положительным фактором при оценке надежности контрагента.",reestrs
5a235d1c-b6d9-510a-a0ee-bafef7217311,7447131126,positive,9,taxReporting,"Не найден в реестре организаций не сдающих отчётность, компания соблюдает свои обязательства по предоставлению отчетности и, вероятно, ведет бизнес прозрачно.",reestrs
5a235d1c-b6d9-510a-a0ee-bafef7217311,7447131126,positive,10,invalidAddress,"Не найден в реестре организаций с фиктивным адресом, это подтверждает, что компания зарегистрирована по реальному адресу, где фактически осуществляет свою деятельность.",reestrs
5a235d1c-b6d9-510a-a0ee-bafef7217311,7447131126,positive,11,invalidAuthpersonsData,"Не найден в реестре организаций с номинальным руководителем или с меткой о недостоверных данных руководителя, руководитель компании, вероятно, является реальным лицом, управляющим компанией, и информация о нем достоверна.",manager
5a235d1c-b6d9-510a-a0ee-bafef7217311,7447131126,positive,12,invalidRegistrationData,"Не найден в реестре организаций с недостоверными регистрационными данными, что говорит о благонадежности компании, информация о компании соответствует действительности.",reestrs
5a235d1c-b6d9-510a-a0ee-bafef7217311,7447131126,positive,13,proceeds,"У компании есть выручка за предыдущий год в размере 36689.0 тыс. руб., что свидетельствует о наличии стабильного дохода и успешной деятельности.",finance
6f929af5-d493-5bd0-a398-0f547de9937c,7708336868,negative,0,executionProceedings,"Есть действующие исполнительные производства, в которых выступает в качестве ответчика, это может означать, что компания имеет неисполненные обязательства перед кредиторами или государственными органами. Такая информация негативно сказывается на репутации и кредитоспособности лица или организации, поскольку свидетельствует о возможных финансовых трудностях или нежелании выполнять свои обязательства.",execproc
6f929af5-d493-5bd0-a398-0f547de9937c,7708336868,negative,1,massAddress,"Находится в реестре организаций с массовым адресом, что может быть признаком фиктивной регистрации.",reestrs
6f929af5-d493-5bd0-a398-0f547de9937c,7708336868,negative,2,arbitrationDefendant,"Есть арбитражные дела, в которых выступает в качестве ответчика, что может указывать на наличие споров с контрагентами или государственными органами. Это может быть признаком нестабильности в деятельности компании и потенциальных финансовых рисков.",arbitr
6f929af5-d493-5bd0-a398-0f547de9937c,7708336868,positive,0,fnsBlocking,"Нет блокировок банковских счетов по постановлениям налоговой на текущую дату, что может говорить об отсутствии у компании проблем с налоговыми органами, которые привели бы к блокировке счетов.",reestrs
6f929af5-d493-5bd0-a398-0f547de9937c,7708336868,positive,1,liquidationStatus,"Не найден в реестре организаций проходящих процедуру банкротства, что может свидетельствовать об отсутствии у компании текущих процедур банкротства, что является положительным знаком при оценке ее финансовой устойчивости.",reestrs
6f929af5-d493-5bd0-a398-0f547de9937c,7708336868,positive,2,massAuthpersons,"Не найден в реестре организаций с массовым директором или учредителем, вероятно, компания не используется в сомнительных схемах, что повышает доверие к ее деятельности.",manager
6f929af5-d493-5bd0-a398-0f547de9937c,7708336868,positive,3,dishonestProvider,"Не найден в реестре организаций недобросовестных поставщиков, что может свидетельствовать об отсутствии у компании негативных историй участия в государственных закупках.",reestrs
6f929af5-d493-5bd0-a398-0f547de9937c,7708336868,positive,4,disqualifiedAuthpersons,"Руководитель организации не найден в реестре дисквалифицированных лиц, руководитель компании, вероятно, не имеет ограничений на занятие руководящих должностей и не был дисквалифицирован за нарушения законодательства.",manager
6f929af5-d493-5bd0-a398-0f547de9937c,7708336868,positive,5,taxArrears,"Не найден в реестре организаций должников ФНС, что может свидетельствовать об отсутствии задолженности перед налоговыми органами, что является положительным фактором при оценке надежности контрагента.",reestrs
6f929af5-d493-5bd0-a398-0f547de9937c,7708336868,positive,6,taxReporting,"Не найден в реестре организаций не сдающих отчётность, компания соблюдает свои обязательства по предоставлению отчетности и, вероятно, ведет бизнес прозрачно.",reestrs
6f929af5-d493-5bd0-a398-0f547de9937c,7708336868,positive,7,invalidAddress,"Не найден в реестре организаций с фиктивным адресом, это подтверждает, что компания зарегистрирована по реальному адресу, где фактически осуществляет свою деятельность.",reestrs
6f929af5-d493-5bd0-a398-0f547de9937c,7708336868,positive,8,invalidAuthpersonsData,"Не найден в реестре организаций с номинальным руководителем или с меткой о недостоверных данных руководителя, руководитель компании, вероятно, является реальным лицом, управляющим компанией, и информация о нем достоверна.",manager
6f929af5-d493-5bd0-a398-0f547de9937c,7708336868,positive,9,invalidRegistrationData,"Не найден в реестре организаций с недостоверными регистрационными данными, что говорит о благонадежности компании, информация о компании соответствует действительности.",reestrs
6f929af5-d493-5bd0-a398-0f547de9937c,7708336868,positive,10,proceeds,"У компании есть выручка за предыдущий год в размере 386208.0 тыс. руб., что свидетельствует о наличии стабильного дохода и успешной деятельности.",finance
6f929af5-d493-5bd0-a398-0f547de9937c,7708336868,positive,11,massOkved,"У компании небольшое количество кодов ОКВЭД, что может указывать на то, что компания сосредоточена на определенных видах деятельности и, вероятно, обладает опытом и специализацией в этих областях.",okved
d9538cac-826d-541f-b180-a2183b46755f,780216530635,positive,0,fnsBlocking,"Нет блокировок банковских счетов по постановлениям налоговой на текущую дату, что может говорить об отсутствии у компании проблем с налоговыми органами, которые привели бы к блокировке счетов.",reestrs
d9538cac-826d-541f-b180-a2183b46755f,780216530635,positive,1,relatedCompanies,"У компании есть связанные компании, это позволяет проанализировать не только текущую деятельность контрагента, но и историю связанных с ним организаций. Изучите информацию о связанных компаниях, их деятельности и истории, чтобы получить более полное представление о контрагенте и его надежности.",relatedComp
d9538cac-826d-541f-b180-a2183b46755f,780216530635,positive,2,executionProceedings,"Нет действующих исполнительных производств, в которых выступает в качестве ответчика, это может указывать на то, что компания своевременно исполняет свои обязательства и не имеет серьезных финансовых проблем.",execproc
d9538cac-826d-541f-b180-a2183b46755f,780216530635,positive,3,liquidationStatus,"Не найден в реестре организаций проходящих процедуру банкротства, что может свидетельствовать об отсутствии у компании текущих процедур банкротства, что является положительным знаком при оценке ее финансовой устойчивости.",reestrs
d9538cac-826d-541f-b180-a2183b46755f,780216530635,positive,4,massAuthpersons,"Не найден в реестре организаций с массовым директором или учредителем, вероятно, компания не используется в сомнительных схемах, что повышает доверие к ее деятельности.",manager
d9538cac-826d-541f-b180-a2183b46755f,780216530635,positive,5,massAddress,"Не найден в реестре организаций с массовым адресом, что может свидетельствовать о достоверности и актуальности данных об адресе юридического лица.",reestrs
d9538cac-826d-541f-b180-a2183b46755f,780216530635,positive,6,dishonestProvider,"Не найден в реестре организаций недобросовестных поставщиков, что может свидетельствовать об отсутствии у компании негативных историй участия в государственных закупках.",reestrs
d9538cac-826d-541f-b180-a2183b46755f,780216530635,positive,7,disqualifiedAuthpersons,"Руководитель организации не найден в реестре дисквалифицированных лиц, руководитель компании, вероятно, не имеет ограничений на занятие руководящих должностей и не был дисквалифицирован за нарушения законодательства.",manager
d9538cac-826d-541f-b180-a2183b46755f,780216530635,positive,8,аrbitrationDefendant,"Не найдены арбитражные дела, в которых выступает в качестве ответчика, что может свидетельствовать о том, что компания, вероятно, соблюдает свои обязательства и эффективно решает возникающие споры.",arbitr
d9538cac-826d-541f-b180-a2183b46755f,780216530635,positive,9,taxArrears,"Не найден в реестре организаций должников ФНС, что может свидетельствовать об отсутствии задолженности перед налоговыми органами, что является положительным фактором при оценке надежности контрагента.",reestrs
d9538cac-826d-541f-b180-a2183b46755f,780216530635,positive,10,taxReporting,"Не найден в реестре организаций не сдающих отчётность, компания соблюдает свои обязательства по предоставлению отчетности и, вероятно, ведет бизнес прозрачно.",reestrs
d9538cac-826d-541f-b180-a2183b46755f,780216530635,positive,11,invalidAddress,"Не найден в реестре организаций с фиктивным адресом, это подтверждает, что компания зарегистрирована по реальному адресу, где фактически осуществляет свою деятельность.",reestrs
d9538cac-826d-541f-b180-a2183b46755f,780216530635,positive,12,invalidAuthpersonsData,"Не найден в реестре организаций с номинальным руководителем или с меткой о недостоверных данных руководителя, руководитель компании, вероятно, является реальным лицом, управляющим компанией, и информация о нем достоверна.",manager
d9538cac-826d-541f-b180-a2183b46755f,780216530635,positive,13,invalidRegistrationData,"Не найден в реестре организаций с недостоверными регистрационными данными, что говорит о благонадежности компании, информация о компании соответствует действительности.",reestrs
d9538cac-826d-541f-b180-a2183b46755f,780216530635,positive,14,massOkved,"У компании небольшое количество кодов ОКВЭД, что может указывать на то, что компания сосредоточена на определенных видах деятельности и, вероятно, обладает опытом и специализацией в этих областях.",okved
a09f6d9e-1a00-5a1d-baa8-435a2e833eb2,7720966601,negative,0,massAuthpersons,"Находится в реестре организаций с массовым директором или учредителем, проведите дополнительную проверку контрагента и уточните информацию о его деятельности и связях с другими компаниями.",manager
a09f6d9e-1a00-5a1d-baa8-435a2e833eb2,7720966601,positive,0,fnsBlocking,"Нет блокировок банковских счетов по постановлениям налоговой на текущую дату, что может говорить об отсутствии у компании проблем с налоговыми органами, которые привели бы к блокировке счетов.",reestrs
a09f6d9e-1a00-5a1d-baa8-435a2e833eb2,7720966601,positive,1,relatedCompanies,"У компании есть связанные компании, это позволяет проанализировать не только текущую деятельность контрагента, но и историю связанных с ним организаций. Изучите информацию о связанных компаниях, их деятельности и истории, чтобы получить более полное представление о контрагенте и его надежности.",relatedComp
a09f6d9e-1a00-5a1d-baa8-435a2e833eb2,7720966601,positive,2,executionProceedings,"Нет действующих исполнительных производств, в которых выступает в качестве ответчика, это может указывать на то, что компания своевременно исполняет свои обязательства и не имеет серьезных финансовых проблем.",execproc
a09f6d9e-1a00-5a1d-baa8-435a2e833eb2,7720966601,positive,3,liquidationStatus,"Не найден в реестре организаций проходящих процедуру банкротства, что может свидетельствовать об отсутствии у компании текущих процедур банкротства, что является положительным знаком при оценке ее финансовой устойчивости.",reestrs
a09f6d9e-1a00-5a1d-baa8-435a2e833eb2,7720966601,positive,4,massAddress,"Не найден в реестре организаций с массовым адресом, что может свидетельствовать о достоверности и актуальности данных об адресе юридического лица.",reestrs
a09f6d9e-1a00-5a1d-baa8-435a2e833eb2,7720966601,positive,5,dishonestProvider,"Не найден в реестре организаций недобросовестных поставщиков, что может свидетельствовать об отсутствии у компании негативных историй участия в государственных закупках.",reestrs
a09f6d9e-1a00-5a1d-baa8-435a2e833eb2,7720966601,positive,6,disqualifiedAuthpersons,"Руководитель организации не найден в реестре дисквалифицированных лиц, руководитель компании, вероятно, не имеет ограничений на занятие руководящих должностей и не был дисквалифицирован за нарушения законодательства.",manager
a09f6d9e-1a00-5a1d-baa8-435a2e833eb2,7720966601,positive,7,аrbitrationDefendant,"Не найдены арбитражные дела, в которых выступает в качестве ответчика, что может свидетельствовать о том, что компания, вероятно, соблюдает свои обязательства и эффективно решает возникающие споры.",arbitr
a09f6d9e-1a00-5a1d-baa8-435a2e833eb2,7720966601,positive,8,taxArrears,"Не найден в реестре организаций должников ФНС, что может свидетельствовать об отсутствии задолженности перед налоговыми органами, что является положительным фактором при оценке надежности контрагента.",reestrs
a09f6d9e-1a00-5a1d-baa8-435a2e833eb2,7720966601,positive,9,taxReporting,"Не найден в реестре организаций не сдающих отчётность, компания соблюдает свои обязательства по предоставлению отчетности и, вероятно, ведет бизнес прозрачно.",reestrs
a09f6d9e-1a00-5a1d-baa8-435a2e833eb2,7720966601,positive,10,invalidAddress,"Не найден в реестре организаций с фиктивным адресом, это подтверждает, что компания зарегистрирована по реальному адресу, где фактически осуществляет свою деятельность.",reestrs
a09f6d9e-1a00-5a1d-baa8-435a2e833eb2,7720966601,positive,11,invalidAuthpersonsData,"Не найден в реестре организаций с номинальным руководителем или с меткой о недостоверных данных руководителя, руководитель компании, вероятно, является реальным лицом, управляющим компанией, и информация о нем достоверна.",manager
a09f6d9e-1a00-5a1d-baa8-435a2e833eb2,7720966601,positive,12,invalidRegistrationData,"Не найден в реестре организаций с недостоверными регистрационными данными, что говорит о благонадежности компании, информация о компании соответствует действительности.",reestrs
a09f6d9e-1a00-5a1d-baa8-435a2e833eb2,7720966601,positive,13,massOkved,"У компании небольшое количество кодов ОКВЭД, что может указывать на то, что компания сосредоточена на определенных видах деятельности и, вероятно, обладает опытом и специализацией в этих областях.",okved
a9c39e61-4d78-5901-92a4-6677b508cbaa,2312263270,negative,0,executionProceedings,"Есть действующие исполнительные производства, в которых выступает в качестве ответчика, это может означать, что компания имеет неисполненные обязательства перед кредиторами или государственными органами. Такая информация негативно сказывается на репутации и кредитоспособности лица или организации, поскольку свидетельствует о возможных финансовых трудностях или нежелании выполнять свои обязательства.",execproc
a9c39e61-4d78-5901-92a4-6677b508cbaa,2312263270,negative,1,massOkved,"Компания имеет большое количество кодов ОКВЭД, что  может быть связано с попыткой компании охватить как можно больше направлений бизнеса, это может отрицательно сказаться на ее эффективности и надежности.",okved
a9c39e61-4d78-5901-92a4-6677b508cbaa,2312263270,positive,0,fnsBlocking,"Нет блокировок банковских счетов по постановлениям налоговой на текущую дату, что может говорить об отсутствии у компании проблем с налоговыми органами, которые привели бы к блокировке счетов.",reestrs
a9c39e61-4d78-5901-92a4-6677b508cbaa,2312263270,positive,1,liquidationStatus,"Не найден в реестре организаций проходящих процедуру банкротства, что может свидетельствовать об отсутствии у компании текущих процедур банкротства, что является положительным знаком при оценке ее финансовой устойчивости.",reestrs
a9c39e61-4d78-5901-92a4-6677b508cbaa,2312263270,positive,2,massAuthpersons,"Не найден в реестре организаций с массовым директором или учредителем, вероятно, компания не используется в сомнительных схемах, что повышает доверие к ее деятельности.",manager
a9c39e61-4d78-5901-92a4-6677b508cbaa,2312263270,positive,3,massAddress,"Не найден в реестре организаций с массовым адресом, что может свидетельствовать о достоверности и актуальности данных об адресе юридического лица.",reestrs
a9c39e61-4d78-5901-92a4-6677b508cbaa,2312263270,positive,4,dishonestProvider,"Не найден в реестре организаций недобросовестных поставщиков, что может свидетельствовать об отсутствии у компании негативных историй участия в государственных закупках.",reestrs
a9c39e61-4d78-5901-92a4-6677b508cbaa,2312263270,positive,5,disqualifiedAuthpersons,"Руководитель организации не найден в реестре дисквалифицированных лиц, руководитель компании, вероятно, не имеет ограничений на занятие руководящих должностей и не был дисквалифицирован за нарушения законодательства.",manager
a9c39e61-4d78-5901-92a4-6677b508cbaa,2312263270,positive,6,аrbitrationDefendant,"Не найдены арбитражные дела, в которых выступает в качестве ответчика, что может свидетельствовать о том, что компания, вероятно, соблюдает свои обязательства и эффективно решает возникающие споры.",arbitr
a9c39e61-4d78-5901-92a4-6677b508cbaa,2312263270,positive,7,taxArrears,"Не найден в реестре организаций должников ФНС, что может свидетельствовать об отсутствии задолженности перед налоговыми органами, что является положительным фактором при оценке надежности контрагента.",reestrs
a9c39e61-4d78-5901-92a4-6677b508cbaa,2312263270,positive,8,taxReporting,"Не найден в реестре организаций не сдающих отчётность, компания соблюдает свои обязательства по предоставлению отчетности и, вероятно, ведет бизнес прозрачно.",reestrs
a9c39e61-4d78-5901-92a4-6677b508cbaa,2312263270,positive,9,invalidAddress,"Не найден в реестре организаций с фиктивным адресом, это подтверждает, что компания зарегистрирована по реальному адресу, где фактически осуществляет свою деятельность.",reestrs
a9c39e61-4d78-5901-92a4-6677b508cbaa,2312263270,positive,10,invalidAuthpersonsData,"Не найден в реестре организаций с номинальным руководителем или с меткой о недостоверных данных руководителя, руководитель компании, вероятно, является реальным лицом, управляющим компанией, и информация о нем достоверна.",manager
a9c39e61-4d78-5901-92a4-6677b508cbaa,2312263270,positive,11,invalidRegistrationData,"Не найден в реестре организаций с недостоверными регистрационными данными, что говорит о благонадежности компании, информация о компании соответствует действительности.",reestrs
a9c39e61-4d78-5901-92a4-6677b508cbaa,2312263270,positive,12,proceeds,"У компании есть выручка за предыдущий год в размере 37944.0 тыс. руб., что свидетельствует о наличии стабильного дохода и успешной деятельности.",finance
a9c39e61-4d78-5901-92a4-6677b508cbaa,2312263270,positive,13,webSite,"У компании есть сайт, что может свидетельствовать о том, что компания заинтересована в прозрачности своего бизнеса и стремится предоставить информацию о себе клиентам и партнерам. Сайт компании может содержать полезную информацию о ее деятельности, продуктах или услугах, контактах и т.д. Вы можете подробнее изучить информацию об услугах компании по указанной ссылке.",site
334c2f85-10b5-5f87-b5e0-58c5c196a5bc,6732241319,positive,0,fnsBlocking,"Нет блокировок банковских счетов по постановлениям налоговой на текущую дату, что может говорить об отсутствии у компании проблем с налоговыми органами, которые привели бы к блокировке счетов.",reestrs
334c2f85-10b5-5f87-b5e0-58c5c196a5bc,6732241319,positive,1,executionProceedings,"Нет действующих исполнительных производств, в которых выступает в качестве ответчика, это может указывать на то, что компания своевременно исполняет свои обязательства и не имеет серьезных финансовых проблем.",execproc
334c2f85-10b5-5f87-b5e0-58c5c196a5bc,6732241319,positive,2,liquidationStatus,"Не найден в реестре организаций проходящих процедуру банкротства, что может свидетельствовать об отсутствии у компании текущих процедур банкротства, что является положительным знаком при оценке ее финансовой устойчивости.",reestrs
334c2f85-10b5-5f87-b5e0-58c5c196a5bc,6732241319,positive,3,massAuthpersons,"Не найден в реестре организаций с массовым директором или учредителем, вероятно, компания не используется в сомнительных схемах, что повышает доверие к ее деятельности.",manager
334c2f85-10b5-5f87-b5e0-58c5c196a5bc,6732241319,positive,4,massAddress,"Не найден в реестре организаций с массовым адресом, что может свидетельствовать о достоверности и актуальности данных об адресе юридического лица.",reestrs
334c2f85-10b5-5f87-b5e0-58c5c196a5bc,6732241319,positive,5,dishonestProvider,"Не найден в реестре организаций недобросовестных поставщиков, что может свидетельствовать об отсутствии у компании негативных историй участия в государственных закупках.",reestrs
334c2f85-10b5-5f87-b5e0-58c5c196a5bc,6732241319,positive,6,disqualifiedAuthpersons,"Руководитель организации не найден в реестре дисквалифицированных лиц, руководитель компании, вероятно, не имеет ограничений на занятие руководящих должностей и не был дисквалифицирован за нарушения законодательства.",manager
334c2f85-10b5-5f87-b5e0-58c5c196a5bc,6732241319,positive,7,аrbitrationDefendant,"Не найдены арбитражные дела, в которых выступает в качестве ответчика, что может свидетельствовать о том, что компания, вероятно, соблюдает свои обязательства и эффективно решает возникающие споры.",arbitr
334c2f85-10b5-5f87-b5e0-58c5c196a5bc,6732241319,positive,8,taxArrears,"Не найден в реестре организаций должников ФНС, что может свидетельствовать об отсутствии задолженности перед налоговыми органами, что является положительным фактором при оценке надежности контрагента.",reestrs
334c2f85-10b5-5f87-b5e0-58c5c196a5bc,6732241319,positive,9,taxReporting,"Не найден в реестре организаций не сдающих отчётность, компания соблюдает свои обязательства по предоставлению отчетности и, вероятно, ведет бизнес прозрачно.",reestrs
334c2f85-10b5-5f87-b5e0-58c5c196a5bc,6732241319,positive,10,invalidAddress,"Не найден в реестре организаций с фиктивным адресом, это подтверждает, что компания зарегистрирована по реальному адресу, где фактически осуществляет свою деятельность.",reestrs
334c2f85-10b5-5f87-b5e0-58c5c196a5bc,6732241319,positive,11,invalidAuthpersonsData,"Не найден в реестре организаций с номинальным руководителем или с меткой о недостоверных данных руководителя, руководитель компании, вероятно, является реальным лицом, управляющим компанией, и информация о нем достоверна.",manager
334c2f85-10b5-5f87-b5e0-58c5c196a5bc,6732241319,positive,12,invalidRegistrationData,"Не найден в реестре организаций с недостоверными регистрационными данными, что говорит о благонадежности компании, информация о компании соответствует действительности.",reestrs
334c2f85-10b5-5f87-b5e0-58c5c196a5bc,6732241319,positive,13,proceeds,"У компании есть выручка за предыдущий год в размере 64548.0 тыс. руб., что свидетельствует о наличии стабильного дохода и успешной деятельности.",finance
334c2f85-10b5-5f87-b5e0-58c5c196a5bc,6732241319,positive,14,massOkved,"У компании небольшое количество кодов ОКВЭД, что может указывать на то, что компания сосредоточена на определенных видах деятельности и, вероятно, обладает опытом и специализацией в этих областях.",okved
334c2f85-10b5-5f87-b5e0-58c5c196a5bc,6732241319,positive,15,profit,"У компании есть прибыль за предыдущий год в размере 1103.0 тыс. руб., что указывает на эффективное управление затратами и положительные финансовые результаты.",finance
334c2f85-10b5-5f87-b5e0-58c5c196a5bc,6732241319,positive,16,currentAssets,"У компании имеются оборотные активы в размере 84283.0 тыс. руб., что обеспечивает достаточную ликвидность для покрытия краткосрочных обязательств и ведения текущей деятельности.",finance
334c2f85-10b5-5f87-b5e0-58c5c196a5bc,6732241319,positive,17,uncurrentAssets,"У компании есть внеоборотные активы на сумму 455.0 тыс. руб., что, вероятно, может говорить о стабильном положении и долгосрочных перспективах развития.",finance
7fd0078b-f569-519c-8208-68556bfa3ce2,7714729497,negative,0,massOkved,"Компания имеет большое количество кодов ОКВЭД, что  может быть связано с попыткой компании охватить как можно больше направлений бизнеса, это может отрицательно сказаться на ее эффективности и надежности.",okved
7fd0078b-f569-519c-8208-68556bfa3ce2,7714729497,positive,0,fnsBlocking,"Нет блокировок банковских счетов по постановлениям налоговой на текущую дату, что может говорить об отсутствии у компании проблем с налоговыми органами, которые привели бы к блокировке счетов.",reestrs
7fd0078b-f569-519c-8208-68556bfa3ce2,7714729497,positive,1,relatedCompanies,"У компании есть связанные компании, это позволяет проанализировать не только текущую деятельность контрагента, но и историю связанных с ним организаций. Изучите информацию о связанных компаниях, их деятельности и истории, чтобы получить более полное представление о контрагенте и его надежности.",relatedComp
7fd0078b-f569-519c-8208-68556bfa3ce2,7714729497,positive,2,executionProceedings,"Нет действующих исполнительных производств, в которых выступает в качестве ответчика, это может указывать на то, что компания своевременно исполняет свои обязательства и не имеет серьезных финансовых проблем.",execproc
7fd0078b-f569-519c-8208-68556bfa3ce2,7714729497,positive,3,liquidationStatus,"Не найден в реестре организаций проходящих процедуру банкротства, что может свидетельствовать об отсутствии у компании текущих процедур банкротства, что является положительным знаком при оценке ее финансовой устойчивости.",reestrs
7fd0078b-f569-519c-8208-68556bfa3ce2,7714729497,positive,4,massAuthpersons,"Не найден в реестре организаций с массовым директором или учредителем, вероятно, компания не используется в сомнительных схемах, что повышает доверие к ее деятельности.",manager
7fd0078b-f569-519c-8208-68556bfa3ce2,7714729497,positive,5,massAddress,"Не найден в реестре организаций с массовым адресом, что может свидетельствовать о достоверности и актуальности данных об адресе юридического лица.",reestrs
7fd0078b-f569-519c-8208-68556bfa3ce2,7714729497,positive,6,dishonestProvider,"Не найден в реестре организаций недобросовестных поставщиков, что может свидетельствовать об отсутствии у компании негативных историй участия в государственных закупках.",reestrs
7fd0078b-f569-519c-8208-68556bfa3ce2,7714729497,positive,7,disqualifiedAuthpersons,"Руководитель организации не найден в реестре дисквалифицированных лиц, руководитель компании, вероятно, не имеет ограничений на занятие руководящих должностей и не был дисквалифицирован за нарушения законодательства.",manager
7fd0078b-f569-519c-8208-68556bfa3ce2,7714729497,positive,8,аrbitrationDefendant,"Не найдены арбитражные дела, в которых выступает в качестве ответчика, что может свидетельствовать о том, что компания, вероятно, соблюдает свои обязательства и эффективно решает возникающие споры.",arbitr
7fd0078b-f569-519c-8208-68556bfa3ce2,7714729497,positive,9,taxArrears,"Не найден в реестре организаций должников ФНС, что может свидетельствовать об отсутствии задолженности перед налоговыми органами, что является положительным фактором при оценке надежности контрагента.",reestrs
7fd0078b-f569-519c-8208-68556bfa3ce2,7714729497,positive,10,taxReporting,"Не найден в реестре организаций не сдающих отчётность, компания соблюдает свои обязательства по предоставлению отчетности и, вероятно, ведет бизнес прозрачно.",reestrs
7fd0078b-f569-519c-8208-68556bfa3ce2,7714729497,positive,11,invalidAddress,"Не найден в реестре организаций с фиктивным адресом, это подтверждает, что компания зарегистрирована по реальному адресу, где фактически осуществляет свою деятельность.",reestrs
7fd0078b-f569-519c-8208-68556bfa3ce2,7714729497,positive,12,invalidAuthpersonsData,"Не найден в реестре организаций с номинальным руководителем или с меткой о недостоверных данных руководителя, руководитель компании, вероятно, является реальным лицом, управляющим компанией, и информация о нем достоверна.",manager
7fd0078b-f569-519c-8208-68556bfa3ce2,7714729497,positive,13,invalidRegistrationData,"Не найден в реестре организаций с недостоверными регистрационными данными, что говорит о благонадежности компании, информация о компании соответствует действительности.",reestrs
7fd0078b-f569-519c-8208-68556bfa3ce2,7714729497,positive,14,licenses,"У компании есть действующие лицензии - компания имеет право осуществлять определенные виды деятельности, требующие специального разрешения. Это может свидетельствовать о компетентности и надежности компании.",license
7fd0078b-f569-519c-8208-68556bfa3ce2,7714729497,positive,15,proceeds,"У компании есть выручка за предыдущий год в размере 101875.0 тыс. руб., что свидетельствует о наличии стабильного дохода и успешной деятельности.",finance
7fd0078b-f569-519c-8208-68556bfa3ce2,7714729497,positive,16,profit,"У компании есть прибыль за предыдущий год в размере 10128.0 тыс. руб., что указывает на эффективное управление затратами и положительные финансовые результаты.",finance
7fd0078b-f569-519c-8208-68556bfa3ce2,7714729497,positive,17,currentAssets,"У компании имеются оборотные активы в размере 9003.0 тыс. руб., что обеспечивает достаточную ликвидность для покрытия краткосрочных обязательств и ведения текущей деятельности.",finance
7fd0078b-f569-519c-8208-68556bfa3ce2,7714729497,positive,18,uncurrentAssets,"У компании есть внеоборотные активы на сумму 12881.0 тыс. руб., что, вероятно, может говорить о стабильном положении и долгосрочных перспективах развития.",finance
b617de18-d9c4-5b59-bf06-9b809f53f7dd,3664234989,negative,0,arbitrationDefendant,"Есть арбитражные дела, в которых выступает в качестве ответчика, что может указывать на наличие споров с контрагентами или государственными органами. Это может быть признаком нестабильности в деятельности компании и потенциальных финансовых рисков.",arbitr
b617de18-d9c4-5b59-bf06-9b809f53f7dd,3664234989,positive,0,fnsBlocking,"Нет блокировок банковских счетов по постановлениям налоговой на текущую дату, что может говорить об отсутствии у компании проблем с налоговыми органами, которые привели бы к блокировке счетов.",reestrs
b617de18-d9c4-5b59-bf06-9b809f53f7dd,3664234989,positive,1,relatedCompanies,"У компании есть связанные компании, это позволяет проанализировать не только текущую деятельность контрагента, но и историю связанных с ним организаций. Изучите информацию о связанных компаниях, их деятельности и истории, чтобы получить более полное представление о контрагенте и его надежности.",relatedComp
b617de18-d9c4-5b59-bf06-9b809f53f7dd,3664234989,positive,2,executionProceedings,"Нет действующих исполнительных производств, в которых выступает в качестве ответчика, это может указывать на то, что компания своевременно исполняет свои обязательства и не имеет серьезных финансовых проблем.",execproc
b617de18-d9c4-5b59-bf06-9b809f53f7dd,3664234989,positive,3,liquidationStatus,"Не найден в реестре организаций проходящих процедуру банкротства, что может свидетельствовать об отсутствии у компании текущих процедур банкротства, что является положительным знаком при оценке ее финансовой устойчивости.",reestrs
b617de18-d9c4-5b59-bf06-9b809f53f7dd,3664234989,positive,4,massAuthpersons,"Не найден в реестре организаций с массовым директором или учредителем, вероятно, компания не используется в сомнительных схемах, что повышает доверие к ее деятельности.",manager
b617de18-d9c4-5b59-bf06-9b809f53f7dd,3664234989,positive,5,massAddress,"Не найден в реестре организаций с массовым адресом, что может свидетельствовать о достоверности и актуальности данных об адресе юридического лица.",reestrs
b617de18-d9c4-5b59-bf06-9b809f53f7dd,3664234989,positive,6,dishonestProvider,"Не найден в реестре организаций недобросовестных поставщиков, что может свидетельствовать об отсутствии у компании негативных историй участия в государственных закупках.",reestrs
b617de18-d9c4-5b59-bf06-9b809f53f7dd,3664234989,positive,7,disqualifiedAuthpersons,"Руководитель организации не найден в реестре дисквалифицированных лиц, руководитель компании, вероятно, не имеет ограничений на занятие руководящих должностей и не был дисквалифицирован за нарушения законодательства.",manager
b617de18-d9c4-5b59-bf06-9b809f53f7dd,3664234989,positive,8,taxArrears,"Не найден в реестре организаций должников ФНС, что может свидетельствовать об отсутствии задолженности перед налоговыми органами, что является положительным фактором при оценке надежности контрагента.",reestrs
b617de18-d9c4-5b59-bf06-9b809f53f7dd,3664234989,positive,9,taxReporting,"Не найден в реестре организаций не сдающих отчётность, компания соблюдает свои обязательства по предоставлению отчетности и, вероятно, ведет бизнес прозрачно.",reestrs
b617de18-d9c4-5b59-bf06-9b809f53f7dd,3664234989,positive,10,invalidAddress,"Не найден в реестре организаций с фиктивным адресом, это подтверждает, что компания зарегистрирована по реальному адресу, где фактически осуществляет свою деятельность.",reestrs
b617de18-d9c4-5b59-bf06-9b809f53f7dd,3664234989,positive,11,invalidAuthpersonsData,"Не найден в реестре организаций с номинальным руководителем или с меткой о недостоверных данных руководителя, руководитель компании, вероятно, является реальным лицом, управляющим компанией, и информация о нем достоверна.",manager
b617de18-d9c4-5b59-bf06-9b809f53f7dd,3664234989,positive,12,invalidRegistrationData,"Не найден в реестре организаций с недостоверными регистрационными данными, что говорит о благонадежности компании, информация о компании соответствует действительности.",reestrs
b617de18-d9c4-5b59-bf06-9b809f53f7dd,3664234989,positive,13,proceeds,"У компании есть выручка за предыдущий год в размере 15276.0 тыс. руб., что свидетельствует о наличии стабильного дохода и успешной деятельности.",finance
b617de18-d9c4-5b59-bf06-9b809f53f7dd,3664234989,positive,14,massOkved,"У компании небольшое количество кодов ОКВЭД, что может указывать на то, что компания сосредоточена на определенных видах деятельности и, вероятно, обладает опытом и специализацией в этих областях.",okved
8b05ea33-54b4-5bb7-a6fc-6c2a86b0daf3,1327036448,positive,0,fnsBlocking,"Нет блокировок банковских счетов по постановлениям налоговой на текущую дату, что может говорить об отсутствии у компании проблем с налоговыми органами, которые привели бы к блокировке счетов.",reestrs
8b05ea33-54b4-5bb7-a6fc-6c2a86b0daf3,1327036448,positive,1,relatedCompanies,"У компании есть связанные компании, это позволяет проанализировать не только текущую деятельность контрагента, но и историю связанных с ним организаций. Изучите информацию о связанных компаниях, их деятельности и истории, чтобы получить более полное представление о контрагенте и его надежности.",relatedComp
8b05ea33-54b4-5bb7-a6fc-6c2a86b0daf3,1327036448,positive,2,executionProceedings,"Нет действующих исполнительных производств, в которых выступает в качестве ответчика, это может указывать на то, что компания своевременно исполняет свои обязательства и не имеет серьезных финансовых проблем.",execproc
8b05ea33-54b4-5bb7-a6fc-6c2a86b0daf3,1327036448,positive,3,liquidationStatus,"Не найден в реестре организаций проходящих процедуру банкротства, что может свидетельствовать об отсутствии у компании текущих процедур банкротства, что является положительным знаком при оценке ее финансовой устойчивости.",reestrs
8b05ea33-54b4-5bb7-a6fc-6c2a86b0daf3,1327036448,positive,4,massAuthpersons,"Не найден в реестре организаций с массовым директором или учредителем, вероятно, компания не используется в сомнительных схемах, что повышает доверие к ее деятельности.",manager
8b05ea33-54b4-5bb7-a6fc-6c2a86b0daf3,1327036448,positive,5,massAddress,"Не найден в реестре организаций с массовым адресом, что может свидетельствовать о достоверности и актуальности данных об адресе юридического лица.",reestrs
8b05ea33-54b4-5bb7-a6fc-6c2a86b0daf3,1327036448,positive,6,dishonestProvider,"Не найден в реестре организаций недобросовестных поставщиков, что может свидетельствовать об отсутствии у компании негативных историй участия в государственных закупках.",reestrs
8b05ea33-54b4-5bb7-a6fc-6c2a86b0daf3,1327036448,positive,7,disqualifiedAuthpersons,"Руководитель организации не найден в реестре дисквалифицированных лиц, руководитель компании, вероятно, не имеет ограничений на занятие руководящих должностей и не был дисквалифицирован за нарушения законодательства.",manager
8b05ea33-54b4-5bb7-a6fc-6c2a86b0daf3,1327036448,positive,8,аrbitrationDefendant,"Не найдены арбитражные дела, в которых выступает в качестве ответчика, что может свидетельствовать о том, что компания, вероятно, соблюдает свои обязательства и эффективно решает возникающие споры.",arbitr
8b05ea33-54b4-5bb7-a6fc-6c2a86b0daf3,1327036448,positive,9,taxArrears,"Не найден в реестре организаций должников ФНС, что может свидетельствовать об отсутствии задолженности перед налоговыми органами, что является положительным фактором при оценке надежности контрагента.",reestrs
8b05ea33-54b4-5bb7-a6fc-6c2a86b0daf3,1327036448,positive,10,taxReporting,"Не найден в реестре организаций не сдающих отчётность, компания соблюдает свои обязательства по предоставлению отчетности и, вероятно, ведет бизнес прозрачно.",reestrs
8b05ea33-54b4-5bb7-a6fc-6c2a86b0daf3,1327036448,positive,11,invalidAddress,"Не найден в реестре организаций с фиктивным адресом, это подтверждает, что компания зарегистрирована по реальному адресу, где фактически осуществляет свою деятельность.",reestrs
8b05ea33-54b4-5bb7-a6fc-6c2a86b0daf3,1327036448,positive,12,invalidAuthpersonsData,"Не найден в реестре организаций с номинальным руководителем или с меткой о недостоверных данных руководителя, руководитель компании, вероятно, является реальным лицом, управляющим компанией, и информация о нем достоверна.",manager
8b05ea33-54b4-5bb7-a6fc-6c2a86b0daf3,1327036448,positive,13,invalidRegistrationData,"Не найден в реестре организаций с недостоверными регистрационными данными, что говорит о благонадежности компании, информация о компании соответствует действительности.",reestrs
8b05ea33-54b4-5bb7-a6fc-6c2a86b0daf3,1327036448,positive,14,proceeds,"У компании есть выручка за предыдущий год в размере 292940.0 тыс. руб., что свидетельствует о наличии стабильного дохода и успешной деятельности.",finance
8b05ea33-54b4-5bb7-a6fc-6c2a86b0daf3,1327036448,positive,15,massOkved,"У компании небольшое количество кодов ОКВЭД, что может указывать на то, что компания сосредоточена на определенных видах деятельности и, вероятно, обладает опытом и специализацией в этих областях.",okved
b8c6a055-8412-5f43-96ca-5866daadf6f1,771965001547,positive,0,fnsBlocking,"Нет блокировок банковских счетов по постановлениям налоговой на текущую дату, что может говорить об отсутствии у компании проблем с налоговыми органами, которые привели бы к блокировке счетов.",reestrs
b8c6a055-8412-5f43-96ca-5866daadf6f1,771965001547,positive,1,executionProceedings,"Нет действующих исполнительных производств, в которых выступает в качестве ответчика, это может указывать на то, что компания своевременно исполняет свои обязательства и не имеет серьезных финансовых проблем.",execproc
b8c6a055-8412-5f43-96ca-5866daadf6f1,771965001547,positive,2,liquidationStatus,"Не найден в реестре организаций проходящих процедуру банкротства, что может свидетельствовать об отсутствии у компании текущих процедур банкротства, что является положительным знаком при оценке ее финансовой устойчивости.",reestrs
b8c6a055-8412-5f43-96ca-5866daadf6f1,771965001547,positive,3,massAuthpersons,"Не найден в реестре организаций с массовым директором или учредителем, вероятно, компания не используется в сомнительных схемах, что повышает доверие к ее деятельности.",manager
b8c6a055-8412-5f43-96ca-5866daadf6f1,771965001547,positive,4,massAddress,"Не найден в реестре организаций с массовым адресом, что может свидетельствовать о достоверности и актуальности данных об адресе юридического лица.",reestrs
b8c6a055-8412-5f43-96ca-5866daadf6f1,771965001547,positive,5,dishonestProvider,"Не найден в реестре организаций недобросовестных поставщиков, что может свидетельствовать об отсутствии у компании негативных историй участия в государственных закупках.",reestrs
b8c6a055-8412-5f43-96ca-5866daadf6f1,771965001547,positive,6,disqualifiedAuthpersons,"Руководитель организации не найден в реестре дисквалифицированных лиц, руководитель компании, вероятно, не имеет ограничений на занятие руководящих должностей и не был дисквалифицирован за нарушения законодательства.",manager
b8c6a055-8412-5f43-96ca-5866daadf6f1,771965001547,positive,7,аrbitrationDefendant,"Не найдены арбитражные дела, в которых выступает в качестве ответчика, что может свидетельствовать о том, что компания, вероятно, соблюдает свои обязательства и эффективно решает возникающие споры.",arbitr
b8c6a055-8412-5f43-96ca-5866daadf6f1,771965001547,positive,8,taxArrears,"Не найден в реестре организаций должников ФНС, что может свидетельствовать об отсутствии задолженности перед налоговыми органами, что является положительным фактором при оценке надежности контрагента.",reestrs
b8c6a055-8412-5f43-96ca-5866daadf6f1,771965001547,positive,9,taxReporting,"Не найден в реестре организаций не сдающих отчётность, компания соблюдает свои обязательства по предоставлению отчетности и, вероятно, ведет бизнес прозрачно.",reestrs
b8c6a055-8412-5f43-96ca-5866daadf6f1,771965001547,positive,10,invalidAddress,"Не найден в реестре организаций с фиктивным адресом, это подтверждает, что компания зарегистрирована по реальному адресу, где фактически осуществляет свою деятельность.",reestrs
b8c6a055-8412-5f43-96ca-5866daadf6f1,771965001547,positive,11,invalidAuthpersonsData,"Не найден в реестре организаций с номинальным руководителем или с меткой о недостоверных данных руководителя, руководитель компании, вероятно, является реальным лицом, управляющим компанией, и информация о нем достоверна.",manager
b8c6a055-8412-5f43-96ca-5866daadf6f1,771965001547,positive,12,invalidRegistrationData,"Не найден в реестре организаций с недостоверными регистрационными данными, что говорит о благонадежности компании, информация о компании соответствует действительности.",reestrs
b8c6a055-8412-5f43-96ca-5866daadf6f1,771965001547,positive,13,massOkved,"У компании небольшое количество кодов ОКВЭД, что может указывать на то, что компания сосредоточена на определенных видах деятельности и, вероятно, обладает опытом и специализацией в этих областях.",okved
e6fa7bf3-b4a3-5b59-b0bd-9e66a928131f,6164137887,negative,0,massOkved,"Компания имеет большое количество кодов ОКВЭД, что  может быть связано с попыткой компании охватить как можно больше направлений бизнеса, это может отрицательно сказаться на ее эффективности и надежности.",okved
e6fa7bf3-b4a3-5b59-b0bd-9e66a928131f,6164137887,negative,1,arbitrationDefendant,"Есть арбитражные дела, в которых выступает в качестве ответчика, что может указывать на наличие споров с контрагентами или государственными органами. Это может быть признаком нестабильности в деятельности компании и потенциальных финансовых рисков.",arbitr
e6fa7bf3-b4a3-5b59-b0bd-9e66a928131f,6164137887,positive,0,fnsBlocking,"Нет блокировок банковских счетов по постановлениям налоговой на текущую дату, что может говорить об отсутствии у компании проблем с налоговыми органами, которые привели бы к блокировке счетов.",reestrs
e6fa7bf3-b4a3-5b59-b0bd-9e66a928131f,6164137887,positive,1,relatedCompanies,"У компании есть связанные компании, это позволяет проанализировать не только текущую деятельность контрагента, но и историю связанных с ним организаций. Изучите информацию о связанных компаниях, их деятельности и истории, чтобы получить более полное представление о контрагенте и его надежности.",relatedComp
e6fa7bf3-b4a3-5b59-b0bd-9e66a928131f,6164137887,positive,2,executionProceedings,"Нет действующих исполнительных производств, в которых выступает в качестве ответчика, это может указывать на то, что компания своевременно исполняет свои обязательства и не имеет серьезных финансовых проблем.",execproc
e6fa7bf3-b4a3-5b59-b0bd-9e66a928131f,6164137887,positive,3,liquidationStatus,"Не найден в реестре организаций проходящих процедуру банкротства, что может свидетельствовать об отсутствии у компании текущих процедур банкротства, что является положительным знаком при оценке ее финансовой устойчивости.",reestrs
e6fa7bf3-b4a3-5b59-b0bd-9e66a928131f,6164137887,positive,4,massAuthpersons,"Не найден в реестре организаций с массовым директором или учредителем, вероятно, компания не используется в сомнительных схемах, что повышает доверие к ее деятельности.",manager
e6fa7bf3-b4a3-5b59-b0bd-9e66a928131f,6164137887,positive,5,massAddress,"Не найден в реестре организаций с массовым адресом, что может свидетельствовать о достоверности и актуальности данных об адресе юридического лица.",reestrs
e6fa7bf3-b4a3-5b59-b0bd-9e66a928131f,6164137887,positive,6,dishonestProvider,"Не найден в реестре организаций недобросовестных поставщиков, что может свидетельствовать об отсутствии у компании негативных историй участия в государственных закупках.",reestrs
e6fa7bf3-b4a3-5b59-b0bd-9e66a928131f,6164137887,positive,7,disqualifiedAuthpersons,"Руководитель организации не найден в реестре дисквалифицированных лиц, руководитель компании, вероятно, не имеет ограничений на занятие руководящих должностей и не был дисквалифицирован за нарушения законодательства.",manager
e6fa7bf3-b4a3-5b59-b0bd-9e66a928131f,6164137887,positive,8,taxArrears,"Не найден в реестре организаций должников ФНС, что может свидетельствовать об отсутствии задолженности перед налоговыми органами, что является положительным фактором при оценке надежности контрагента.",reestrs
e6fa7bf3-b4a3-5b59-b0bd-9e66a928131f,6164137887,positive,9,taxReporting,"Не найден в реестре организаций не сдающих отчётность, компания соблюдает свои обязательства по предоставлению отчетности и, вероятно, ведет бизнес прозрачно.",reestrs
e6fa7bf3-b4a3-5b59-b0bd-9e66a928131f,6164137887,positive,10,invalidAddress,"Не найден в реестре организаций с фиктивным адресом, это подтверждает, что компания зарегистрирована по реальному адресу, где фактически осуществляет свою деятельность.",reestrs
e6fa7bf3-b4a3-5b59-b0bd-9e66a928131f,6164137887,positive,11,invalidAuthpersonsData,"Не найден в реестре организаций с номинальным руководителем или с меткой о недостоверных данных руководителя, руководитель компании, вероятно, является реальным лицом, управляющим компанией, и информация о нем достоверна.",manager
e6fa7bf3-b4a3-5b59-b0bd-9e66a928131f,6164137887,positive,12,invalidRegistrationData,"Не найден в реестре организаций с недостоверными регистрационными данными, что говорит о благонадежности компании, информация о компании соответствует действительности.",reestrs
e6fa7bf3-b4a3-5b59-b0bd-9e66a928131f,6164137887,positive,13,proceeds,"У компании есть выручка за предыдущий год в размере 208295.0 тыс. руб., что свидетельствует о наличии стабильного дохода и успешной деятельности.",finance
e6fa7bf3-b4a3-5b59-b0bd-9e66a928131f,6164137887,positive,14,webSite,"У компании есть сайт, что может свидетельствовать о том, что компания заинтересована в прозрачности своего бизнеса и стремится предоставить информацию о себе клиентам и партнерам. Сайт компании может содержать полезную информацию о ее деятельности, продуктах или услугах, контактах и т.д. Вы можете подробнее изучить информацию об услугах компании по указанной ссылке.",site
e6fa7bf3-b4a3-5b59-b0bd-9e66a928131f,6164137887,positive,15,governmentContract,"Есть выигранные госконтракты. Изучите информацию о количестве и сумме тендеров и контрактов, чтобы получить более полное представление о контрагенте и его деятельности.",reestrs
1c04a7f1-ff69-5978-847d-a46417374dee,7810984404,negative,0,massAddress,"Находится в реестре организаций с массовым адресом, что может быть признаком фиктивной регистрации.",reestrs
1c04a7f1-ff69-5978-847d-a46417374dee,7810984404,positive,0,fnsBlocking,"Нет блокировок банковских счетов по постановлениям налоговой на текущую дату, что может говорить об отсутствии у компании проблем с налоговыми органами, которые привели бы к блокировке счетов.",reestrs
1c04a7f1-ff69-5978-847d-a46417374dee,7810984404,positive,1,relatedCompanies,"У компании есть связанные компании, это позволяет проанализировать не только текущую деятельность контрагента, но и историю связанных с ним организаций. Изучите информацию о связанных компаниях, их деятельности и истории, чтобы получить более полное представление о контрагенте и его надежности.",relatedComp
1c04a7f1-ff69-5978-847d-a46417374dee,7810984404,positive,2,executionProceedings,"Нет действующих исполнительных производств, в которых выступает в качестве ответчика, это может указывать на то, что компания своевременно исполняет свои обязательства и не имеет серьезных финансовых проблем.",execproc
1c04a7f1-ff69-5978-847d-a46417374dee,7810984404,positive,3,liquidationStatus,"Не найден в реестре организаций проходящих процедуру банкротства, что может свидетельствовать об отсутствии у компании текущих процедур банкротства, что является положительным знаком при оценке ее финансовой устойчивости.",reestrs
1c04a7f1-ff69-5978-847d-a46417374dee,7810984404,positive,4,massAuthpersons,"Не найден в реестре организаций с массовым директором или учредителем, вероятно, компания не используется в сомнительных схемах, что повышает доверие к ее деятельности.",manager
1c04a7f1-ff69-5978-847d-a46417374dee,7810984404,positive,5,dishonestProvider,"Не найден в реестре организаций недобросовестных поставщиков, что может свидетельствовать об отсутствии у компании негативных историй участия в государственных закупках.",reestrs
1c04a7f1-ff69-5978-847d-a46417374dee,7810984404,positive,6,disqualifiedAuthpersons,"Руководитель организации не найден в реестре дисквалифицированных лиц, руководитель компании, вероятно, не имеет ограничений на занятие руководящих должностей и не был дисквалифицирован за нарушения законодательства.",manager
1c04a7f1-ff69-5978-847d-a46417374dee,7810984404,positive,7,аrbitrationDefendant,"Не найдены арбитражные дела, в которых выступает в качестве ответчика, что может свидетельствовать о том, что компания, вероятно, соблюдает свои обязательства и эффективно решает возникающие споры.",arbitr
1c04a7f1-ff69-5978-847d-a46417374dee,7810984404,positive,8,taxArrears,"Не найден в реестре организаций должников ФНС, что может свидетельствовать об отсутствии задолженности перед налоговыми органами, что является положительным фактором при оценке надежности контрагента.",reestrs
1c04a7f1-ff69-5978-847d-a46417374dee,7810984404,positive,9,taxReporting,"Не найден в реестре организаций не сдающих отчётность, компания соблюдает свои обязательства по предоставлению отчетности и, вероятно, ведет бизнес прозрачно.",reestrs
1c04a7f1-ff69-5978-847d-a46417374dee,7810984404,positive,10,invalidAddress,"Не найден в реестре организаций с фиктивным адресом, это подтверждает, что компания зарегистрирована по реальному адресу, где фактически осуществляет свою деятельность.",reestrs
1c04a7f1-ff69-5978-847d-a46417374dee,7810984404,positive,11,invalidAuthpersonsData,"Не найден в реестре организаций с номинальным руководителем или с меткой о недостоверных данных руководителя, руководитель компании, вероятно, является реальным лицом, управляющим компанией, и информация о нем достоверна.",manager
1c04a7f1-ff69-5978-847d-a46417374dee,7810984404,positive,12,invalidRegistrationData,"Не найден в реестре организаций с недостоверными регистрационными данными, что говорит о благонадежности компании, информация о компании соответствует действительности.",reestrs
1c04a7f1-ff69-5978-847d-a46417374dee,7810984404,positive,13,proceeds,"У компании есть выручка за предыдущий год в размере 152081.0 тыс. руб., что свидетельствует о наличии стабильного дохода и успешной деятельности.",finance
1c04a7f1-ff69-5978-847d-a46417374dee,7810984404,positive,14,massOkved,"У компании небольшое количество кодов ОКВЭД, что может указывать на то, что компания сосредоточена на определенных видах деятельности и, вероятно, обладает опытом и специализацией в этих областях.",okved
1c04a7f1-ff69-5978-847d-a46417374dee,7810984404,positive,15,webSite,"У компании есть сайт, что может свидетельствовать о том, что компания заинтересована в прозрачности своего бизнеса и стремится предоставить информацию о себе клиентам и партнерам. Сайт компании может содержать полезную информацию о ее деятельности, продуктах или услугах, контактах и т.д. Вы можете подробнее изучить информацию об услугах компании по указанной ссылке.",site
b5523ee8-f92f-5bdd-af7a-210742297e8b,7728380537,negative,0,executionProceedings,"Есть действующие исполнительные производства, в которых выступает в качестве ответчика, это может означать, что компания имеет неисполненные обязательства перед кредиторами или государственными органами. Такая информация негативно сказывается на репутации и кредитоспособности лица или организации, поскольку свидетельствует о возможных финансовых трудностях или нежелании выполнять свои обязательства.",execproc
b5523ee8-f92f-5bdd-af7a-210742297e8b,7728380537,negative,1,massOkved,"Компания имеет большое количество кодов ОКВЭД, что  может быть связано с попыткой компании охватить как можно больше направлений бизнеса, это может отрицательно сказаться на ее эффективности и надежности.",okved
b5523ee8-f92f-5bdd-af7a-210742297e8b,7728380537,negative,2,arbitrationDefendant,"Есть арбитражные дела, в которых выступает в качестве ответчика, что может указывать на наличие споров с контрагентами или государственными органами. Это может быть признаком нестабильности в деятельности компании и потенциальных финансовых рисков.",arbitr
b5523ee8-f92f-5bdd-af7a-210742297e8b,7728380537,positive,0,fnsBlocking,"Нет блокировок банковских счетов по постановлениям налоговой на текущую дату, что может говорить об отсутствии у компании проблем с налоговыми органами, которые привели бы к блокировке счетов.",reestrs
b5523ee8-f92f-5bdd-af7a-210742297e8b,7728380537,positive,1,relatedCompanies,"У компании есть связанные компании, это позволяет проанализировать не только текущую деятельность контрагента, но и историю связанных с ним организаций. Изучите информацию о связанных компаниях, их деятельности и истории, чтобы получить более полное представление о контрагенте и его надежности.",relatedComp
b5523ee8-f92f-5bdd-af7a-210742297e8b,7728380537,positive,2,liquidationStatus,"Не найден в реестре организаций проходящих процедуру банкротства, что может свидетельствовать об отсутствии у компании текущих процедур банкротства, что является положительным знаком при оценке ее финансовой устойчивости.",reestrs
b5523ee8-f92f-5bdd-af7a-210742297e8b,7728380537,positive,3,massAuthpersons,"Не найден в реестре организаций с массовым директором или учредителем, вероятно, компания не используется в сомнительных схемах, что повышает доверие к ее деятельности.",manager
b5523ee8-f92f-5bdd-af7a-210742297e8b,7728380537,positive,4,massAddress,"Не найден в реестре организаций с массовым адресом, что может свидетельствовать о достоверности и актуальности данных об адресе юридического лица.",reestrs
b5523ee8-f92f-5bdd-af7a-210742297e8b,7728380537,positive,5,dishonestProvider,"Не найден в реестре организаций недобросовестных поставщиков, что может свидетельствовать об отсутствии у компании негативных историй участия в государственных закупках.",reestrs
b5523ee8-f92f-5bdd-af7a-210742297e8b,7728380537,positive,6,disqualifiedAuthpersons,"Руководитель организации не найден в реестре дисквалифицированных лиц, руководитель компании, вероятно, не имеет ограничений на занятие руководящих должностей и не был дисквалифицирован за нарушения законодательства.",manager
b5523ee8-f92f-5bdd-af7a-210742297e8b,7728380537,positive,7,taxArrears,"Не найден в реестре организаций должников ФНС, что может свидетельствовать об отсутствии задолженности перед налоговыми органами, что является положительным фактором при оценке надежности контрагента.",reestrs
b5523ee8-f92f-5bdd-af7a-210742297e8b,7728380537,positive,8,taxReporting,"Не найден в реестре организаций не сдающих отчётность, компания соблюдает свои обязательства по предоставлению отчетности и, вероятно, ведет бизнес прозрачно.",reestrs
b5523ee8-f92f-5bdd-af7a-210742297e8b,7728380537,positive,9,invalidAddress,"Не найден в реестре организаций с фиктивным адресом, это подтверждает, что компания зарегистрирована по реальному адресу, где фактически осуществляет свою деятельность.",reestrs
b5523ee8-f92f-5bdd-af7a-210742297e8b,7728380537,positive,10,invalidAuthpersonsData,"Не найден в реестре организаций с номинальным руководителем или с меткой о недостоверных данных руководителя, руководитель компании, вероятно, является реальным лицом, управляющим компанией, и информация о нем достоверна.",manager
b5523ee8-f92f-5bdd-af7a-210742297e8b,7728380537,positive,11,invalidRegistrationData,"Не найден в реестре организаций с недостоверными регистрационными данными, что говорит о благонадежности компании, информация о компании соответствует действительности.",reestrs
b5523ee8-f92f-5bdd-af7a-210742297e8b,7728380537,positive,12,licenses,"У компании есть действующие лицензии - компания имеет право осуществлять определенные виды деятельности, требующие специального разрешения. Это может свидетельствовать о компетентности и надежности компании.",license
b5523ee8-f92f-5bdd-af7a-210742297e8b,7728380537,positive,13,proceeds,"У компании есть выручка за предыдущий год в размере 4749348.0 тыс. руб., что свидетельствует о наличии стабильного дохода и успешной деятельности.",finance
b5523ee8-f92f-5bdd-af7a-210742297e8b,7728380537,positive,14,profit,"У компании есть прибыль за предыдущий год в размере 615769.0 тыс. руб., что указывает на эффективное управление затратами и положительные финансовые результаты.",finance
b5523ee8-f92f-5bdd-af7a-210742297e8b,7728380537,positive,15,currentAssets,"У компании имеются оборотные активы в размере 3851680.0 тыс. руб., что обеспечивает достаточную ликвидность для покрытия краткосрочных обязательств и ведения текущей деятельности.",finance
b5523ee8-f92f-5bdd-af7a-210742297e8b,7728380537,positive,16,uncurrentAssets,"У компании есть внеоборотные активы на сумму 202480.0 тыс. руб., что, вероятно, может говорить о стабильном положении и долгосрочных перспективах развития.",finance
cb60b150-aae0-5bc9-aeb1-8995097ee9bc,5001146298,negative,0,massOkved,"Компания имеет большое количество кодов ОКВЭД, что  может быть связано с попыткой компании охватить как можно больше направлений бизнеса, это может отрицательно сказаться на ее эффективности и надежности.",okved
cb60b150-aae0-5bc9-aeb1-8995097ee9bc,5001146298,positive,0,fnsBlocking,"Нет блокировок банковских счетов по постановлениям налоговой на текущую дату, что может говорить об отсутствии у компании проблем с налоговыми органами, которые привели бы к блокировке счетов.",reestrs
cb60b150-aae0-5bc9-aeb1-8995097ee9bc,5001146298,positive,1,executionProceedings,"Нет действующих исполнительных производств, в которых выступает в качестве ответчика, это может указывать на то, что компания своевременно исполняет свои обязательства и не имеет серьезных финансовых проблем.",execproc
cb60b150-aae0-5bc9-aeb1-8995097ee9bc,5001146298,positive,2,liquidationStatus,"Не найден в реестре организаций проходящих процедуру банкротства, что может свидетельствовать об отсутствии у компании текущих процедур банкротства, что является положительным знаком при оценке ее финансовой устойчивости.",reestrs
cb60b150-aae0-5bc9-aeb1-8995097ee9bc,5001146298,positive,3,massAuthpersons,"Не найден в реестре организаций с массовым директором или учредителем, вероятно, компания не используется в сомнительных схемах, что повышает доверие к ее деятельности.",manager
cb60b150-aae0-5bc9-aeb1-8995097ee9bc,5001146298,positive,4,massAddress,"Не найден в реестре организаций с массовым адресом, что может свидетельствовать о достоверности и актуальности данных об адресе юридического лица.",reestrs
cb60b150-aae0-5bc9-aeb1-8995097ee9bc,5001146298,positive,5,dishonestProvider,"Не найден в реестре организаций недобросовестных поставщиков, что может свидетельствовать об отсутствии у компании негативных историй участия в государственных закупках.",reestrs
cb60b150-aae0-5bc9-aeb1-8995097ee9bc,5001146298,positive,6,disqualifiedAuthpersons,"Руководитель организации не найден в реестре дисквалифицированных лиц, руководитель компании, вероятно, не имеет ограничений на занятие руководящих должностей и не был дисквалифицирован за нарушения законодательства.",manager
cb60b150-aae0-5bc9-aeb1-8995097ee9bc,5001146298,positive,7,аrbitrationDefendant,"Не найдены арбитражные дела, в которых выступает в качестве ответчика, что может свидетельствовать о том, что компания, вероятно, соблюдает свои обязательства и эффективно решает возникающие споры.",arbitr
cb60b150-aae0-5bc9-aeb1-8995097ee9bc,5001146298,positive,8,taxArrears,"Не найден в реестре организаций должников ФНС, что может свидетельствовать об отсутствии задолженности перед налоговыми органами, что является положительным фактором при оценке надежности контрагента.",reestrs
cb60b150-aae0-5bc9-aeb1-8995097ee9bc,5001146298,positive,9,taxReporting,"Не найден в реестре организаций не сдающих отчётность, компания соблюдает свои обязательства по предоставлению отчетности и, вероятно, ведет бизнес прозрачно.",reestrs
cb60b150-aae0-5bc9-aeb1-8995097ee9bc,5001146298,positive,10,invalidAddress,"Не найден в реестре организаций с фиктивным адресом, это подтверждает, что компания зарегистрирована по реальному адресу, где фактически осуществляет свою деятельность.",reestrs
cb60b150-aae0-5bc9-aeb1-8995097ee9bc,5001146298,positive,11,invalidAuthpersonsData,"Не найден в реестре организаций с номинальным руководителем или с меткой о недостоверных данных руководителя, руководитель компании, вероятно, является реальным лицом, управляющим компанией, и информация о нем достоверна.",manager
cb60b150-aae0-5bc9-aeb1-8995097ee9bc,5001146298,positive,12,invalidRegistrationData,"Не найден в реестре организаций с недостоверными регистрационными данными, что говорит о благонадежности компании, информация о компании соответствует действительности.",reestrs
cb60b150-aae0-5bc9-aeb1-8995097ee9bc,5001146298,positive,13,proceeds,"У компании есть выручка за предыдущий год в размере 105360.0 тыс. руб., что свидетельствует о наличии стабильного дохода и успешной деятельности.",finance
cb60b150-aae0-5bc9-aeb1-8995097ee9bc,5001146298,positive,14,profit,"У компании есть прибыль за предыдущий год в размере 1254.0 тыс. руб., что указывает на эффективное управление затратами и положительные финансовые результаты.",finance
cb60b150-aae0-5bc9-aeb1-8995097ee9bc,5001146298,positive,15,currentAssets,"У компании имеются оборотные активы в размере 48554.0 тыс. руб., что обеспечивает достаточную ликвидность для покрытия краткосрочных обязательств и ведения текущей деятельности.",finance
cb60b150-aae0-5bc9-aeb1-8995097ee9bc,5001146298,positive,16,webSite,"У компании есть сайт, что может свидетельствовать о том, что компания заинтересована в прозрачности своего бизнеса и стремится предоставить информацию о себе клиентам и партнерам. Сайт компании может содержать полезную информацию о ее деятельности, продуктах или услугах, контактах и т.д. Вы можете подробнее изучить информацию об услугах компании по указанной ссылке.",site
09f88f34-447c-5e8c-af75-d9bcc4828f23,3666269345,positive,0,fnsBlocking,"Нет блокировок банковских счетов по постановлениям налоговой на текущую дату, что может говорить об отсутствии у компании проблем с налоговыми органами, которые привели бы к блокировке счетов.",reestrs
09f88f34-447c-5e8c-af75-d9bcc4828f23,3666269345,positive,1,relatedCompanies,"У компании есть связанные компании, это позволяет проанализировать не только текущую деятельность контрагента, но и историю связанных с ним организаций. Изучите информацию о связанных компаниях, их деятельности и истории, чтобы получить более полное представление о контрагенте и его надежности.",relatedComp
09f88f34-447c-5e8c-af75-d9bcc4828f23,3666269345,positive,2,executionProceedings,"Нет действующих исполнительных производств, в которых выступает в качестве ответчика, это может указывать на то, что компания своевременно исполняет свои обязательства и не имеет серьезных финансовых проблем.",execproc
09f88f34-447c-5e8c-af75-d9bcc4828f23,3666269345,positive,3,liquidationStatus,"Не найден в реестре организаций проходящих процедуру банкротства, что может свидетельствовать об отсутствии у компании текущих процедур банкротства, что является положительным знаком при оценке ее финансовой устойчивости.",reestrs
09f88f34-447c-5e8c-af75-d9bcc4828f23,3666269345,positive,4,massAuthpersons,"Не найден в реестре организаций с массовым директором или учредителем, вероятно, компания не используется в сомнительных схемах, что повышает доверие к ее деятельности.",manager
09f88f34-447c-5e8c-af75-d9bcc4828f23,3666269345,positive,5,massAddress,"Не найден в реестре организаций с массовым адресом, что может свидетельствовать о достоверности и актуальности данных об адресе юридического лица.",reestrs
09f88f34-447c-5e8c-af75-d9bcc4828f23,3666269345,positive,6,dishonestProvider,"Не найден в реестре организаций недобросовестных поставщиков, что может свидетельствовать об отсутствии у компании негативных историй участия в государственных закупках.",reestrs
09f88f34-447c-5e8c-af75-d9bcc4828f23,3666269345,positive,7,disqualifiedAuthpersons,"Руководитель организации не найден в реестре дисквалифицированных лиц, руководитель компании, вероятно, не имеет ограничений на занятие руководящих должностей и не был дисквалифицирован за нарушения законодательства.",manager
09f88f34-447c-5e8c-af75-d9bcc4828f23,3666269345,positive,8,аrbitrationDefendant,"Не найдены арбитражные дела, в которых выступает в качестве ответчика, что может свидетельствовать о том, что компания, вероятно, соблюдает свои обязательства и эффективно решает возникающие споры.",arbitr
09f88f34-447c-5e8c-af75-d9bcc4828f23,3666269345,positive,9,taxArrears,"Не найден в реестре организаций должников ФНС, что может свидетельствовать об отсутствии задолженности перед налоговыми органами, что является положительным фактором при оценке надежности контрагента.",reestrs
09f88f34-447c-5e8c-af75-d9bcc4828f23,3666269345,positive,10,taxReporting,"Не найден в реестре организаций не сдающих отчётность, компания соблюдает свои обязательства по предоставлению отчетности и, вероятно, ведет бизнес прозрачно.",reestrs
09f88f34-447c-5e8c-af75-d9bcc4828f23,3666269345,positive,11,invalidAddress,"Не найден в реестре организаций с фиктивным адресом, это подтверждает, что компания зарегистрирована по реальному адресу, где фактически осуществляет свою деятельность.",reestrs
09f88f34-447c-5e8c-af75-d9bcc4828f23,3666269345,positive,12,invalidAuthpersonsData,"Не найден в реестре организаций с номинальным руководителем или с меткой о недостоверных данных руководителя, руководитель компании, вероятно, является реальным лицом, управляющим компанией, и информация о нем достоверна.",manager
09f88f34-447c-5e8c-af75-d9bcc4828f23,3666269345,positive,13,invalidRegistrationData,"Не найден в реестре организаций с недостоверными регистрационными данными, что говорит о благонадежности компании, информация о компании соответствует действительности.",reestrs
09f88f34-447c-5e8c-af75-d9bcc4828f23,3666269345,positive,14,massOkved,"У компании небольшое количество кодов ОКВЭД, что может указывать на то, что компания сосредоточена на определенных видах деятельности и, вероятно, обладает опытом и специализацией в этих областях.",okved
fdf77a3c-89ce-5cb6-805e-0ac40aa7dea3,1650051822,positive,0,fnsBlocking,"Нет блокировок банковских счетов по постановлениям налоговой на текущую дату, что может говорить об отсутствии у компании проблем с налоговыми органами, которые привели бы к блокировке счетов.",reestrs
fdf77a3c-89ce-5cb6-805e-0ac40aa7dea3,1650051822,positive,1,executionProceedings,"Нет действующих исполнительных производств, в которых выступает в качестве ответчика, это может указывать на то, что компания своевременно исполняет свои обязательства и не имеет серьезных финансовых проблем.",execproc
fdf77a3c-89ce-5cb6-805e-0ac40aa7dea3,1650051822,positive,2,liquidationStatus,"Не найден в реестре организаций проходящих процедуру банкротства, что может свидетельствовать об отсутствии у компании текущих процедур банкротства, что является положительным знаком при оценке ее финансовой устойчивости.",reestrs
fdf77a3c-89ce-5cb6-805e-0ac40aa7dea3,1650051822,positive,3,massAuthpersons,"Не найден в реестре организаций с массовым директором или учредителем, вероятно, компания не используется в сомнительных схемах, что повышает доверие к ее деятельности.",manager
fdf77a3c-89ce-5cb6-805e-0ac40aa7dea3,1650051822,positive,4,massAddress,"Не найден в реестре организаций с массовым адресом, что может свидетельствовать о достоверности и актуальности данных об адресе юридического лица.",reestrs
fdf77a3c-89ce-5cb6-805e-0ac40aa7dea3,1650051822,positive,5,dishonestProvider,"Не найден в реестре организаций недобросовестных поставщиков, что может свидетельствовать об отсутствии у компании негативных историй участия в государственных закупках.",reestrs
fdf77a3c-89ce-5cb6-805e-0ac40aa7dea3,1650051822,positive,6,disqualifiedAuthpersons,"Руководитель организации не найден в реестре дисквалифицированных лиц, руководитель компании, вероятно, не имеет ограничений на занятие руководящих должностей и не был дисквалифицирован за нарушения законодательства.",manager
fdf77a3c-89ce-5cb6-805e-0ac40aa7dea3,1650051822,positive,7,аrbitrationDefendant,"Не найдены арбитражные дела, в которых выступает в качестве ответчика, что может свидетельствовать о том, что компания, вероятно, соблюдает свои обязательства и эффективно решает возникающие споры.",arbitr
fdf77a3c-89ce-5cb6-805e-0ac40aa7dea3,1650051822,positive,8,taxArrears,"Не найден в реестре организаций должников ФНС, что может свидетельствовать об отсутствии задолженности перед налоговыми органами, что является положительным фактором при оценке надежности контрагента.",reestrs
fdf77a3c-89ce-5cb6-805e-0ac40aa7dea3,1650051822,positive,9,taxReporting,"Не найден в реестре организаций не сдающих отчётность, компания соблюдает свои обязательства по предоставлению отчетности и, вероятно, ведет бизнес прозрачно.",reestrs
fdf77a3c-89ce-5cb6-805e-0ac40aa7dea3,1650051822,positive,10,invalidAddress,"Не найден в реестре организаций с фиктивным адресом, это подтверждает, что компания зарегистрирована по реальному адресу, где фактически осуществляет свою деятельность.",reestrs
fdf77a3c-89ce-5cb6-805e-0ac40aa7dea3,1650051822,positive,11,invalidAuthpersonsData,"Не найден в реестре организаций с номинальным руководителем или с меткой о недостоверных данных руководителя, руководитель компании, вероятно, является реальным лицом, управляющим компанией, и информация о нем достоверна.",manager
fdf77a3c-89ce-5cb6-805e-0ac40aa7dea3,1650051822,positive,12,invalidRegistrationData,"Не найден в реестре организаций с недостоверными регистрационными данными, что говорит о благонадежности компании, информация о компании соответствует действительности.",reestrs
fdf77a3c-89ce-5cb6-805e-0ac40aa7dea3,1650051822,positive,13,massOkved,"У компании небольшое количество кодов ОКВЭД, что может указывать на то, что компания сосредоточена на определенных видах деятельности и, вероятно, обладает опытом и специализацией в этих областях.",okved
2b04ed91-ad4f-50cc-bf46-97f861780978,234803704704,positive,0,fnsBlocking,"Нет блокировок банковских счетов по постановлениям налоговой на текущую дату, что может говорить об отсутствии у компании проблем с налоговыми органами, которые привели бы к блокировке счетов.",reestrs
2b04ed91-ad4f-50cc-bf46-97f861780978,234803704704,positive,1,relatedCompanies,"У компании есть связанные компании, это позволяет проанализировать не только текущую деятельность контрагента, но и историю связанных с ним организаций. Изучите информацию о связанных компаниях, их деятельности и истории, чтобы получить более полное представление о контрагенте и его надежности.",relatedComp
2b04ed91-ad4f-50cc-bf46-97f861780978,234803704704,positive,2,executionProceedings,"Нет действующих исполнительных производств, в которых выступает в качестве ответчика, это может указывать на то, что компания своевременно исполняет свои обязательства и не имеет серьезных финансовых проблем.",execproc
2b04ed91-ad4f-50cc-bf46-97f861780978,234803704704,positive,3,liquidationStatus,"Не найден в реестре организаций проходящих процедуру банкротства, что может свидетельствовать об отсутствии у компании текущих процедур банкротства, что является положительным знаком при оценке ее финансовой устойчивости.",reestrs
2b04ed91-ad4f-50cc-bf46-97f861780978,234803704704,positive,4,massAuthpersons,"Не найден в реестре организаций с массовым директором или учредителем, вероятно, компания не используется в сомнительных схемах, что повышает доверие к ее деятельности.",manager
2b04ed91-ad4f-50cc-bf46-97f861780978,234803704704,positive,5,massAddress,"Не найден в реестре организаций с массовым адресом, что может свидетельствовать о достоверности и актуальности данных об адресе юридического лица.",reestrs
2b04ed91-ad4f-50cc-bf46-97f861780978,234803704704,positive,6,dishonestProvider,"Не найден в реестре организаций недобросовестных поставщиков, что может свидетельствовать об отсутствии у компании негативных историй участия в государственных закупках.",reestrs
2b04ed91-ad4f-50cc-bf46-97f861780978,234803704704,positive,7,disqualifiedAuthpersons,"Руководитель организации не найден в реестре дисквалифицированных лиц, руководитель компании, вероятно, не имеет ограничений на занятие руководящих должностей и не был дисквалифицирован за нарушения законодательства.",manager
2b04ed91-ad4f-50cc-bf46-97f861780978,234803704704,positive,8,аrbitrationDefendant,"Не найдены арбитражные дела, в которых выступает в качестве ответчика, что может свидетельствовать о том, что компания, вероятно, соблюдает свои обязательства и эффективно решает возникающие споры.",arbitr
2b04ed91-ad4f-50cc-bf46-97f861780978,234803704704,positive,9,taxArrears,"Не найден в реестре организаций должников ФНС, что может свидетельствовать об отсутствии задолженности перед налоговыми органами, что является положительным фактором при оценке надежности контрагента.",reestrs
2b04ed91-ad4f-50cc-bf46-97f861780978,234803704704,positive,10,taxReporting,"Не найден в реестре организаций не сдающих отчётность, компания соблюдает свои обязательства по предоставлению отчетности и, вероятно, ведет бизнес прозрачно.",reestrs
2b04ed91-ad4f-50cc-bf46-97f861780978,234803704704,positive,11,invalidAddress,"Не найден в реестре организаций с фиктивным адресом, это подтверждает, что компания зарегистрирована по реальному адресу, где фактически осуществляет свою деятельность.",reestrs
2b04ed91-ad4f-50cc-bf46-97f861780978,234803704704,positive,12,invalidAuthpersonsData,"Не найден в реестре организаций с номинальным руководителем или с меткой о недостоверных данных руководителя, руководитель компании, вероятно, является реальным лицом, управляющим компанией, и информация о нем достоверна.",manager
2b04ed91-ad4f-50cc-bf46-97f861780978,234803704704,positive,13,invalidRegistrationData,"Не найден в реестре организаций с недостоверными регистрационными данными, что говорит о благонадежности компании, информация о компании соответствует действительности.",reestrs
2b04ed91-ad4f-50cc-bf46-97f861780978,234803704704,positive,14,massOkved,"У компании небольшое количество кодов ОКВЭД, что может указывать на то, что компания сосредоточена на определенных видах деятельности и, вероятно, обладает опытом и специализацией в этих областях.",okved
8f7166fa-496f-5205-b55e-4f08cb11b658,501207152100,positive,0,fnsBlocking,"Нет блокировок банковских счетов по постановлениям налоговой на текущую дату, что может говорить об отсутствии у компании проблем с налоговыми органами, которые привели бы к блокировке счетов.",reestrs
8f7166fa-496f-5205-b55e-4f08cb11b658,501207152100,positive,1,relatedCompanies,"У компании есть связанные компании, это позволяет проанализировать не только текущую деятельность контрагента, но и историю связанных с ним организаций. Изучите информацию о связанных компаниях, их деятельности и истории, чтобы получить более полное представление о контрагенте и его надежности.",relatedComp
8f7166fa-496f-5205-b55e-4f08cb11b658,501207152100,positive,2,executionProceedings,"Нет действующих исполнительных производств, в которых выступает в качестве ответчика, это может указывать на то, что компания своевременно исполняет свои обязательства и не имеет серьезных финансовых проблем.",execproc
8f7166fa-496f-5205-b55e-4f08cb11b658,501207152100,positive,3,liquidationStatus,"Не найден в реестре организаций проходящих процедуру банкротства, что может свидетельствовать об отсутствии у компании текущих процедур банкротства, что является положительным знаком при оценке ее финансовой устойчивости.",reestrs
8f7166fa-496f-5205-b55e-4f08cb11b658,501207152100,positive,4,massAuthpersons,"Не найден в реестре организаций с массовым директором или учредителем, вероятно, компания не используется в сомнительных схемах, что повышает доверие к ее деятельности.",manager
8f7166fa-496f-5205-b55e-4f08cb11b658,501207152100,positive,5,massAddress,"Не найден в реестре организаций с массовым адресом, что может свидетельствовать о достоверности и актуальности данных об адресе юридического лица.",reestrs
8f7166fa-496f-5205-b55e-4f08cb11b658,501207152100,positive,6,dishonestProvider,"Не найден в реестре организаций недобросовестных поставщиков, что может свидетельствовать об отсутствии у компании негативных историй участия в государственных закупках.",reestrs
8f7166fa-496f-5205-b55e-4f08cb11b658,501207152100,positive,7,disqualifiedAuthpersons,"Руководитель организации не найден в реестре дисквалифицированных лиц, руководитель компании, вероятно, не имеет ограничений на занятие руководящих должностей и не был дисквалифицирован за нарушения законодательства.",manager
8f7166fa-496f-5205-b55e-4f08cb11b658,501207152100,positive,8,аrbitrationDefendant,"Не найдены арбитражные дела, в которых выступает в качестве ответчика, что может свидетельствовать о том, что компания, вероятно, соблюдает свои обязательства и эффективно решает возникающие споры.",arbitr
8f7166fa-496f-5205-b55e-4f08cb11b658,501207152100,positive,9,taxArrears,"Не найден в реестре организаций должников ФНС, что может свидетельствовать об отсутствии задолженности перед налоговыми органами, что является положительным фактором при оценке надежности контрагента.",reestrs
8f7166fa-496f-5205-b55e-4f08cb11b658,501207152100,positive,10,taxReporting,"Не найден в реестре организаций не сдающих отчётность, компания соблюдает свои обязательства по предоставлению отчетности и, вероятно, ведет бизнес прозрачно.",reestrs
8f7166fa-496f-5205-b55e-4f08cb11b658,501207152100,positive,11,invalidAddress,"Не найден в реестре организаций с фиктивным адресом, это подтверждает, что компания зарегистрирована по реальному адресу, где фактически осуществляет свою деятельность.",reestrs
8f7166fa-496f-5205-b55e-4f08cb11b658,501207152100,positive,12,invalidAuthpersonsData,"Не найден в реестре организаций с номинальным руководителем или с меткой о недостоверных данных руководителя, руководитель компании, вероятно, является реальным лицом, управляющим компанией, и информация о нем достоверна.",manager
8f7166fa-496f-5205-b55e-4f08cb11b658,501207152100,positive,13,invalidRegistrationData,"Не найден в реестре организаций с недостоверными регистрационными данными, что говорит о благонадежности компании, информация о компании соответствует действительности.",reestrs
8f7166fa-496f-5205-b55e-4f08cb11b658,501207152100,positive,14,massOkved,"У компании небольшое количество кодов ОКВЭД, что может указывать на то, что компания сосредоточена на определенных видах деятельности и, вероятно, обладает опытом и специализацией в этих областях.",okved
197c8b68-2db5-5181-8c9b-6f0b2a5ad489,7449088645,negative,0,massOkved,"Компания имеет большое количество кодов ОКВЭД, что  может быть связано с попыткой компании охватить как можно больше направлений бизнеса, это может отрицательно сказаться на ее эффективности и надежности.",okved
197c8b68-2db5-5181-8c9b-6f0b2a5ad489,7449088645,negative,1,arbitrationDefendant,"Есть арбитражные дела, в которых выступает в качестве ответчика, что может указывать на наличие споров с контрагентами или государственными органами. Это может быть признаком нестабильности в деятельности компании и потенциальных финансовых рисков.",arbitr
197c8b68-2db5-5181-8c9b-6f0b2a5ad489,7449088645,positive,0,fnsBlocking,"Нет блокировок банковских счетов по постановлениям налоговой на текущую дату, что может говорить об отсутствии у компании проблем с налоговыми органами, которые привели бы к блокировке счетов.",reestrs
197c8b68-2db5-5181-8c9b-6f0b2a5ad489,7449088645,positive,1,relatedCompanies,"У компании есть связанные компании, это позволяет проанализировать не только текущую деятельность контрагента, но и историю связанных с ним организаций. Изучите информацию о связанных компаниях, их деятельности и истории, чтобы получить более полное представление о контрагенте и его надежности.",relatedComp
197c8b68-2db5-5181-8c9b-6f0b2a5ad489,7449088645,positive,2,executionProceedings,"Нет действующих исполнительных производств, в которых выступает в качестве ответчика, это может указывать на то, что компания своевременно исполняет свои обязательства и не имеет серьезных финансовых проблем.",execproc
197c8b68-2db5-5181-8c9b-6f0b2a5ad489,7449088645,positive,3,liquidationStatus,"Не найден в реестре организаций проходящих процедуру банкротства, что может свидетельствовать об отсутствии у компании текущих процедур банкротства, что является положительным знаком при оценке ее финансовой устойчивости.",reestrs
197c8b68-2db5-5181-8c9b-6f0b2a5ad489,7449088645,positive,4,massAuthpersons,"Не найден в реестре организаций с массовым директором или учредителем, вероятно, компания не используется в сомнительных схемах, что повышает доверие к ее деятельности.",manager
197c8b68-2db5-5181-8c9b-6f0b2a5ad489,7449088645,positive,5,massAddress,"Не найден в реестре организаций с массовым адресом, что может свидетельствовать о достоверности и актуальности данных об адресе юридического лица.",reestrs
197c8b68-2db5-5181-8c9b-6f0b2a5ad489,7449088645,positive,6,dishonestProvider,"Не найден в реестре организаций недобросовестных поставщиков, что может свидетельствовать об отсутствии у компании негативных историй участия в государственных закупках.",reestrs
197c8b68-2db5-5181-8c9b-6f0b2a5ad489,7449088645,positive,7,disqualifiedAuthpersons,"Руководитель организации не найден в реестре дисквалифицированных лиц, руководитель компании, вероятно, не имеет ограничений на занятие руководящих должностей и не был дисквалифицирован за нарушения законодательства.",manager
197c8b68-2db5-5181-8c9b-6f0b2a5ad489,7449088645,positive,8,taxArrears,"Не найден в реестре организаций должников ФНС, что может свидетельствовать об отсутствии задолженности перед налоговыми органами, что является положительным фактором при оценке надежности контрагента.",reestrs
197c8b68-2db5-5181-8c9b-6f0b2a5ad489,7449088645,positive,9,taxReporting,"Не найден в реестре организаций не сдающих отчётность, компания соблюдает свои обязательства по предоставлению отчетности и, вероятно, ведет бизнес прозрачно.",reestrs
197c8b68-2db5-5181-8c9b-6f0b2a5ad489,7449088645,positive,10,invalidAddress,"Не найден в реестре организаций с фиктивным адресом, это подтверждает, что компания зарегистрирована по реальному адресу, где фактически осуществляет свою деятельность.",reestrs
197c8b68-2db5-5181-8c9b-6f0b2a5ad489,7449088645,positive,11,invalidAuthpersonsData,"Не найден в реестре организаций с номинальным руководителем или с меткой о недостоверных данных руководителя, руководитель компании, вероятно, является реальным лицом, управляющим компанией, и информация о нем достоверна.",manager
197c8b68-2db5-5181-8c9b-6f0b2a5ad489,7449088645,positive,12,invalidRegistrationData,"Не найден в реестре организаций с недостоверными регистрационными данными, что говорит о благонадежности компании, информация о компании соответствует действительности.",reestrs
197c8b68-2db5-5181-8c9b-6f0b2a5ad489,7449088645,positive,13,proceeds,"У компании есть выручка за предыдущий год в размере 74586.0 тыс. руб., что свидетельствует о наличии стабильного дохода и успешной деятельности.",finance
b0ef79d0-8c0a-5461-96cf-2f0d92a81c26,7724398540,negative,0,executionProceedings,"Есть действующие исполнительные производства, в которых выступает в качестве ответчика, это может означать, что компания имеет неисполненные обязательства перед кредиторами или государственными органами. Такая информация негативно сказывается на репутации и кредитоспособности лица или организации, поскольку свидетельствует о возможных финансовых трудностях или нежелании выполнять свои обязательства.",execproc
b0ef79d0-8c0a-5461-96cf-2f0d92a81c26,7724398540,negative,1,massAddress,"Находится в реестре организаций с массовым адресом, что может быть признаком фиктивной регистрации.",reestrs
b0ef79d0-8c0a-5461-96cf-2f0d92a81c26,7724398540,negative,2,arbitrationDefendant,"Есть арбитражные дела, в которых выступает в качестве ответчика, что может указывать на наличие споров с контрагентами или государственными органами. Это может быть признаком нестабильности в деятельности компании и потенциальных финансовых рисков.",arbitr
b0ef79d0-8c0a-5461-96cf-2f0d92a81c26,7724398540,positive,0,fnsBlocking,"Нет блокировок банковских счетов по постановлениям налоговой на текущую дату, что может говорить об отсутствии у компании проблем с налоговыми органами, которые привели бы к блокировке счетов.",reestrs
b0ef79d0-8c0a-5461-96cf-2f0d92a81c26,7724398540,positive,1,liquidationStatus,"Не найден в реестре организаций проходящих процедуру банкротства, что может свидетельствовать об отсутствии у компании текущих процедур банкротства, что является положительным знаком при оценке ее финансовой устойчивости.",reestrs
b0ef79d0-8c0a-5461-96cf-2f0d92a81c26,7724398540,positive,2,massAuthpersons,"Не найден в реестре организаций с массовым директором или учредителем, вероятно, компания не используется в сомнительных схемах, что повышает доверие к ее деятельности.",manager
b0ef79d0-8c0a-5461-96cf-2f0d92a81c26,7724398540,positive,3,dishonestProvider,"Не найден в реестре организаций недобросовестных поставщиков, что может свидетельствовать об отсутствии у компании негативных историй участия в государственных закупках.",reestrs
b0ef79d0-8c0a-5461-96cf-2f0d92a81c26,7724398540,positive,4,disqualifiedAuthpersons,"Руководитель организации не найден в реестре дисквалифицированных лиц, руководитель компании, вероятно, не имеет ограничений на занятие руководящих должностей и не был дисквалифицирован за нарушения законодательства.",manager
b0ef79d0-8c0a-5461-96cf-2f0d92a81c26,7724398540,positive,5,taxArrears,"Не найден в реестре организаций должников ФНС, что может свидетельствовать об отсутствии задолженности перед налоговыми органами, что является положительным фактором при оценке надежности контрагента.",reestrs
b0ef79d0-8c0a-5461-96cf-2f0d92a81c26,7724398540,positive,6,taxReporting,"Не найден в реестре организаций не сдающих отчётность, компания соблюдает свои обязательства по предоставлению отчетности и, вероятно, ведет бизнес прозрачно.",reestrs
b0ef79d0-8c0a-5461-96cf-2f0d92a81c26,7724398540,positive,7,invalidAddress,"Не найден в реестре организаций с фиктивным адресом, это подтверждает, что компания зарегистрирована по реальному адресу, где фактически осуществляет свою деятельность.",reestrs
b0ef79d0-8c0a-5461-96cf-2f0d92a81c26,7724398540,positive,8,invalidAuthpersonsData,"Не найден в реестре организаций с номинальным руководителем или с меткой о недостоверных данных руководителя, руководитель компании, вероятно, является реальным лицом, управляющим компанией, и информация о нем достоверна.",manager
b0ef79d0-8c0a-5461-96cf-2f0d92a81c26,7724398540,positive,9,invalidRegistrationData,"Не найден в реестре организаций с недостоверными регистрационными данными, что говорит о благонадежности компании, информация о компании соответствует действительности.",reestrs
b0ef79d0-8c0a-5461-96cf-2f0d92a81c26,7724398540,positive,10,proceeds,"У компании есть выручка за предыдущий год в размере 4309870.0 тыс. руб., что свидетельствует о наличии стабильного дохода и успешной деятельности.",finance
b0ef79d0-8c0a-5461-96cf-2f0d92a81c26,7724398540,positive,11,massOkved,"У компании небольшое количество кодов ОКВЭД, что может указывать на то, что компания сосредоточена на определенных видах деятельности и, вероятно, обладает опытом и специализацией в этих областях.",okved
b0ef79d0-8c0a-5461-96cf-2f0d92a81c26,7724398540,positive,12,profit,"У компании есть прибыль за предыдущий год в размере 96981.0 тыс. руб., что указывает на эффективное управление затратами и положительные финансовые результаты.",finance
b0ef79d0-8c0a-5461-96cf-2f0d92a81c26,7724398540,positive,13,currentAssets,"У компании имеются оборотные активы в размере 1555973.0 тыс. руб., что обеспечивает достаточную ликвидность для покрытия краткосрочных обязательств и ведения текущей деятельности.",finance
b0ef79d0-8c0a-5461-96cf-2f0d92a81c26,7724398540,positive,14,uncurrentAssets,"У компании есть внеоборотные активы на сумму 39728.0 тыс. руб., что, вероятно, может говорить о стабильном положении и долгосрочных перспективах развития.",finance
126fa025-82ca-541e-9375-a033cb40d2f2,5244026965,positive,0,fnsBlocking,"Нет блокировок банковских счетов по постановлениям налоговой на текущую дату, что может говорить об отсутствии у компании проблем с налоговыми органами, которые привели бы к блокировке счетов.",reestrs
126fa025-82ca-541e-9375-a033cb40d2f2,5244026965,positive,1,relatedCompanies,"У компании есть связанные компании, это позволяет проанализировать не только текущую деятельность контрагента, но и историю связанных с ним организаций. Изучите информацию о связанных компаниях, их деятельности и истории, чтобы получить более полное представление о контрагенте и его надежности.",relatedComp
126fa025-82ca-541e-9375-a033cb40d2f2,5244026965,positive,2,executionProceedings,"Нет действующих исполнительных производств, в которых выступает в качестве ответчика, это может указывать на то, что компания своевременно исполняет свои обязательства и не имеет серьезных финансовых проблем.",execproc
126fa025-82ca-541e-9375-a033cb40d2f2,5244026965,positive,3,liquidationStatus,"Не найден в реестре организаций проходящих процедуру банкротства, что может свидетельствовать об отсутствии у компании текущих процедур банкротства, что является положительным знаком при оценке ее финансовой устойчивости.",reestrs
126fa025-82ca-541e-9375-a033cb40d2f2,5244026965,positive,4,massAuthpersons,"Не найден в реестре организаций с массовым директором или учредителем, вероятно, компания не используется в сомнительных схемах, что повышает доверие к ее деятельности.",manager
126fa025-82ca-541e-9375-a033cb40d2f2,5244026965,positive,5,massAddress,"Не найден в реестре организаций с массовым адресом, что может свидетельствовать о достоверности и актуальности данных об адресе юридического лица.",reestrs
126fa025-82ca-541e-9375-a033cb40d2f2,5244026965,positive,6,dishonestProvider,"Не найден в реестре организаций недобросовестных поставщиков, что может свидетельствовать об отсутствии у компании негативных историй участия в государственных закупках.",reestrs
126fa025-82ca-541e-9375-a033cb40d2f2,5244026965,positive,7,disqualifiedAuthpersons,"Руководитель организации не найден в реестре дисквалифицированных лиц, руководитель компании, вероятно, не имеет ограничений на занятие руководящих должностей и не был дисквалифицирован за нарушения законодательства.",manager
126fa025-82ca-541e-9375-a033cb40d2f2,5244026965,positive,8,аrbitrationDefendant,"Не найдены арбитражные дела, в которых выступает в качестве ответчика, что может свидетельствовать о том, что компания, вероятно, соблюдает свои обязательства и эффективно решает возникающие споры.",arbitr
126fa025-82ca-541e-9375-a033cb40d2f2,5244026965,positive,9,taxArrears,"Не найден в реестре организаций должников ФНС, что может свидетельствовать об отсутствии задолженности перед налоговыми органами, что является положительным фактором при оценке надежности контрагента.",reestrs
126fa025-82ca-541e-9375-a033cb40d2f2,5244026965,positive,10,taxReporting,"Не найден в реестре организаций не сдающих отчётность, компания соблюдает свои обязательства по предоставлению отчетности и, вероятно, ведет бизнес прозрачно.",reestrs
126fa025-82ca-541e-9375-a033cb40d2f2,5244026965,positive,11,invalidAddress,"Не найден в реестре организаций с фиктивным адресом, это подтверждает, что компания зарегистрирована по реальному адресу, где фактически осуществляет свою деятельность.",reestrs
126fa025-82ca-541e-9375-a033cb40d2f2,5244026965,positive,12,invalidAuthpersonsData,"Не найден в реестре организаций с номинальным руководителем или с меткой о недостоверных данных руководителя, руководитель компании, вероятно, является реальным лицом, управляющим компанией, и информация о нем достоверна.",manager
126fa025-82ca-541e-9375-a033cb40d2f2,5244026965,positive,13,invalidRegistrationData,"Не найден в реестре организаций с недостоверными регистрационными данными, что говорит о благонадежности компании, информация о компании соответствует действительности.",reestrs
126fa025-82ca-541e-9375-a033cb40d2f2,5244026965,positive,14,proceeds,"У компании есть выручка за предыдущий год в размере 91602.0 тыс. руб., что свидетельствует о наличии стабильного дохода и успешной деятельности.",finance
126fa025-82ca-541e-9375-a033cb40d2f2,5244026965,positive,15,massOkved,"У компании небольшое количество кодов ОКВЭД, что может указывать на то, что компания сосредоточена на определенных видах деятельности и, вероятно, обладает опытом и специализацией в этих областях.",okved
126fa025-82ca-541e-9375-a033cb40d2f2,5244026965,positive,16,governmentContract,"Есть выигранные госконтракты. Изучите информацию о количестве и сумме тендеров и контрактов, чтобы получить более полное представление о контрагенте и его деятельности.",reestrs
c159a604-3bb0-52bd-81eb-1faaa168b96c,0278917431,negative,0,massOkved,"Компания имеет большое количество кодов ОКВЭД, что  может быть связано с попыткой компании охватить как можно больше направлений бизнеса, это может отрицательно сказаться на ее эффективности и надежности.",okved
c159a604-3bb0-52bd-81eb-1faaa168b96c,0278917431,positive,0,fnsBlocking,"Нет блокировок банковских счетов по постановлениям налоговой на текущую дату, что может говорить об отсутствии у компании проблем с налоговыми органами, которые привели бы к блокировке счетов.",reestrs
c159a604-3bb0-52bd-81eb-1faaa168b96c,0278917431,positive,1,executionProceedings,"Нет действующих исполнительных производств, в которых выступает в качестве ответчика, это может указывать на то, что компания своевременно исполняет свои обязательства и не имеет серьезных финансовых проблем.",execproc
c159a604-3bb0-52bd-81eb-1faaa168b96c,0278917431,positive,2,liquidationStatus,"Не найден в реестре организаций проходящих процедуру банкротства, что может свидетельствовать об отсутствии у компании текущих процедур банкротства, что является положительным знаком при оценке ее финансовой устойчивости.",reestrs
c159a604-3bb0-52bd-81eb-1faaa168b96c,0278917431,positive,3,massAuthpersons,"Не найден в реестре организаций с массовым директором или учредителем, вероятно, компания не используется в сомнительных схемах, что повышает доверие к ее деятельности.",manager
c159a604-3bb0-52bd-81eb-1faaa168b96c,0278917431,positive,4,massAddress,"Не найден в реестре организаций с массовым адресом, что может свидетельствовать о достоверности и актуальности данных об адресе юридического лица.",reestrs
c159a604-3bb0-52bd-81eb-1faaa168b96c,0278917431,positive,5,dishonestProvider,"Не найден в реестре организаций недобросовестных поставщиков, что может свидетельствовать об отсутствии у компании негативных историй участия в государственных закупках.",reestrs
c159a604-3bb0-52bd-81eb-1faaa168b96c,0278917431,positive,6,disqualifiedAuthpersons,"Руководитель организации не найден в реестре дисквалифицированных лиц, руководитель компании, вероятно, не имеет ограничений на занятие руководящих должностей и не был дисквалифицирован за нарушения законодательства.",manager
c159a604-3bb0-52bd-81eb-1faaa168b96c,0278917431,positive,7,аrbitrationDefendant,"Не найдены арбитражные дела, в которых выступает в качестве ответчика, что может свидетельствовать о том, что компания, вероятно, соблюдает свои обязательства и эффективно решает возникающие споры.",arbitr
c159a604-3bb0-52bd-81eb-1faaa168b96c,0278917431,positive,8,taxArrears,"Не найден в реестре организаций должников ФНС, что может свидетельствовать об отсутствии задолженности перед налоговыми органами, что является положительным фактором при оценке надежности контрагента.",reestrs
c159a604-3bb0-52bd-81eb-1faaa168b96c,0278917431,positive,9,taxReporting,"Не найден в реестре организаций не сдающих отчётность, компания соблюдает свои обязательства по предоставлению отчетности и, вероятно, ведет бизнес прозрачно.",reestrs
c159a604-3bb0-52bd-81eb-1faaa168b96c,0278917431,positive,10,invalidAddress,"Не найден в реестре организаций с фиктивным адресом, это подтверждает, что компания зарегистрирована по реальному адресу, где фактически осуществляет свою деятельность.",reestrs
c159a604-3bb0-52bd-81eb-1faaa168b96c,0278917431,positive,11,invalidAuthpersonsData,"Не найден в реестре организаций с номинальным руководителем или с меткой о недостоверных данных руководителя, руководитель компании, вероятно, является реальным лицом, управляющим компанией, и информация о нем достоверна.",manager
c159a604-3bb0-52bd-81eb-1faaa168b96c,0278917431,positive,12,invalidRegistrationData,"Не найден в реестре организаций с недостоверными регистрационными данными, что говорит о благонадежности компании, информация о компании соответствует действительности.",reestrs
c159a604-3bb0-52bd-81eb-1faaa168b96c,0278917431,positive,13,licenses,"У компании есть действующие лицензии - компания имеет право осуществлять определенные виды деятельности, требующие специального разрешения. Это может свидетельствовать о компетентности и надежности компании.",license
c159a604-3bb0-52bd-81eb-1faaa168b96c,0278917431,positive,14,proceeds,"У компании есть выручка за предыдущий год в размере 17198.0 тыс. руб., что свидетельствует о наличии стабильного дохода и успешной деятельности.",finance
c159a604-3bb0-52bd-81eb-1faaa168b96c,0278917431,positive,15,governmentContract,"Есть выигранные госконтракты. Изучите информацию о количестве и сумме тендеров и контрактов, чтобы получить более полное представление о контрагенте и его деятельности.",reestrs
a64d8861-c75d-5ad7-ae59-15f0baf1997b,470606601830,positive,0,fnsBlocking,"Нет блокировок банковских счетов по постановлениям налоговой на текущую дату, что может говорить об отсутствии у компании проблем с налоговыми органами, которые привели бы к блокировке счетов.",reestrs
a64d8861-c75d-5ad7-ae59-15f0baf1997b,470606601830,positive,1,relatedCompanies,"У компании есть связанные компании, это позволяет проанализировать не только текущую деятельность контрагента, но и историю связанных с ним организаций. Изучите информацию о связанных компаниях, их деятельности и истории, чтобы получить более полное представление о контрагенте и его надежности.",relatedComp
a64d8861-c75d-5ad7-ae59-15f0baf1997b,470606601830,positive,2,executionProceedings,"Нет действующих исполнительных производств, в которых выступает в качестве ответчика, это может указывать на то, что компания своевременно исполняет свои обязательства и не имеет серьезных финансовых проблем.",execproc
a64d8861-c75d-5ad7-ae59-15f0baf1997b,470606601830,positive,3,liquidationStatus,"Не найден в реестре организаций проходящих процедуру банкротства, что может свидетельствовать об отсутствии у компании текущих процедур банкротства, что является положительным знаком при оценке ее финансовой устойчивости.",reestrs
a64d8861-c75d-5ad7-ae59-15f0baf1997b,470606601830,positive,4,massAuthpersons,"Не найден в реестре организаций с массовым директором или учредителем, вероятно, компания не используется в сомнительных схемах, что повышает доверие к ее деятельности.",manager
a64d8861-c75d-5ad7-ae59-15f0baf1997b,470606601830,positive,5,massAddress,"Не найден в реестре организаций с массовым адресом, что может свидетельствовать о достоверности и актуальности данных об адресе юридического лица.",reestrs
a64d8861-c75d-5ad7-ae59-15f0baf1997b,470606601830,positive,6,dishonestProvider,"Не найден в реестре организаций недобросовестных поставщиков, что может свидетельствовать об отсутствии у компании негативных историй участия в государственных закупках.",reestrs
a64d8861-c75d-5ad7-ae59-15f0baf1997b,470606601830,positive,7,disqualifiedAuthpersons,"Руководитель организации не найден в реестре дисквалифицированных лиц, руководитель компании, вероятно, не имеет ограничений на занятие руководящих должностей и не был дисквалифицирован за нарушения законодательства.",manager
a64d8861-c75d-5ad7-ae59-15f0baf1997b,470606601830,positive,8,аrbitrationDefendant,"Не найдены арбитражные дела, в которых выступает в качестве ответчика, что может свидетельствовать о том, что компания, вероятно, соблюдает свои обязательства и эффективно решает возникающие споры.",arbitr
a64d8861-c75d-5ad7-ae59-15f0baf1997b,470606601830,positive,9,taxArrears,"Не найден в реестре организаций должников ФНС, что может свидетельствовать об отсутствии задолженности перед налоговыми органами, что является положительным фактором при оценке надежности контрагента.",reestrs
a64d8861-c75d-5ad7-ae59-15f0baf1997b,470606601830,positive,10,taxReporting,"Не найден в реестре организаций не сдающих отчётность, компания соблюдает свои обязательства по предоставлению отчетности и, вероятно, ведет бизнес прозрачно.",reestrs
a64d8861-c75d-5ad7-ae59-15f0baf1997b,470606601830,positive,11,invalidAddress,"Не найден в реестре организаций с фиктивным адресом, это подтверждает, что компания зарегистрирована по реальному адресу, где фактически осуществляет свою деятельность.",reestrs
a64d8861-c75d-5ad7-ae59-15f0baf1997b,470606601830,positive,12,invalidAuthpersonsData,"Не найден в реестре организаций с номинальным руководителем или с меткой о недостоверных данных руководителя, руководитель компании, вероятно, является реальным лицом, управляющим компанией, и информация о нем достоверна.",manager
a64d8861-c75d-5ad7-ae59-15f0baf1997b,470606601830,positive,13,invalidRegistrationData,"Не найден в реестре организаций с недостоверными регистрационными данными, что говорит о благонадежности компании, информация о компании соответствует действительности.",reestrs
a64d8861-c75d-5ad7-ae59-15f0baf1997b,470606601830,positive,14,massOkved,"У компании небольшое количество кодов ОКВЭД, что может указывать на то, что компания сосредоточена на определенных видах деятельности и, вероятно, обладает опытом и специализацией в этих областях.",okved
c1009ef1-6f45-52e3-a65f-00e31bb34a59,616205958623,positive,0,fnsBlocking,"Нет блокировок банковских счетов по постановлениям налоговой на текущую дату, что может говорить об отсутствии у компании проблем с налоговыми органами, которые привели бы к блокировке счетов.",reestrs
c1009ef1-6f45-52e3-a65f-00e31bb34a59,616205958623,positive,1,executionProceedings,"Нет действующих исполнительных производств, в которых выступает в качестве ответчика, это может указывать на то, что компания своевременно исполняет свои обязательства и не имеет серьезных финансовых проблем.",execproc
c1009ef1-6f45-52e3-a65f-00e31bb34a59,616205958623,positive,2,liquidationStatus,"Не найден в реестре организаций проходящих процедуру банкротства, что может свидетельствовать об отсутствии у компании текущих процедур банкротства, что является положительным знаком при оценке ее финансовой устойчивости.",reestrs
c1009ef1-6f45-52e3-a65f-00e31bb34a59,616205958623,positive,3,massAuthpersons,"Не найден в реестре организаций с массовым директором или учредителем, вероятно, компания не используется в сомнительных схемах, что повышает доверие к ее деятельности.",manager
c1009ef1-6f45-52e3-a65f-00e31bb34a59,616205958623,positive,4,massAddress,"Не найден в реестре организаций с массовым адресом, что может свидетельствовать о достоверности и актуальности данных об адресе юридического лица.",reestrs
c1009ef1-6f45-52e3-a65f-00e31bb34a59,616205958623,positive,5,dishonestProvider,"Не найден в реестре организаций недобросовестных поставщиков, что может свидетельствовать об отсутствии у компании негативных историй участия в государственных закупках.",reestrs
c1009ef1-6f45-52e3-a65f-00e31bb34a59,616205958623,positive,6,disqualifiedAuthpersons,"Руководитель организации не найден в реестре дисквалифицированных лиц, руководитель компании, вероятно, не имеет ограничений на занятие руководящих должностей и не был дисквалифицирован за нарушения законодательства.",manager
c1009ef1-6f45-52e3-a65f-00e31bb34a59,616205958623,positive,7,аrbitrationDefendant,"Не найдены арбитражные дела, в которых выступает в качестве ответчика, что может свидетельствовать о том, что компания, вероятно, соблюдает свои обязательства и эффективно решает возникающие споры.",arbitr
c1009ef1-6f45-52e3-a65f-00e31bb34a59,616205958623,positive,8,taxArrears,"Не найден в реестре организаций должников ФНС, что может свидетельствовать об отсутствии задолженности перед налоговыми органами, что является положительным фактором при оценке надежности контрагента.",reestrs
c1009ef1-6f45-52e3-a65f-00e31bb34a59,616205958623,positive,9,taxReporting,"Не найден в реестре организаций не сдающих отчётность, компания соблюдает свои обязательства по предоставлению отчетности и, вероятно, ведет бизнес прозрачно.",reestrs
c1009ef1-6f45-52e3-a65f-00e31bb34a59,616205958623,positive,10,invalidAddress,"Не найден в реестре организаций с фиктивным адресом, это подтверждает, что компания зарегистрирована по реальному адресу, где фактически осуществляет свою деятельность.",reestrs
c1009ef1-6f45-52e3-a65f-00e31bb34a59,616205958623,positive,11,invalidAuthpersonsData,"Не найден в реестре организаций с номинальным руководителем или с меткой о недостоверных данных руководителя, руководитель компании, вероятно, является реальным лицом, управляющим компанией, и информация о нем достоверна.",manager
c1009ef1-6f45-52e3-a65f-00e31bb34a59,616205958623,positive,12,invalidRegistrationData,"Не найден в реестре организаций с недостоверными регистрационными данными, что говорит о благонадежности компании, информация о компании соответствует действительности.",reestrs
c1009ef1-6f45-52e3-a65f-00e31bb34a59,616205958623,positive,13,massOkved,"У компании небольшое количество кодов ОКВЭД, что может указывать на то, что компания сосредоточена на определенных видах деятельности и, вероятно, обладает опытом и специализацией в этих областях.",okved
38d16768-5aec-5111-8a14-3e25f4d77e90,9701166515,negative,0,massAddress,"Находится в реестре организаций с массовым адресом, что может быть признаком фиктивной регистрации.",reestrs
38d16768-5aec-5111-8a14-3e25f4d77e90,9701166515,positive,0,fnsBlocking,"Нет блокировок банковских счетов по постановлениям налоговой на текущую дату, что может говорить об отсутствии у компании проблем с налоговыми органами, которые привели бы к блокировке счетов.",reestrs
38d16768-5aec-5111-8a14-3e25f4d77e90,9701166515,positive,1,relatedCompanies,"У компании есть связанные компании, это позволяет проанализировать не только текущую деятельность контрагента, но и историю связанных с ним организаций. Изучите информацию о связанных компаниях, их деятельности и истории, чтобы получить более полное представление о контрагенте и его надежности.",relatedComp
38d16768-5aec-5111-8a14-3e25f4d77e90,9701166515,positive,2,executionProceedings,"Нет действующих исполнительных производств, в которых выступает в качестве ответчика, это может указывать на то, что компания своевременно исполняет свои обязательства и не имеет серьезных финансовых проблем.",execproc
38d16768-5aec-5111-8a14-3e25f4d77e90,9701166515,positive,3,liquidationStatus,"Не найден в реестре организаций проходящих процедуру банкротства, что может свидетельствовать об отсутствии у компании текущих процедур банкротства, что является положительным знаком при оценке ее финансовой устойчивости.",reestrs
38d16768-5aec-5111-8a14-3e25f4d77e90,9701166515,positive,4,massAuthpersons,"Не найден в реестре организаций с массовым директором или учредителем, вероятно, компания не используется в сомнительных схемах, что повышает доверие к ее деятельности.",manager
38d16768-5aec-5111-8a14-3e25f4d77e90,9701166515,positive,5,dishonestProvider,"Не найден в реестре организаций недобросовестных поставщиков, что может свидетельствовать об отсутствии у компании негативных историй участия в государственных закупках.",reestrs
38d16768-5aec-5111-8a14-3e25f4d77e90,9701166515,positive,6,disqualifiedAuthpersons,"Руководитель организации не найден в реестре дисквалифицированных лиц, руководитель компании, вероятно, не имеет ограничений на занятие руководящих должностей и не был дисквалифицирован за нарушения законодательства.",manager
38d16768-5aec-5111-8a14-3e25f4d77e90,9701166515,positive,7,аrbitrationDefendant,"Не найдены арбитражные дела, в которых выступает в качестве ответчика, что может свидетельствовать о том, что компания, вероятно, соблюдает свои обязательства и эффективно решает возникающие споры.",arbitr
38d16768-5aec-5111-8a14-3e25f4d77e90,9701166515,positive,8,taxArrears,"Не найден в реестре организаций должников ФНС, что может свидетельствовать об отсутствии задолженности перед налоговыми органами, что является положительным фактором при оценке надежности контрагента.",reestrs
38d16768-5aec-5111-8a14-3e25f4d77e90,9701166515,positive,9,taxReporting,"Не найден в реестре организаций не сдающих отчётность, компания соблюдает свои обязательства по предоставлению отчетности и, вероятно, ведет бизнес прозрачно.",reestrs
38d16768-5aec-5111-8a14-3e25f4d77e90,9701166515,positive,10,invalidAddress,"Не найден в реестре организаций с фиктивным адресом, это подтверждает, что компания зарегистрирована по реальному адресу, где фактически осуществляет свою деятельность.",reestrs
38d16768-5aec-5111-8a14-3e25f4d77e90,9701166515,positive,11,invalidAuthpersonsData,"Не найден в реестре организаций с номинальным руководителем или с меткой о недостоверных данных руководителя, руководитель компании, вероятно, является реальным лицом, управляющим компанией, и информация о нем достоверна.",manager
38d16768-5aec-5111-8a14-3e25f4d77e90,9701166515,positive,12,invalidRegistrationData,"Не найден в реестре организаций с недостоверными регистрационными данными, что говорит о благонадежности компании, информация о компании соответствует действительности.",reestrs
38d16768-5aec-5111-8a14-3e25f4d77e90,9701166515,positive,13,proceeds,"У компании есть выручка за предыдущий год в размере 11674.0 тыс. руб., что свидетельствует о наличии стабильного дохода и успешной деятельности.",finance
38d16768-5aec-5111-8a14-3e25f4d77e90,9701166515,positive,14,massOkved,"У компании небольшое количество кодов ОКВЭД, что может указывать на то, что компания сосредоточена на определенных видах деятельности и, вероятно, обладает опытом и специализацией в этих областях.",okved
38d16768-5aec-5111-8a14-3e25f4d77e90,9701166515,positive,15,profit,"У компании есть прибыль за предыдущий год в размере 679.0 тыс. руб., что указывает на эффективное управление затратами и положительные финансовые результаты.",finance
38d16768-5aec-5111-8a14-3e25f4d77e90,9701166515,positive,16,currentAssets,"У компании имеются оборотные активы в размере 5697.0 тыс. руб., что обеспечивает достаточную ликвидность для покрытия краткосрочных обязательств и ведения текущей деятельности.",finance
540a5aa3-dd7e-5c02-bfd5-d0b0e0579614,9714079997,negative,0,massAddress,"Находится в реестре организаций с массовым адресом, что может быть признаком фиктивной регистрации.",reestrs
540a5aa3-dd7e-5c02-bfd5-d0b0e0579614,9714079997,positive,0,fnsBlocking,"Нет блокировок банковских счетов по постановлениям налоговой на текущую дату, что может говорить об отсутствии у компании проблем с налоговыми органами, которые привели бы к блокировке счетов.",reestrs
540a5aa3-dd7e-5c02-bfd5-d0b0e0579614,9714079997,positive,1,relatedCompanies,"У компании есть связанные компании, это позволяет проанализировать не только текущую деятельность контрагента, но и историю связанных с ним организаций. Изучите информацию о связанных компаниях, их деятельности и истории, чтобы получить более полное представление о контрагенте и его надежности.",relatedComp
540a5aa3-dd7e-5c02-bfd5-d0b0e0579614,9714079997,positive,2,executionProceedings,"Нет действующих исполнительных производств, в которых выступает в качестве ответчика, это может указывать на то, что компания своевременно исполняет свои обязательства и не имеет серьезных финансовых проблем.",execproc
540a5aa3-dd7e-5c02-bfd5-d0b0e0579614,9714079997,positive,3,liquidationStatus,"Не найден в реестре организаций проходящих процедуру банкротства, что может свидетельствовать об отсутствии у компании текущих процедур банкротства, что является положительным знаком при оценке ее финансовой устойчивости.",reestrs
540a5aa3-dd7e-5c02-bfd5-d0b0e0579614,9714079997,positive,4,massAuthpersons,"Не найден в реестре организаций с массовым директором или учредителем, вероятно, компания не используется в сомнительных схемах, что повышает доверие к ее деятельности.",manager
540a5aa3-dd7e-5c02-bfd5-d0b0e0579614,9714079997,positive,5,dishonestProvider,"Не найден в реестре организаций недобросовестных поставщиков, что может свидетельствовать об отсутствии у компании негативных историй участия в государственных закупках.",reestrs
540a5aa3-dd7e-5c02-bfd5-d0b0e0579614,9714079997,positive,6,disqualifiedAuthpersons,"Руководитель организации не найден в реестре дисквалифицированных лиц, руководитель компании, вероятно, не имеет ограничений на занятие руководящих должностей и не был дисквалифицирован за нарушения законодательства.",manager
540a5aa3-dd7e-5c02-bfd5-d0b0e0579614,9714079997,positive,7,аrbitrationDefendant,"Не найдены арбитражные дела, в которых выступает в качестве ответчика, что может свидетельствовать о том, что компания, вероятно, соблюдает свои обязательства и эффективно решает возникающие споры.",arbitr
540a5aa3-dd7e-5c02-bfd5-d0b0e0579614,9714079997,positive,8,taxArrears,"Не найден в реестре организаций должников ФНС, что может свидетельствовать об отсутствии задолженности перед налоговыми органами, что является положительным фактором при оценке надежности контрагента.",reestrs
540a5aa3-dd7e-5c02-bfd5-d0b0e0579614,9714079997,positive,9,taxReporting,"Не найден в реестре организаций не сдающих отчётность, компания соблюдает свои обязательства по предоставлению отчетности и, вероятно, ведет бизнес прозрачно.",reestrs
540a5aa3-dd7e-5c02-bfd5-d0b0e0579614,9714079997,positive,10,invalidAddress,"Не найден в реестре организаций с фиктивным адресом, это подтверждает, что компания зарегистрирована по реальному адресу, где фактически осуществляет свою деятельность.",reestrs
540a5aa3-dd7e-5c02-bfd5-d0b0e0579614,9714079997,positive,11,invalidAuthpersonsData,"Не найден в реестре организаций с номинальным руководителем или с меткой о недостоверных данных руководителя, руководитель компании, вероятно, является реальным лицом, управляющим компанией, и информация о нем достоверна.",manager
540a5aa3-dd7e-5c02-bfd5-d0b0e0579614,9714079997,positive,12,invalidRegistrationData,"Не найден в реестре организаций с недостоверными регистрационными данными, что говорит о благонадежности компании, информация о компании соответствует действительности.",reestrs
540a5aa3-dd7e-5c02-bfd5-d0b0e0579614,9714079997,positive,13,proceeds,"У компании есть выручка за предыдущий год в размере 96013.0 тыс. руб., что свидетельствует о наличии стабильного дохода и успешной деятельности.",finance
540a5aa3-dd7e-5c02-bfd5-d0b0e0579614,9714079997,positive,14,massOkved,"У компании небольшое количество кодов ОКВЭД, что может указывать на то, что компания сосредоточена на определенных видах деятельности и, вероятно, обладает опытом и специализацией в этих областях.",okved
540a5aa3-dd7e-5c02-bfd5-d0b0e0579614,9714079997,positive,15,profit,"У компании есть прибыль за предыдущий год в размере 1.0 тыс. руб., что указывает на эффективное управление затратами и положительные финансовые результаты.",finance
540a5aa3-dd7e-5c02-bfd5-d0b0e0579614,9714079997,positive,16,currentAssets,"У компании имеются оборотные активы в размере 469.0 тыс. руб., что обеспечивает достаточную ликвидность для покрытия краткосрочных обязательств и ведения текущей деятельности.",finance
cac3a7f0-24aa-5e00-baa7-3e391420b2f2,7826131151,positive,0,fnsBlocking,"Нет блокировок банковских счетов по постановлениям налоговой на текущую дату, что может говорить об отсутствии у компании проблем с налоговыми органами, которые привели бы к блокировке счетов.",reestrs
cac3a7f0-24aa-5e00-baa7-3e391420b2f2,7826131151,positive,1,relatedCompanies,"У компании есть связанные компании, это позволяет проанализировать не только текущую деятельность контрагента, но и историю связанных с ним организаций. Изучите информацию о связанных компаниях, их деятельности и истории, чтобы получить более полное представление о контрагенте и его надежности.",relatedComp
cac3a7f0-24aa-5e00-baa7-3e391420b2f2,7826131151,positive,2,executionProceedings,"Нет действующих исполнительных производств, в которых выступает в качестве ответчика, это может указывать на то, что компания своевременно исполняет свои обязательства и не имеет серьезных финансовых проблем.",execproc
cac3a7f0-24aa-5e00-baa7-3e391420b2f2,7826131151,positive,3,liquidationStatus,"Не найден в реестре организаций проходящих процедуру банкротства, что может свидетельствовать об отсутствии у компании текущих процедур банкротства, что является положительным знаком при оценке ее финансовой устойчивости.",reestrs
cac3a7f0-24aa-5e00-baa7-3e391420b2f2,7826131151,positive,4,massAuthpersons,"Не найден в реестре организаций с массовым директором или учредителем, вероятно, компания не используется в сомнительных схемах, что повышает доверие к ее деятельности.",manager
cac3a7f0-24aa-5e00-baa7-3e391420b2f2,7826131151,positive,5,massAddress,"Не найден в реестре организаций с массовым адресом, что может свидетельствовать о достоверности и актуальности данных об адресе юридического лица.",reestrs
cac3a7f0-24aa-5e00-baa7-3e391420b2f2,7826131151,positive,6,dishonestProvider,"Не найден в реестре организаций недобросовестных поставщиков, что может свидетельствовать об отсутствии у компании негативных историй участия в государственных закупках.",reestrs
cac3a7f0-24aa-5e00-baa7-3e391420b2f2,7826131151,positive,7,disqualifiedAuthpersons,"Руководитель организации не найден в реестре дисквалифицированных лиц, руководитель компании, вероятно, не имеет ограничений на занятие руководящих должностей и не был дисквалифицирован за нарушения законодательства.",manager
cac3a7f0-24aa-5e00-baa7-3e391420b2f2,7826131151,positive,8,аrbitrationDefendant,"Не найдены арбитражные дела, в которых выступает в качестве ответчика, что может свидетельствовать о том, что компания, вероятно, соблюдает свои обязательства и эффективно решает возникающие споры.",arbitr
cac3a7f0-24aa-5e00-baa7-3e391420b2f2,7826131151,positive,9,taxArrears,"Не найден в реестре организаций должников ФНС, что может свидетельствовать об отсутствии задолженности перед налоговыми органами, что является положительным фактором при оценке надежности контрагента.",reestrs
cac3a7f0-24aa-5e00-baa7-3e391420b2f2,7826131151,positive,10,taxReporting,"Не найден в реестре организаций не сдающих отчётность, компания соблюдает свои обязательства по предоставлению отчетности и, вероятно, ведет бизнес прозрачно.",reestrs
cac3a7f0-24aa-5e00-baa7-3e391420b2f2,7826131151,positive,11,invalidAddress,"Не найден в реестре организаций с фиктивным адресом, это подтверждает, что компания зарегистрирована по реальному адресу, где фактически осуществляет свою деятельность.",reestrs
cac3a7f0-24aa-5e00-baa7-3e391420b2f2,7826131151,positive,12,invalidAuthpersonsData,"Не найден в реестре организаций с номинальным руководителем или с меткой о недостоверных данных руководителя, руководитель компании, вероятно, является реальным лицом, управляющим компанией, и информация о нем достоверна.",manager
cac3a7f0-24aa-5e00-baa7-3e391420b2f2,7826131151,positive,13,invalidRegistrationData,"Не найден в реестре организаций с недостоверными регистрационными данными, что говорит о благонадежности компании, информация о компании соответствует действительности.",reestrs
cac3a7f0-24aa-5e00-baa7-3e391420b2f2,7826131151,positive,14,licenses,"У компании есть действующие лицензии - компания имеет право осуществлять определенные виды деятельности, требующие специального разрешения. Это может свидетельствовать о компетентности и надежности компании.",license
cac3a7f0-24aa-5e00-baa7-3e391420b2f2,7826131151,positive,15,proceeds,"У компании есть выручка за предыдущий год в размере 139893.0 тыс. руб., что свидетельствует о наличии стабильного дохода и успешной деятельности.",finance
cac3a7f0-24aa-5e00-baa7-3e391420b2f2,7826131151,positive,16,massOkved,"У компании небольшое количество кодов ОКВЭД, что может указывать на то, что компания сосредоточена на определенных видах деятельности и, вероятно, обладает опытом и специализацией в этих областях.",okved
cac3a7f0-24aa-5e00-baa7-3e391420b2f2,7826131151,positive,17,profit,"У компании есть прибыль за предыдущий год в размере 80031.0 тыс. руб., что указывает на эффективное управление затратами и положительные финансовые результаты.",finance
cac3a7f0-24aa-5e00-baa7-3e391420b2f2,7826131151,positive,18,currentAssets,"У компании имеются оборотные активы в размере 1582.0 тыс. руб., что обеспечивает достаточную ликвидность для покрытия краткосрочных обязательств и ведения текущей деятельности.",finance
cac3a7f0-24aa-5e00-baa7-3e391420b2f2,7826131151,positive,19,uncurrentAssets,"У компании есть внеоборотные активы на сумму 1104203.0 тыс. руб., что, вероятно, может говорить о стабильном положении и долгосрочных перспективах развития.",finance
cac3a7f0-24aa-5e00-baa7-3e391420b2f2,7826131151,positive,20,webSite,"У компании есть сайт, что может свидетельствовать о том, что компания заинтересована в прозрачности своего бизнеса и стремится предоставить информацию о себе клиентам и партнерам. Сайт компании может содержать полезную информацию о ее деятельности, продуктах или услугах, контактах и т.д. Вы можете подробнее изучить информацию об услугах компании по указанной ссылке.",site
cac3a7f0-24aa-5e00-baa7-3e391420b2f2,7826131151,positive,21,governmentContract,"Есть выигранные госконтракты. Изучите информацию о количестве и сумме тендеров и контрактов, чтобы получить более полное представление о контрагенте и его деятельности.",reestrs
bf753ecf-e209-570c-931c-80a9fafd7e3b,9714021411,positive,0,fnsBlocking,"Нет блокировок банковских счетов по постановлениям налоговой на текущую дату, что может говорить об отсутствии у компании проблем с налоговыми органами, которые привели бы к блокировке счетов.",reestrs
bf753ecf-e209-570c-931c-80a9fafd7e3b,9714021411,positive,1,relatedCompanies,"У компании есть связанные компании, это позволяет проанализировать не только текущую деятельность контрагента, но и историю связанных с ним организаций. Изучите информацию о связанных компаниях, их деятельности и истории, чтобы получить более полное представление о контрагенте и его надежности.",relatedComp
bf753ecf-e209-570c-931c-80a9fafd7e3b,9714021411,positive,2,executionProceedings,"Нет действующих исполнительных производств, в которых выступает в качестве ответчика, это может указывать на то, что компания своевременно исполняет свои обязательства и не имеет серьезных финансовых проблем.",execproc
bf753ecf-e209-570c-931c-80a9fafd7e3b,9714021411,positive,3,liquidationStatus,"Не найден в реестре организаций проходящих процедуру банкротства, что может свидетельствовать об отсутствии у компании текущих процедур банкротства, что является положительным знаком при оценке ее финансовой устойчивости.",reestrs
bf753ecf-e209-570c-931c-80a9fafd7e3b,9714021411,positive,4,massAuthpersons,"Не найден в реестре организаций с массовым директором или учредителем, вероятно, компания не используется в сомнительных схемах, что повышает доверие к ее деятельности.",manager
bf753ecf-e209-570c-931c-80a9fafd7e3b,9714021411,positive,5,massAddress,"Не найден в реестре организаций с массовым адресом, что может свидетельствовать о достоверности и актуальности данных об адресе юридического лица.",reestrs
bf753ecf-e209-570c-931c-80a9fafd7e3b,9714021411,positive,6,dishonestProvider,"Не найден в реестре организаций недобросовестных поставщиков, что может свидетельствовать об отсутствии у компании негативных историй участия в государственных закупках.",reestrs
bf753ecf-e209-570c-931c-80a9fafd7e3b,9714021411,positive,7,disqualifiedAuthpersons,"Руководитель организации не найден в реестре дисквалифицированных лиц, руководитель компании, вероятно, не имеет ограничений на занятие руководящих должностей и не был дисквалифицирован за нарушения законодательства.",manager
bf753ecf-e209-570c-931c-80a9fafd7e3b,9714021411,positive,8,аrbitrationDefendant,"Не найдены арбитражные дела, в которых выступает в качестве ответчика, что может свидетельствовать о том, что компания, вероятно, соблюдает свои обязательства и эффективно решает возникающие споры.",arbitr
bf753ecf-e209-570c-931c-80a9fafd7e3b,9714021411,positive,9,taxArrears,"Не найден в реестре организаций должников ФНС, что может свидетельствовать об отсутствии задолженности перед налоговыми органами, что является положительным фактором при оценке надежности контрагента.",reestrs
bf753ecf-e209-570c-931c-80a9fafd7e3b,9714021411,positive,10,taxReporting,"Не найден в реестре организаций не сдающих отчётность, компания соблюдает свои обязательства по предоставлению отчетности и, вероятно, ведет бизнес прозрачно.",reestrs
bf753ecf-e209-570c-931c-80a9fafd7e3b,9714021411,positive,11,invalidAddress,"Не найден в реестре организаций с фиктивным адресом, это подтверждает, что компания зарегистрирована по реальному адресу, где фактически осуществляет свою деятельность.",reestrs
bf753ecf-e209-570c-931c-80a9fafd7e3b,9714021411,positive,12,invalidAuthpersonsData,"Не найден в реестре организаций с номинальным руководителем или с меткой о недостоверных данных руководителя, руководитель компании, вероятно, является реальным лицом, управляющим компанией, и информация о нем достоверна.",manager
bf753ecf-e209-570c-931c-80a9fafd7e3b,9714021411,positive,13,invalidRegistrationData,"Не найден в реестре организаций с недостоверными регистрационными данными, что говорит о благонадежности компании, информация о компании соответствует действительности.",reestrs
bf753ecf-e209-570c-931c-80a9fafd7e3b,9714021411,positive,14,massOkved,"У компании небольшое количество кодов ОКВЭД, что может указывать на то, что компания сосредоточена на определенных видах деятельности и, вероятно, обладает опытом и специализацией в этих областях.",okved
cc7f6d32-2807-51de-93d3-f602c3ee1490,6321305439,negative,0,arbitrationDefendant,"Есть арбитражные дела, в которых выступает в качестве ответчика, что может указывать на наличие споров с контрагентами или государственными органами. Это может быть признаком нестабильности в деятельности компании и потенциальных финансовых рисков.",arbitr
cc7f6d32-2807-51de-93d3-f602c3ee1490,6321305439,positive,0,fnsBlocking,"Нет блокировок банковских счетов по постановлениям налоговой на текущую дату, что может говорить об отсутствии у компании проблем с налоговыми органами, которые привели бы к блокировке счетов.",reestrs
cc7f6d32-2807-51de-93d3-f602c3ee1490,6321305439,positive,1,relatedCompanies,"У компании есть связанные компании, это позволяет проанализировать не только текущую деятельность контрагента, но и историю связанных с ним организаций. Изучите информацию о связанных компаниях, их деятельности и истории, чтобы получить более полное представление о контрагенте и его надежности.",relatedComp
cc7f6d32-2807-51de-93d3-f602c3ee1490,6321305439,positive,2,executionProceedings,"Нет действующих исполнительных производств, в которых выступает в качестве ответчика, это может указывать на то, что компания своевременно исполняет свои обязательства и не имеет серьезных финансовых проблем.",execproc
cc7f6d32-2807-51de-93d3-f602c3ee1490,6321305439,positive,3,liquidationStatus,"Не найден в реестре организаций проходящих процедуру банкротства, что может свидетельствовать об отсутствии у компании текущих процедур банкротства, что является положительным знаком при оценке ее финансовой устойчивости.",reestrs
cc7f6d32-2807-51de-93d3-f602c3ee1490,6321305439,positive,4,massAuthpersons,"Не найден в реестре организаций с массовым директором или учредителем, вероятно, компания не используется в сомнительных схемах, что повышает доверие к ее деятельности.",manager
cc7f6d32-2807-51de-93d3-f602c3ee1490,6321305439,positive,5,massAddress,"Не найден в реестре организаций с массовым адресом, что может свидетельствовать о достоверности и актуальности данных об адресе юридического лица.",reestrs
cc7f6d32-2807-51de-93d3-f602c3ee1490,6321305439,positive,6,dishonestProvider,"Не найден в реестре организаций недобросовестных поставщиков, что может свидетельствовать об отсутствии у компании негативных историй участия в государственных закупках.",reestrs
cc7f6d32-2807-51de-93d3-f602c3ee1490,6321305439,positive,7,disqualifiedAuthpersons,"Руководитель организации не найден в реестре дисквалифицированных лиц, руководитель компании, вероятно, не имеет ограничений на занятие руководящих должностей и не был дисквалифицирован за нарушения законодательства.",manager
cc7f6d32-2807-51de-93d3-f602c3ee1490,6321305439,positive,8,taxArrears,"Не найден в реестре организаций должников ФНС, что может свидетельствовать об отсутствии задолженности перед налоговыми органами, что является положительным фактором при оценке надежности контрагента.",reestrs
cc7f6d32-2807-51de-93d3-f602c3ee1490,6321305439,positive,9,taxReporting,"Не найден в реестре организаций не сдающих отчётность, компания соблюдает свои обязательства по предоставлению отчетности и, вероятно, ведет бизнес прозрачно.",reestrs
cc7f6d32-2807-51de-93d3-f602c3ee1490,6321305439,positive,10,invalidAddress,"Не найден в реестре организаций с фиктивным адресом, это подтверждает, что компания зарегистрирована по реальному адресу, где фактически осуществляет свою деятельность.",reestrs
cc7f6d32-2807-51de-93d3-f602c3ee1490,6321305439,positive,11,invalidAuthpersonsData,"Не найден в реестре организаций с номинальным руководителем или с меткой о недостоверных данных руководителя, руководитель компании, вероятно, является реальным лицом, управляющим компанией, и информация о нем достоверна.",manager
cc7f6d32-2807-51de-93d3-f602c3ee1490,6321305439,positive,12,invalidRegistrationData,"Не найден в реестре организаций с недостоверными регистрационными данными, что говорит о благонадежности компании, информация о компании соответствует действительности.",reestrs
cc7f6d32-2807-51de-93d3-f602c3ee1490,6321305439,positive,13,proceeds,"У компании есть выручка за предыдущий год в размере 8214.0 тыс. руб., что свидетельствует о наличии стабильного дохода и успешной деятельности.",finance
cc7f6d32-2807-51de-93d3-f602c3ee1490,6321305439,positive,14,massOkved,"У компании небольшое количество кодов ОКВЭД, что может указывать на то, что компания сосредоточена на определенных видах деятельности и, вероятно, обладает опытом и специализацией в этих областях.",okved
b500a13c-df88-59e0-9311-3c5160d8958a,2364004929,negative,0,executionProceedings,"Есть действующие исполнительные производства, в которых выступает в качестве ответчика, это может означать, что компания имеет неисполненные обязательства перед кредиторами или государственными органами. Такая информация негативно сказывается на репутации и кредитоспособности лица или организации, поскольку свидетельствует о возможных финансовых трудностях или нежелании выполнять свои обязательства.",execproc
b500a13c-df88-59e0-9311-3c5160d8958a,2364004929,negative,1,massOkved,"Компания имеет большое количество кодов ОКВЭД, что  может быть связано с попыткой компании охватить как можно больше направлений бизнеса, это может отрицательно сказаться на ее эффективности и надежности.",okved
b500a13c-df88-59e0-9311-3c5160d8958a,2364004929,negative,2,arbitrationDefendant,"Есть арбитражные дела, в которых выступает в качестве ответчика, что может указывать на наличие споров с контрагентами или государственными органами. Это может быть признаком нестабильности в деятельности компании и потенциальных финансовых рисков.",arbitr
b500a13c-df88-59e0-9311-3c5160d8958a,2364004929,positive,0,fnsBlocking,"Нет блокировок банковских счетов по постановлениям налоговой на текущую дату, что может говорить об отсутствии у компании проблем с налоговыми органами, которые привели бы к блокировке счетов.",reestrs
b500a13c-df88-59e0-9311-3c5160d8958a,2364004929,positive,1,liquidationStatus,"Не найден в реестре организаций проходящих процедуру банкротства, что может свидетельствовать об отсутствии у компании текущих процедур банкротства, что является положительным знаком при оценке ее финансовой устойчивости.",reestrs
b500a13c-df88-59e0-9311-3c5160d8958a,2364004929,positive,2,massAuthpersons,"Не найден в реестре организаций с массовым директором или учредителем, вероятно, компания не используется в сомнительных схемах, что повышает доверие к ее деятельности.",manager
b500a13c-df88-59e0-9311-3c5160d8958a,2364004929,positive,3,massAddress,"Не найден в реестре организаций с массовым адресом, что может свидетельствовать о достоверности и актуальности данных об адресе юридического лица.",reestrs
b500a13c-df88-59e0-9311-3c5160d8958a,2364004929,positive,4,dishonestProvider,"Не найден в реестре организаций недобросовестных поставщиков, что может свидетельствовать об отсутствии у компании негативных историй участия в государственных закупках.",reestrs
b500a13c-df88-59e0-9311-3c5160d8958a,2364004929,positive,5,disqualifiedAuthpersons,"Руководитель организации не найден в реестре дисквалифицированных лиц, руководитель компании, вероятно, не имеет ограничений на занятие руководящих должностей и не был дисквалифицирован за нарушения законодательства.",manager
b500a13c-df88-59e0-9311-3c5160d8958a,2364004929,positive,6,taxArrears,"Не найден в реестре организаций должников ФНС, что может свидетельствовать об отсутствии задолженности перед налоговыми органами, что является положительным фактором при оценке надежности контрагента.",reestrs
b500a13c-df88-59e0-9311-3c5160d8958a,2364004929,positive,7,taxReporting,"Не найден в реестре организаций не сдающих отчётность, компания соблюдает свои обязательства по предоставлению отчетности и, вероятно, ведет бизнес прозрачно.",reestrs
b500a13c-df88-59e0-9311-3c5160d8958a,2364004929,positive,8,invalidAddress,"Не найден в реестре организаций с фиктивным адресом, это подтверждает, что компания зарегистрирована по реальному адресу, где фактически осуществляет свою деятельность.",reestrs
b500a13c-df88-59e0-9311-3c5160d8958a,2364004929,positive,9,invalidAuthpersonsData,"Не найден в реестре организаций с номинальным руководителем или с меткой о недостоверных данных руководителя, руководитель компании, вероятно, является реальным лицом, управляющим компанией, и информация о нем достоверна.",manager
b500a13c-df88-59e0-9311-3c5160d8958a,2364004929,positive,10,invalidRegistrationData,"Не найден в реестре организаций с недостоверными регистрационными данными, что говорит о благонадежности компании, информация о компании соответствует действительности.",reestrs
b500a13c-df88-59e0-9311-3c5160d8958a,2364004929,positive,11,proceeds,"У компании есть выручка за предыдущий год в размере 376814.0 тыс. руб., что свидетельствует о наличии стабильного дохода и успешной деятельности.",finance
b500a13c-df88-59e0-9311-3c5160d8958a,2364004929,positive,12,profit,"У компании есть прибыль за предыдущий год в размере 5323.0 тыс. руб., что указывает на эффективное управление затратами и положительные финансовые результаты.",finance
b500a13c-df88-59e0-9311-3c5160d8958a,2364004929,positive,13,currentAssets,"У компании имеются оборотные активы в размере 139053.0 тыс. руб., что обеспечивает достаточную ликвидность для покрытия краткосрочных обязательств и ведения текущей деятельности.",finance
b500a13c-df88-59e0-9311-3c5160d8958a,2364004929,positive,14,uncurrentAssets,"У компании есть внеоборотные активы на сумму 996.0 тыс. руб., что, вероятно, может говорить о стабильном положении и долгосрочных перспективах развития.",finance
b500a13c-df88-59e0-9311-3c5160d8958a,2364004929,positive,15,governmentContract,"Есть выигранные госконтракты. Изучите информацию о количестве и сумме тендеров и контрактов, чтобы получить более полное представление о контрагенте и его деятельности.",reestrs
827da3fc-22a5-5e86-98eb-b0453ccbe192,343703064945,negative,0,arbitrationDefendant,"Есть арбитражные дела, в которых выступает в качестве ответчика, что может указывать на наличие споров с контрагентами или государственными органами. Это может быть признаком нестабильности в деятельности компании и потенциальных финансовых рисков.",arbitr
827da3fc-22a5-5e86-98eb-b0453ccbe192,343703064945,positive,0,fnsBlocking,"Нет блокировок банковских счетов по постановлениям налоговой на текущую дату, что может говорить об отсутствии у компании проблем с налоговыми органами, которые привели бы к блокировке счетов.",reestrs
827da3fc-22a5-5e86-98eb-b0453ccbe192,343703064945,positive,1,relatedCompanies,"У компании есть связанные компании, это позволяет проанализировать не только текущую деятельность контрагента, но и историю связанных с ним организаций. Изучите информацию о связанных компаниях, их деятельности и истории, чтобы получить более полное представление о контрагенте и его надежности.",relatedComp
827da3fc-22a5-5e86-98eb-b0453ccbe192,343703064945,positive,2,executionProceedings,"Нет действующих исполнительных производств, в которых выступает в качестве ответчика, это может указывать на то, что компания своевременно исполняет свои обязательства и не имеет серьезных финансовых проблем.",execproc
827da3fc-22a5-5e86-98eb-b0453ccbe192,343703064945,positive,3,liquidationStatus,"Не найден в реестре организаций проходящих процедуру банкротства, что может свидетельствовать об отсутствии у компании текущих процедур банкротства, что является положительным знаком при оценке ее финансовой устойчивости.",reestrs
827da3fc-22a5-5e86-98eb-b0453ccbe192,343703064945,positive,4,massAuthpersons,"Не найден в реестре организаций с массовым директором или учредителем, вероятно, компания не используется в сомнительных схемах, что повышает доверие к ее деятельности.",manager
827da3fc-22a5-5e86-98eb-b0453ccbe192,343703064945,positive,5,massAddress,"Не найден в реестре организаций с массовым адресом, что может свидетельствовать о достоверности и актуальности данных об адресе юридического лица.",reestrs
827da3fc-22a5-5e86-98eb-b0453ccbe192,343703064945,positive,6,dishonestProvider,"Не найден в реестре организаций недобросовестных поставщиков, что может свидетельствовать об отсутствии у компании негативных историй участия в государственных закупках.",reestrs
827da3fc-22a5-5e86-98eb-b0453ccbe192,343703064945,positive,7,disqualifiedAuthpersons,"Руководитель организации не найден в реестре дисквалифицированных лиц, руководитель компании, вероятно, не имеет ограничений на занятие руководящих должностей и не был дисквалифицирован за нарушения законодательства.",manager
827da3fc-22a5-5e86-98eb-b0453ccbe192,343703064945,positive,8,taxArrears,"Не найден в реестре организаций должников ФНС, что может свидетельствовать об отсутствии задолженности перед налоговыми органами, что является положительным фактором при оценке надежности контрагента.",reestrs
827da3fc-22a5-5e86-98eb-b0453ccbe192,343703064945,positive,9,taxReporting,"Не найден в реестре организаций не сдающих отчётность, компания соблюдает свои обязательства по предоставлению отчетности и, вероятно, ведет бизнес прозрачно.",reestrs
827da3fc-22a5-5e86-98eb-b0453ccbe192,343703064945,positive,10,invalidAddress,"Не найден в реестре организаций с фиктивным адресом, это подтверждает, что компания зарегистрирована по реальному адресу, где фактически осуществляет свою деятельность.",reestrs
827da3fc-22a5-5e86-98eb-b0453ccbe192,343703064945,positive,11,invalidAuthpersonsData,"Не найден в реестре организаций с номинальным руководителем или с меткой о недостоверных данных руководителя, руководитель компании, вероятно, является реальным лицом, управляющим компанией, и информация о нем достоверна.",manager
827da3fc-22a5-5e86-98eb-b0453ccbe192,343703064945,positive,12,invalidRegistrationData,"Не найден в реестре организаций с недостоверными регистрационными данными, что говорит о благонадежности компании, информация о компании соответствует действительности.",reestrs
827da3fc-22a5-5e86-98eb-b0453ccbe192,343703064945,positive,13,massOkved,"У компании небольшое количество кодов ОКВЭД, что может указывать на то, что компания сосредоточена на определенных видах деятельности и, вероятно, обладает опытом и специализацией в этих областях.",okved
6a00b3bc-42ff-510d-bab8-f77a9b71799b,2311304742,negative,0,executionProceedings,"Есть действующие исполнительные производства, в которых выступает в качестве ответчика, это может означать, что компания имеет неисполненные обязательства перед кредиторами или государственными органами. Такая информация негативно сказывается на репутации и кредитоспособности лица или организации, поскольку свидетельствует о возможных финансовых трудностях или нежелании выполнять свои обязательства.",execproc
6a00b3bc-42ff-510d-bab8-f77a9b71799b,2311304742,negative,1,massOkved,"Компания имеет большое количество кодов ОКВЭД, что  может быть связано с попыткой компании охватить как можно больше направлений бизнеса, это может отрицательно сказаться на ее эффективности и надежности.",okved
6a00b3bc-42ff-510d-bab8-f77a9b71799b,2311304742,negative,2,invalidAddress,"Находится в реестре организаций с фиктивным адресом, что может свидетельствовать о мошеннических действиях. Не рекомендуется сотрудничать с компаниями, использующими фиктивный адрес.",reestrs
6a00b3bc-42ff-510d-bab8-f77a9b71799b,2311304742,negative,3,arbitrationDefendant,"Есть арбитражные дела, в которых выступает в качестве ответчика, что может указывать на наличие споров с контрагентами или государственными органами. Это может быть признаком нестабильности в деятельности компании и потенциальных финансовых рисков.",arbitr
6a00b3bc-42ff-510d-bab8-f77a9b71799b,2311304742,negative,4,invalidRegistrationData,"Находится в реестре организаций с недостоверными регистрационными данными, что может быть признаком недобросовестности или попыткой скрыть реальную информацию об организации.",reestrs
6a00b3bc-42ff-510d-bab8-f77a9b71799b,2311304742,negative,5,fnsBlocking,"Есть блокировки банковских счетов по постановлениям налоговой на текущую дату, это может означать связь компании с налоговыми нарушениями, задолженностями или другими проблемами. Уточните причины блокировки и оцените риски сотрудничества с такой компанией.",reestrs
6a00b3bc-42ff-510d-bab8-f77a9b71799b,2311304742,positive,0,liquidationStatus,"Не найден в реестре организаций проходящих процедуру банкротства, что может свидетельствовать об отсутствии у компании текущих процедур банкротства, что является положительным знаком при оценке ее финансовой устойчивости.",reestrs
6a00b3bc-42ff-510d-bab8-f77a9b71799b,2311304742,positive,1,massAuthpersons,"Не найден в реестре организаций с массовым директором или учредителем, вероятно, компания не используется в сомнительных схемах, что повышает доверие к ее деятельности.",manager
6a00b3bc-42ff-510d-bab8-f77a9b71799b,2311304742,positive,2,massAddress,"Не найден в реестре организаций с массовым адресом, что может свидетельствовать о достоверности и актуальности данных об адресе юридического лица.",reestrs
6a00b3bc-42ff-510d-bab8-f77a9b71799b,2311304742,positive,3,dishonestProvider,"Не найден в реестре организаций недобросовестных поставщиков, что может свидетельствовать об отсутствии у компании негативных историй участия в государственных закупках.",reestrs
6a00b3bc-42ff-510d-bab8-f77a9b71799b,2311304742,positive,4,disqualifiedAuthpersons,"Руководитель организации не найден в реестре дисквалифицированных лиц, руководитель компании, вероятно, не имеет ограничений на занятие руководящих должностей и не был дисквалифицирован за нарушения законодательства.",manager
6a00b3bc-42ff-510d-bab8-f77a9b71799b,2311304742,positive,5,taxArrears,"Не найден в реестре организаций должников ФНС, что может свидетельствовать об отсутствии задолженности перед налоговыми органами, что является положительным фактором при оценке надежности контрагента.",reestrs
6a00b3bc-42ff-510d-bab8-f77a9b71799b,2311304742,positive,6,taxReporting,"Не найден в реестре организаций не сдающих отчётность, компания соблюдает свои обязательства по предоставлению отчетности и, вероятно, ведет бизнес прозрачно.",reestrs
6a00b3bc-42ff-510d-bab8-f77a9b71799b,2311304742,positive,7,invalidAuthpersonsData,"Не найден в реестре организаций с номинальным руководителем или с меткой о недостоверных данных руководителя, руководитель компании, вероятно, является реальным лицом, управляющим компанией, и информация о нем достоверна.",manager
6a00b3bc-42ff-510d-bab8-f77a9b71799b,2311304742,positive,8,profit,"У компании есть прибыль за предыдущий год в размере 14079.0 тыс. руб., что указывает на эффективное управление затратами и положительные финансовые результаты.",finance
6a00b3bc-42ff-510d-bab8-f77a9b71799b,2311304742,positive,9,currentAssets,"У компании имеются оборотные активы в размере 1815043.0 тыс. руб., что обеспечивает достаточную ликвидность для покрытия краткосрочных обязательств и ведения текущей деятельности.",finance
6a00b3bc-42ff-510d-bab8-f77a9b71799b,2311304742,positive,10,uncurrentAssets,"У компании есть внеоборотные активы на сумму 84930.0 тыс. руб., что, вероятно, может говорить о стабильном положении и долгосрочных перспективах развития.",finance
12650e74-350e-5d90-8aeb-bd8af9da7eb4,540325003268,positive,0,fnsBlocking,"Нет блокировок банковских счетов по постановлениям налоговой на текущую дату, что может говорить об отсутствии у компании проблем с налоговыми органами, которые привели бы к блокировке счетов.",reestrs
12650e74-350e-5d90-8aeb-bd8af9da7eb4,540325003268,positive,1,relatedCompanies,"У компании есть связанные компании, это позволяет проанализировать не только текущую деятельность контрагента, но и историю связанных с ним организаций. Изучите информацию о связанных компаниях, их деятельности и истории, чтобы получить более полное представление о контрагенте и его надежности.",relatedComp
12650e74-350e-5d90-8aeb-bd8af9da7eb4,540325003268,positive,2,executionProceedings,"Нет действующих исполнительных производств, в которых выступает в качестве ответчика, это может указывать на то, что компания своевременно исполняет свои обязательства и не имеет серьезных финансовых проблем.",execproc
12650e74-350e-5d90-8aeb-bd8af9da7eb4,540325003268,positive,3,liquidationStatus,"Не найден в реестре организаций проходящих процедуру банкротства, что может свидетельствовать об отсутствии у компании текущих процедур банкротства, что является положительным знаком при оценке ее финансовой устойчивости.",reestrs
12650e74-350e-5d90-8aeb-bd8af9da7eb4,540325003268,positive,4,massAuthpersons,"Не найден в реестре организаций с массовым директором или учредителем, вероятно, компания не используется в сомнительных схемах, что повышает доверие к ее деятельности.",manager
12650e74-350e-5d90-8aeb-bd8af9da7eb4,540325003268,positive,5,massAddress,"Не найден в реестре организаций с массовым адресом, что может свидетельствовать о достоверности и актуальности данных об адресе юридического лица.",reestrs
12650e74-350e-5d90-8aeb-bd8af9da7eb4,540325003268,positive,6,dishonestProvider,"Не найден в реестре организаций недобросовестных поставщиков, что может свидетельствовать об отсутствии у компании негативных историй участия в государственных закупках.",reestrs
12650e74-350e-5d90-8aeb-bd8af9da7eb4,540325003268,positive,7,disqualifiedAuthpersons,"Руководитель организации не найден в реестре дисквалифицированных лиц, руководитель компании, вероятно, не имеет ограничений на занятие руководящих должностей и не был дисквалифицирован за нарушения законодательства.",manager
12650e74-350e-5d90-8aeb-bd8af9da7eb4,540325003268,positive,8,аrbitrationDefendant,"Не найдены арбитражные дела, в которых выступает в качестве ответчика, что может свидетельствовать о том, что компания, вероятно, соблюдает свои обязательства и эффективно решает возникающие споры.",arbitr
12650e74-350e-5d90-8aeb-bd8af9da7eb4,540325003268,positive,9,taxArrears,"Не найден в реестре организаций должников ФНС, что может свидетельствовать об отсутствии задолженности перед налоговыми органами, что является положительным фактором при оценке надежности контрагента.",reestrs
12650e74-350e-5d90-8aeb-bd8af9da7eb4,540325003268,positive,10,taxReporting,"Не найден в реестре организаций не сдающих отчётность, компания соблюдает свои обязательства по предоставлению отчетности и, вероятно, ведет бизнес прозрачно.",reestrs
12650e74-350e-5d90-8aeb-bd8af9da7eb4,540325003268,positive,11,invalidAddress,"Не найден в реестре организаций с фиктивным адресом, это подтверждает, что компания зарегистрирована по реальному адресу, где фактически осуществляет свою деятельность.",reestrs
12650e74-350e-5d90-8aeb-bd8af9da7eb4,540325003268,positive,12,invalidAuthpersonsData,"Не найден в реестре организаций с номинальным руководителем или с меткой о недостоверных данных руководителя, руководитель компании, вероятно, является реальным лицом, управляющим компанией, и информация о нем достоверна.",manager
12650e74-350e-5d90-8aeb-bd8af9da7eb4,540325003268,positive,13,invalidRegistrationData,"Не найден в реестре организаций с недостоверными регистрационными данными, что говорит о благонадежности компании, информация о компании соответствует действительности.",reestrs
12650e74-350e-5d90-8aeb-bd8af9da7eb4,540325003268,positive,14,massOkved,"У компании небольшое количество кодов ОКВЭД, что может указывать на то, что компания сосредоточена на определенных видах деятельности и, вероятно, обладает опытом и специализацией в этих областях.",okved
696d720d-563e-5f31-bdbe-e2b7b3810bbc,6452924721,negative,0,massOkved,"Компания имеет большое количество кодов ОКВЭД, что  может быть связано с попыткой компании охватить как можно больше направлений бизнеса, это может отрицательно сказаться на ее эффективности и надежности.",okved
696d720d-563e-5f31-bdbe-e2b7b3810bbc,6452924721,negative,1,arbitrationDefendant,"Есть арбитражные дела, в которых выступает в качестве ответчика, что может указывать на наличие споров с контрагентами или государственными органами. Это может быть признаком нестабильности в деятельности компании и потенциальных финансовых рисков.",arbitr
696d720d-563e-5f31-bdbe-e2b7b3810bbc,6452924721,positive,0,fnsBlocking,"Нет блокировок банковских счетов по постановлениям налоговой на текущую дату, что может говорить об отсутствии у компании проблем с налоговыми органами, которые привели бы к блокировке счетов.",reestrs
696d720d-563e-5f31-bdbe-e2b7b3810bbc,6452924721,positive,1,executionProceedings,"Нет действующих исполнительных производств, в которых выступает в качестве ответчика, это может указывать на то, что компания своевременно исполняет свои обязательства и не имеет серьезных финансовых проблем.",execproc
696d720d-563e-5f31-bdbe-e2b7b3810bbc,6452924721,positive,2,liquidationStatus,"Не найден в реестре организаций проходящих процедуру банкротства, что может свидетельствовать об отсутствии у компании текущих процедур банкротства, что является положительным знаком при оценке ее финансовой устойчивости.",reestrs
696d720d-563e-5f31-bdbe-e2b7b3810bbc,6452924721,positive,3,massAuthpersons,"Не найден в реестре организаций с массовым директором или учредителем, вероятно, компания не используется в сомнительных схемах, что повышает доверие к ее деятельности.",manager
696d720d-563e-5f31-bdbe-e2b7b3810bbc,6452924721,positive,4,massAddress,"Не найден в реестре организаций с массовым адресом, что может свидетельствовать о достоверности и актуальности данных об адресе юридического лица.",reestrs
696d720d-563e-5f31-bdbe-e2b7b3810bbc,6452924721,positive,5,dishonestProvider,"Не найден в реестре организаций недобросовестных поставщиков, что может свидетельствовать об отсутствии у компании негативных историй участия в государственных закупках.",reestrs
696d720d-563e-5f31-bdbe-e2b7b3810bbc,6452924721,positive,6,disqualifiedAuthpersons,"Руководитель организации не найден в реестре дисквалифицированных лиц, руководитель компании, вероятно, не имеет ограничений на занятие руководящих должностей и не был дисквалифицирован за нарушения законодательства.",manager
696d720d-563e-5f31-bdbe-e2b7b3810bbc,6452924721,positive,7,taxArrears,"Не найден в реестре организаций должников ФНС, что может свидетельствовать об отсутствии задолженности перед налоговыми органами, что является положительным фактором при оценке надежности контрагента.",reestrs
696d720d-563e-5f31-bdbe-e2b7b3810bbc,6452924721,positive,8,taxReporting,"Не найден в реестре организаций не сдающих отчётность, компания соблюдает свои обязательства по предоставлению отчетности и, вероятно, ведет бизнес прозрачно.",reestrs
696d720d-563e-5f31-bdbe-e2b7b3810bbc,6452924721,positive,9,invalidAddress,"Не найден в реестре организаций с фиктивным адресом, это подтверждает, что компания зарегистрирована по реальному адресу, где фактически осуществляет свою деятельность.",reestrs
696d720d-563e-5f31-bdbe-e2b7b3810bbc,6452924721,positive,10,invalidAuthpersonsData,"Не найден в реестре организаций с номинальным руководителем или с меткой о недостоверных данных руководителя, руководитель компании, вероятно, является реальным лицом, управляющим компанией, и информация о нем достоверна.",manager
696d720d-563e-5f31-bdbe-e2b7b3810bbc,6452924721,positive,11,invalidRegistrationData,"Не найден в реестре организаций с недостоверными регистрационными данными, что говорит о благонадежности компании, информация о компании соответствует действительности.",reestrs
696d720d-563e-5f31-bdbe-e2b7b3810bbc,6452924721,positive,12,proceeds,"У компании есть выручка за предыдущий год в размере 70073.0 тыс. руб., что свидетельствует о наличии стабильного дохода и успешной деятельности.",finance
696d720d-563e-5f31-bdbe-e2b7b3810bbc,6452924721,positive,13,currentAssets,"У компании имеются оборотные активы в размере 1036.0 тыс. руб., что обеспечивает достаточную ликвидность для покрытия краткосрочных обязательств и ведения текущей деятельности.",finance
696d720d-563e-5f31-bdbe-e2b7b3810bbc,6452924721,positive,14,governmentContract,"Есть выигранные госконтракты. Изучите информацию о количестве и сумме тендеров и контрактов, чтобы получить более полное представление о контрагенте и его деятельности.",reestrs
8d79f122-5dae-50ea-b26d-8461a7d8b74b,8622002583,negative,0,executionProceedings,"Есть действующие исполнительные производства, в которых выступает в качестве ответчика, это может означать, что компания имеет неисполненные обязательства перед кредиторами или государственными органами. Такая информация негативно сказывается на репутации и кредитоспособности лица или организации, поскольку свидетельствует о возможных финансовых трудностях или нежелании выполнять свои обязательства.",execproc
8d79f122-5dae-50ea-b26d-8461a7d8b74b,8622002583,negative,1,arbitrationDefendant,"Есть арбитражные дела, в которых выступает в качестве ответчика, что может указывать на наличие споров с контрагентами или государственными органами. Это может быть признаком нестабильности в деятельности компании и потенциальных финансовых рисков.",arbitr
8d79f122-5dae-50ea-b26d-8461a7d8b74b,8622002583,negative,2,fnsBlocking,"Есть блокировки банковских счетов по постановлениям налоговой на текущую дату, это может означать связь компании с налоговыми нарушениями, задолженностями или другими проблемами. Уточните причины блокировки и оцените риски сотрудничества с такой компанией.",reestrs
8d79f122-5dae-50ea-b26d-8461a7d8b74b,8622002583,positive,0,relatedCompanies,"У компании есть связанные компании, это позволяет проанализировать не только текущую деятельность контрагента, но и историю связанных с ним организаций. Изучите информацию о связанных компаниях, их деятельности и истории, чтобы получить более полное представление о контрагенте и его надежности.",relatedComp
8d79f122-5dae-50ea-b26d-8461a7d8b74b,8622002583,positive,1,liquidationStatus,"Не найден в реестре организаций проходящих процедуру банкротства, что может свидетельствовать об отсутствии у компании текущих процедур банкротства, что является положительным знаком при оценке ее финансовой устойчивости.",reestrs
8d79f122-5dae-50ea-b26d-8461a7d8b74b,8622002583,positive,2,massAuthpersons,"Не найден в реестре организаций с массовым директором или учредителем, вероятно, компания не используется в сомнительных схемах, что повышает доверие к ее деятельности.",manager
8d79f122-5dae-50ea-b26d-8461a7d8b74b,8622002583,positive,3,massAddress,"Не найден в реестре организаций с массовым адресом, что может свидетельствовать о достоверности и актуальности данных об адресе юридического лица.",reestrs
8d79f122-5dae-50ea-b26d-8461a7d8b74b,8622002583,positive,4,dishonestProvider,"Не найден в реестре организаций недобросовестных поставщиков, что может свидетельствовать об отсутствии у компании негативных историй участия в государственных закупках.",reestrs
8d79f122-5dae-50ea-b26d-8461a7d8b74b,8622002583,positive,5,disqualifiedAuthpersons,"Руководитель организации не найден в реестре дисквалифицированных лиц, руководитель компании, вероятно, не имеет ограничений на занятие руководящих должностей и не был дисквалифицирован за нарушения законодательства.",manager
8d79f122-5dae-50ea-b26d-8461a7d8b74b,8622002583,positive,6,taxArrears,"Не найден в реестре организаций должников ФНС, что может свидетельствовать об отсутствии задолженности перед налоговыми органами, что является положительным фактором при оценке надежности контрагента.",reestrs
8d79f122-5dae-50ea-b26d-8461a7d8b74b,8622002583,positive,7,taxReporting,"Не найден в реестре организаций не сдающих отчётность, компания соблюдает свои обязательства по предоставлению отчетности и, вероятно, ведет бизнес прозрачно.",reestrs
8d79f122-5dae-50ea-b26d-8461a7d8b74b,8622002583,positive,8,invalidAddress,"Не найден в реестре организаций с фиктивным адресом, это подтверждает, что компания зарегистрирована по реальному адресу, где фактически осуществляет свою деятельность.",reestrs
8d79f122-5dae-50ea-b26d-8461a7d8b74b,8622002583,positive,9,invalidAuthpersonsData,"Не найден в реестре организаций с номинальным руководителем или с меткой о недостоверных данных руководителя, руководитель компании, вероятно, является реальным лицом, управляющим компанией, и информация о нем достоверна.",manager
8d79f122-5dae-50ea-b26d-8461a7d8b74b,8622002583,positive,10,invalidRegistrationData,"Не найден в реестре организаций с недостоверными регистрационными данными, что говорит о благонадежности компании, информация о компании соответствует действительности.",reestrs
8d79f122-5dae-50ea-b26d-8461a7d8b74b,8622002583,positive,11,proceeds,"У компании есть выручка за предыдущий год в размере 158398.0 тыс. руб., что свидетельствует о наличии стабильного дохода и успешной деятельности.",finance
8d79f122-5dae-50ea-b26d-8461a7d8b74b,8622002583,positive,12,massOkved,"У компании небольшое количество кодов ОКВЭД, что может указывать на то, что компания сосредоточена на определенных видах деятельности и, вероятно, обладает опытом и специализацией в этих областях.",okved
351e38be-8a1f-5b25-b02a-1ac6b2d8b05f,9706026247,negative,0,massOkved,"Компания имеет большое количество кодов ОКВЭД, что  может быть связано с попыткой компании охватить как можно больше направлений бизнеса, это может отрицательно сказаться на ее эффективности и надежности.",okved
351e38be-8a1f-5b25-b02a-1ac6b2d8b05f,9706026247,positive,0,fnsBlocking,"Нет блокировок банковских счетов по постановлениям налоговой на текущую дату, что может говорить об отсутствии у компании проблем с налоговыми органами, которые привели бы к блокировке счетов.",reestrs
351e38be-8a1f-5b25-b02a-1ac6b2d8b05f,9706026247,positive,1,executionProceedings,"Нет действующих исполнительных производств, в которых выступает в качестве ответчика, это может указывать на то, что компания своевременно исполняет свои обязательства и не имеет серьезных финансовых проблем.",execproc
351e38be-8a1f-5b25-b02a-1ac6b2d8b05f,9706026247,positive,2,liquidationStatus,"Не найден в реестре организаций проходящих процедуру банкротства, что может свидетельствовать об отсутствии у компании текущих процедур банкротства, что является положительным знаком при оценке ее финансовой устойчивости.",reestrs
351e38be-8a1f-5b25-b02a-1ac6b2d8b05f,9706026247,positive,3,massAuthpersons,"Не найден в реестре организаций с массовым директором или учредителем, вероятно, компания не используется в сомнительных схемах, что повышает доверие к ее деятельности.",manager
351e38be-8a1f-5b25-b02a-1ac6b2d8b05f,9706026247,positive,4,massAddress,"Не найден в реестре организаций с массовым адресом, что может свидетельствовать о достоверности и актуальности данных об адресе юридического лица.",reestrs
351e38be-8a1f-5b25-b02a-1ac6b2d8b05f,9706026247,positive,5,dishonestProvider,"Не найден в реестре организаций недобросовестных поставщиков, что может свидетельствовать об отсутствии у компании негативных историй участия в государственных закупках.",reestrs
351e38be-8a1f-5b25-b02a-1ac6b2d8b05f,9706026247,positive,6,disqualifiedAuthpersons,"Руководитель организации не найден в реестре дисквалифицированных лиц, руководитель компании, вероятно, не имеет ограничений на занятие руководящих должностей и не был дисквалифицирован за нарушения законодательства.",manager
351e38be-8a1f-5b25-b02a-1ac6b2d8b05f,9706026247,positive,7,аrbitrationDefendant,"Не найдены арбитражные дела, в которых выступает в качестве ответчика, что может свидетельствовать о том, что компания, вероятно, соблюдает свои обязательства и эффективно решает возникающие споры.",arbitr
351e38be-8a1f-5b25-b02a-1ac6b2d8b05f,9706026247,positive,8,taxArrears,"Не найден в реестре организаций должников ФНС, что может свидетельствовать об отсутствии задолженности перед налоговыми органами, что является положительным фактором при оценке надежности контрагента.",reestrs
351e38be-8a1f-5b25-b02a-1ac6b2d8b05f,9706026247,positive,9,taxReporting,"Не найден в реестре организаций не сдающих отчётность, компания соблюдает свои обязательства по предоставлению отчетности и, вероятно, ведет бизнес прозрачно.",reestrs
351e38be-8a1f-5b25-b02a-1ac6b2d8b05f,9706026247,positive,10,invalidAddress,"Не найден в реестре организаций с фиктивным адресом, это подтверждает, что компания зарегистрирована по реальному адресу, где фактически осуществляет свою деятельность.",reestrs
351e38be-8a1f-5b25-b02a-1ac6b2d8b05f,9706026247,positive,11,invalidAuthpersonsData,"Не найден в реестре организаций с номинальным руководителем или с меткой о недостоверных данных руководителя, руководитель компании, вероятно, является реальным лицом, управляющим компанией, и информация о нем достоверна.",manager
351e38be-8a1f-5b25-b02a-1ac6b2d8b05f,9706026247,positive,12,invalidRegistrationData,"Не найден в реестре организаций с недостоверными регистрационными данными, что говорит о благонадежности компании, информация о компании соответствует действительности.",reestrs
01525e9a-d2a4-5286-984a-01bd128abf0f,2100006761,positive,0,fnsBlocking,"Нет блокировок банковских счетов по постановлениям налоговой на текущую дату, что может говорить об отсутствии у компании проблем с налоговыми органами, которые привели бы к блокировке счетов.",reestrs
01525e9a-d2a4-5286-984a-01bd128abf0f,2100006761,positive,1,relatedCompanies,"У компании есть связанные компании, это позволяет проанализировать не только текущую деятельность контрагента, но и историю связанных с ним организаций. Изучите информацию о связанных компаниях, их деятельности и истории, чтобы получить более полное представление о контрагенте и его надежности.",relatedComp
01525e9a-d2a4-5286-984a-01bd128abf0f,2100006761,positive,2,executionProceedings,"Нет действующих исполнительных производств, в которых выступает в качестве ответчика, это может указывать на то, что компания своевременно исполняет свои обязательства и не имеет серьезных финансовых проблем.",execproc
01525e9a-d2a4-5286-984a-01bd128abf0f,2100006761,positive,3,liquidationStatus,"Не найден в реестре организаций проходящих процедуру банкротства, что может свидетельствовать об отсутствии у компании текущих процедур банкротства, что является положительным знаком при оценке ее финансовой устойчивости.",reestrs
01525e9a-d2a4-5286-984a-01bd128abf0f,2100006761,positive,4,massAuthpersons,"Не найден в реестре организаций с массовым директором или учредителем, вероятно, компания не используется в сомнительных схемах, что повышает доверие к ее деятельности.",manager
01525e9a-d2a4-5286-984a-01bd128abf0f,2100006761,positive,5,massAddress,"Не найден в реестре организаций с массовым адресом, что может свидетельствовать о достоверности и актуальности данных об адресе юридического лица.",reestrs
01525e9a-d2a4-5286-984a-01bd128abf0f,2100006761,positive,6,dishonestProvider,"Не найден в реестре организаций недобросовестных поставщиков, что может свидетельствовать об отсутствии у компании негативных историй участия в государственных закупках.",reestrs
01525e9a-d2a4-5286-984a-01bd128abf0f,2100006761,positive,7,disqualifiedAuthpersons,"Руководитель организации не найден в реестре дисквалифицированных лиц, руководитель компании, вероятно, не имеет ограничений на занятие руководящих должностей и не был дисквалифицирован за нарушения законодательства.",manager
01525e9a-d2a4-5286-984a-01bd128abf0f,2100006761,positive,8,аrbitrationDefendant,"Не найдены арбитражные дела, в которых выступает в качестве ответчика, что может свидетельствовать о том, что компания, вероятно, соблюдает свои обязательства и эффективно решает возникающие споры.",arbitr
01525e9a-d2a4-5286-984a-01bd128abf0f,2100006761,positive,9,taxArrears,"Не найден в реестре организаций должников ФНС, что может свидетельствовать об отсутствии задолженности перед налоговыми органами, что является положительным фактором при оценке надежности контрагента.",reestrs
01525e9a-d2a4-5286-984a-01bd128abf0f,2100006761,positive,10,taxReporting,"Не найден в реестре организаций не сдающих отчётность, компания соблюдает свои обязательства по предоставлению отчетности и, вероятно, ведет бизнес прозрачно.",reestrs
01525e9a-d2a4-5286-984a-01bd128abf0f,2100006761,positive,11,invalidAddress,"Не найден в реестре организаций с фиктивным адресом, это подтверждает, что компания зарегистрирована по реальному адресу, где фактически осуществляет свою деятельность.",reestrs
01525e9a-d2a4-5286-984a-01bd128abf0f,2100006761,positive,12,invalidAuthpersonsData,"Не найден в реестре организаций с номинальным руководителем или с меткой о недостоверных данных руководителя, руководитель компании, вероятно, является реальным лицом, управляющим компанией, и информация о нем достоверна.",manager
01525e9a-d2a4-5286-984a-01bd128abf0f,2100006761,positive,13,invalidRegistrationData,"Не найден в реестре организаций с недостоверными регистрационными данными, что говорит о благонадежности компании, информация о компании соответствует действительности.",reestrs
01525e9a-d2a4-5286-984a-01bd128abf0f,2100006761,positive,14,licenses,"У компании есть действующие лицензии - компания имеет право осуществлять определенные виды деятельности, требующие специального разрешения. Это может свидетельствовать о компетентности и надежности компании.",license
01525e9a-d2a4-5286-984a-01bd128abf0f,2100006761,positive,15,proceeds,"У компании есть выручка за предыдущий год в размере 293.0 тыс. руб., что свидетельствует о наличии стабильного дохода и успешной деятельности.",finance
01525e9a-d2a4-5286-984a-01bd128abf0f,2100006761,positive,16,massOkved,"У компании небольшое количество кодов ОКВЭД, что может указывать на то, что компания сосредоточена на определенных видах деятельности и, вероятно, обладает опытом и специализацией в этих областях.",okved
a5a11878-53d6-5627-85ff-8de40282ef09,9703198304,negative,0,massOkved,"Компания имеет большое количество кодов ОКВЭД, что  может быть связано с попыткой компании охватить как можно больше направлений бизнеса, это может отрицательно сказаться на ее эффективности и надежности.",okved
a5a11878-53d6-5627-85ff-8de40282ef09,9703198304,negative,1,massAddress,"Находится в реестре организаций с массовым адресом, что может быть признаком фиктивной регистрации.",reestrs
a5a11878-53d6-5627-85ff-8de40282ef09,9703198304,negative,2,arbitrationDefendant,"Есть арбитражные дела, в которых выступает в качестве ответчика, что может указывать на наличие споров с контрагентами или государственными органами. Это может быть признаком нестабильности в деятельности компании и потенциальных финансовых рисков.",arbitr
a5a11878-53d6-5627-85ff-8de40282ef09,9703198304,positive,0,fnsBlocking,"Нет блокировок банковских счетов по постановлениям налоговой на текущую дату, что может говорить об отсутствии у компании проблем с налоговыми органами, которые привели бы к блокировке счетов.",reestrs
a5a11878-53d6-5627-85ff-8de40282ef09,9703198304,positive,1,relatedCompanies,"У компании есть связанные компании, это позволяет проанализировать не только текущую деятельность контрагента, но и историю связанных с ним организаций. Изучите информацию о связанных компаниях, их деятельности и истории, чтобы получить более полное представление о контрагенте и его надежности.",relatedComp
a5a11878-53d6-5627-85ff-8de40282ef09,9703198304,positive,2,executionProceedings,"Нет действующих исполнительных производств, в которых выступает в качестве ответчика, это может указывать на то, что компания своевременно исполняет свои обязательства и не имеет серьезных финансовых проблем.",execproc
a5a11878-53d6-5627-85ff-8de40282ef09,9703198304,positive,3,liquidationStatus,"Не найден в реестре организаций проходящих процедуру банкротства, что может свидетельствовать об отсутствии у компании текущих процедур банкротства, что является положительным знаком при оценке ее финансовой устойчивости.",reestrs
a5a11878-53d6-5627-85ff-8de40282ef09,9703198304,positive,4,massAuthpersons,"Не найден в реестре организаций с массовым директором или учредителем, вероятно, компания не используется в сомнительных схемах, что повышает доверие к ее деятельности.",manager
a5a11878-53d6-5627-85ff-8de40282ef09,9703198304,positive,5,dishonestProvider,"Не найден в реестре организаций недобросовестных поставщиков, что может свидетельствовать об отсутствии у компании негативных историй участия в государственных закупках.",reestrs
a5a11878-53d6-5627-85ff-8de40282ef09,9703198304,positive,6,disqualifiedAuthpersons,"Руководитель организации не найден в реестре дисквалифицированных лиц, руководитель компании, вероятно, не имеет ограничений на занятие руководящих должностей и не был дисквалифицирован за нарушения законодательства.",manager
a5a11878-53d6-5627-85ff-8de40282ef09,9703198304,positive,7,taxArrears,"Не найден в реестре организаций должников ФНС, что может свидетельствовать об отсутствии задолженности перед налоговыми органами, что является положительным фактором при оценке надежности контрагента.",reestrs
a5a11878-53d6-5627-85ff-8de40282ef09,9703198304,positive,8,taxReporting,"Не найден в реестре организаций не сдающих отчётность, компания соблюдает свои обязательства по предоставлению отчетности и, вероятно, ведет бизнес прозрачно.",reestrs
a5a11878-53d6-5627-85ff-8de40282ef09,9703198304,positive,9,invalidAddress,"Не найден в реестре организаций с фиктивным адресом, это подтверждает, что компания зарегистрирована по реальному адресу, где фактически осуществляет свою деятельность.",reestrs
a5a11878-53d6-5627-85ff-8de40282ef09,9703198304,positive,10,invalidAuthpersonsData,"Не найден в реестре организаций с номинальным руководителем или с меткой о недостоверных данных руководителя, руководитель компании, вероятно, является реальным лицом, управляющим компанией, и информация о нем достоверна.",manager
a5a11878-53d6-5627-85ff-8de40282ef09,9703198304,positive,11,invalidRegistrationData,"Не найден в реестре организаций с недостоверными регистрационными данными, что говорит о благонадежности компании, информация о компании соответствует действительности.",reestrs
a5a11878-53d6-5627-85ff-8de40282ef09,9703198304,positive,12,proceeds,"У компании есть выручка за предыдущий год в размере 170084.0 тыс. руб., что свидетельствует о наличии стабильного дохода и успешной деятельности.",finance
a5a11878-53d6-5627-85ff-8de40282ef09,9703198304,positive,13,profit,"У компании есть прибыль за предыдущий год в размере 13519.0 тыс. руб., что указывает на эффективное управление затратами и положительные финансовые результаты.",finance
a5a11878-53d6-5627-85ff-8de40282ef09,9703198304,positive,14,currentAssets,"У компании имеются оборотные активы в размере 62151.0 тыс. руб., что обеспечивает достаточную ликвидность для покрытия краткосрочных обязательств и ведения текущей деятельности.",finance
a5a11878-53d6-5627-85ff-8de40282ef09,9703198304,positive,15,uncurrentAssets,"У компании есть внеоборотные активы на сумму 137688.0 тыс. руб., что, вероятно, может говорить о стабильном положении и долгосрочных перспективах развития.",finance
a5a11878-53d6-5627-85ff-8de40282ef09,9703198304,positive,16,webSite,"У компании есть сайт, что может свидетельствовать о том, что компания заинтересована в прозрачности своего бизнеса и стремится предоставить информацию о себе клиентам и партнерам. Сайт компании может содержать полезную информацию о ее деятельности, продуктах или услугах, контактах и т.д. Вы можете подробнее изучить информацию об услугах компании по указанной ссылке.",site
a095e522-1094-522a-9d09-8ebf78b82704,5837083280,positive,0,fnsBlocking,"Нет блокировок банковских счетов по постановлениям налоговой на текущую дату, что может говорить об отсутствии у компании проблем с налоговыми органами, которые привели бы к блокировке счетов.",reestrs
a095e522-1094-522a-9d09-8ebf78b82704,5837083280,positive,1,relatedCompanies,"У компании есть связанные компании, это позволяет проанализировать не только текущую деятельность контрагента, но и историю связанных с ним организаций. Изучите информацию о связанных компаниях, их деятельности и истории, чтобы получить более полное представление о контрагенте и его надежности.",relatedComp
a095e522-1094-522a-9d09-8ebf78b82704,5837083280,positive,2,executionProceedings,"Нет действующих исполнительных производств, в которых выступает в качестве ответчика, это может указывать на то, что компания своевременно исполняет свои обязательства и не имеет серьезных финансовых проблем.",execproc
a095e522-1094-522a-9d09-8ebf78b82704,5837083280,positive,3,liquidationStatus,"Не найден в реестре организаций проходящих процедуру банкротства, что может свидетельствовать об отсутствии у компании текущих процедур банкротства, что является положительным знаком при оценке ее финансовой устойчивости.",reestrs
a095e522-1094-522a-9d09-8ebf78b82704,5837083280,positive,4,massAuthpersons,"Не найден в реестре организаций с массовым директором или учредителем, вероятно, компания не используется в сомнительных схемах, что повышает доверие к ее деятельности.",manager
a095e522-1094-522a-9d09-8ebf78b82704,5837083280,positive,5,massAddress,"Не найден в реестре организаций с массовым адресом, что может свидетельствовать о достоверности и актуальности данных об адресе юридического лица.",reestrs
a095e522-1094-522a-9d09-8ebf78b82704,5837083280,positive,6,dishonestProvider,"Не найден в реестре организаций недобросовестных поставщиков, что может свидетельствовать об отсутствии у компании негативных историй участия в государственных закупках.",reestrs
a095e522-1094-522a-9d09-8ebf78b82704,5837083280,positive,7,disqualifiedAuthpersons,"Руководитель организации не найден в реестре дисквалифицированных лиц, руководитель компании, вероятно, не имеет ограничений на занятие руководящих должностей и не был дисквалифицирован за нарушения законодательства.",manager
a095e522-1094-522a-9d09-8ebf78b82704,5837083280,positive,8,аrbitrationDefendant,"Не найдены арбитражные дела, в которых выступает в качестве ответчика, что может свидетельствовать о том, что компания, вероятно, соблюдает свои обязательства и эффективно решает возникающие споры.",arbitr
a095e522-1094-522a-9d09-8ebf78b82704,5837083280,positive,9,taxArrears,"Не найден в реестре организаций должников ФНС, что может свидетельствовать об отсутствии задолженности перед налоговыми органами, что является положительным фактором при оценке надежности контрагента.",reestrs
a095e522-1094-522a-9d09-8ebf78b82704,5837083280,positive,10,taxReporting,"Не найден в реестре организаций не сдающих отчётность, компания соблюдает свои обязательства по предоставлению отчетности и, вероятно, ведет бизнес прозрачно.",reestrs
a095e522-1094-522a-9d09-8ebf78b82704,5837083280,positive,11,invalidAddress,"Не найден в реестре организаций с фиктивным адресом, это подтверждает, что компания зарегистрирована по реальному адресу, где фактически осуществляет свою деятельность.",reestrs
a095e522-1094-522a-9d09-8ebf78b82704,5837083280,positive,12,invalidAuthpersonsData,"Не найден в реестре организаций с номинальным руководителем или с меткой о недостоверных данных руководителя, руководитель компании, вероятно, является реальным лицом, управляющим компанией, и информация о нем достоверна.",manager
a095e522-1094-522a-9d09-8ebf78b82704,5837083280,positive,13,invalidRegistrationData,"Не найден в реестре организаций с недостоверными регистрационными данными, что говорит о благонадежности компании, информация о компании соответствует действительности.",reestrs
a095e522-1094-522a-9d09-8ebf78b82704,5837083280,positive,14,proceeds,"У компании есть выручка за предыдущий год в размере 29011.0 тыс. руб., что свидетельствует о наличии стабильного дохода и успешной деятельности.",finance
a095e522-1094-522a-9d09-8ebf78b82704,5837083280,positive,15,massOkved,"У компании небольшое количество кодов ОКВЭД, что может указывать на то, что компания сосредоточена на определенных видах деятельности и, вероятно, обладает опытом и специализацией в этих областях.",okved
a095e522-1094-522a-9d09-8ebf78b82704,5837083280,positive,16,profit,"У компании есть прибыль за предыдущий год в размере 1228.0 тыс. руб., что указывает на эффективное управление затратами и положительные финансовые результаты.",finance
a095e522-1094-522a-9d09-8ebf78b82704,5837083280,positive,17,currentAssets,"У компании имеются оборотные активы в размере 2594.0 тыс. руб., что обеспечивает достаточную ликвидность для покрытия краткосрочных обязательств и ведения текущей деятельности.",finance
a095e522-1094-522a-9d09-8ebf78b82704,5837083280,positive,18,uncurrentAssets,"У компании есть внеоборотные активы на сумму 24125.0 тыс. руб., что, вероятно, может говорить о стабильном положении и долгосрочных перспективах развития.",finance
4d3f0e7c-1697-5083-9867-0df19886e373,9714038662,negative,0,profit,"Компания понесла убыток в размере -28568.0 тыс. руб., что может указывать на нестабильность финансовых результатов.",finance
4d3f0e7c-1697-5083-9867-0df19886e373,9714038662,negative,1,massAuthpersons,"Находится в реестре организаций с массовым директором или учредителем, проведите дополнительную проверку контрагента и уточните информацию о его деятельности и связях с другими компаниями.",manager
4d3f0e7c-1697-5083-9867-0df19886e373,9714038662,positive,0,fnsBlocking,"Нет блокировок банковских счетов по постановлениям налоговой на текущую дату, что может говорить об отсутствии у компании проблем с налоговыми органами, которые привели бы к блокировке счетов.",reestrs
4d3f0e7c-1697-5083-9867-0df19886e373,9714038662,positive,1,relatedCompanies,"У компании есть связанные компании, это позволяет проанализировать не только текущую деятельность контрагента, но и историю связанных с ним организаций. Изучите информацию о связанных компаниях, их деятельности и истории, чтобы получить более полное представление о контрагенте и его надежности.",relatedComp
4d3f0e7c-1697-5083-9867-0df19886e373,9714038662,positive,2,executionProceedings,"Нет действующих исполнительных производств, в которых выступает в качестве ответчика, это может указывать на то, что компания своевременно исполняет свои обязательства и не имеет серьезных финансовых проблем.",execproc
4d3f0e7c-1697-5083-9867-0df19886e373,9714038662,positive,3,liquidationStatus,"Не найден в реестре организаций проходящих процедуру банкротства, что может свидетельствовать об отсутствии у компании текущих процедур банкротства, что является положительным знаком при оценке ее финансовой устойчивости.",reestrs
4d3f0e7c-1697-5083-9867-0df19886e373,9714038662,positive,4,massAddress,"Не найден в реестре организаций с массовым адресом, что может свидетельствовать о достоверности и актуальности данных об адресе юридического лица.",reestrs
4d3f0e7c-1697-5083-9867-0df19886e373,9714038662,positive,5,dishonestProvider,"Не найден в реестре организаций недобросовестных поставщиков, что может свидетельствовать об отсутствии у компании негативных историй участия в государственных закупках.",reestrs
4d3f0e7c-1697-5083-9867-0df19886e373,9714038662,positive,6,disqualifiedAuthpersons,"Руководитель организации не найден в реестре дисквалифицированных лиц, руководитель компании, вероятно, не имеет ограничений на занятие руководящих должностей и не был дисквалифицирован за нарушения законодательства.",manager
4d3f0e7c-1697-5083-9867-0df19886e373,9714038662,positive,7,аrbitrationDefendant,"Не найдены арбитражные дела, в которых выступает в качестве ответчика, что может свидетельствовать о том, что компания, вероятно, соблюдает свои обязательства и эффективно решает возникающие споры.",arbitr
4d3f0e7c-1697-5083-9867-0df19886e373,9714038662,positive,8,taxArrears,"Не найден в реестре организаций должников ФНС, что может свидетельствовать об отсутствии задолженности перед налоговыми органами, что является положительным фактором при оценке надежности контрагента.",reestrs
4d3f0e7c-1697-5083-9867-0df19886e373,9714038662,positive,9,taxReporting,"Не найден в реестре организаций не сдающих отчётность, компания соблюдает свои обязательства по предоставлению отчетности и, вероятно, ведет бизнес прозрачно.",reestrs
4d3f0e7c-1697-5083-9867-0df19886e373,9714038662,positive,10,invalidAddress,"Не найден в реестре организаций с фиктивным адресом, это подтверждает, что компания зарегистрирована по реальному адресу, где фактически осуществляет свою деятельность.",reestrs
4d3f0e7c-1697-5083-9867-0df19886e373,9714038662,positive,11,invalidAuthpersonsData,"Не найден в реестре организаций с номинальным руководителем или с меткой о недостоверных данных руководителя, руководитель компании, вероятно, является реальным лицом, управляющим компанией, и информация о нем достоверна.",manager
4d3f0e7c-1697-5083-9867-0df19886e373,9714038662,positive,12,invalidRegistrationData,"Не найден в реестре организаций с недостоверными регистрационными данными, что говорит о благонадежности компании, информация о компании соответствует действительности.",reestrs
4d3f0e7c-1697-5083-9867-0df19886e373,9714038662,positive,13,massOkved,"У компании небольшое количество кодов ОКВЭД, что может указывать на то, что компания сосредоточена на определенных видах деятельности и, вероятно, обладает опытом и специализацией в этих областях.",okved
4d3f0e7c-1697-5083-9867-0df19886e373,9714038662,positive,14,currentAssets,"У компании имеются оборотные активы в размере 979148.0 тыс. руб., что обеспечивает достаточную ликвидность для покрытия краткосрочных обязательств и ведения текущей деятельности.",finance
4d3f0e7c-1697-5083-9867-0df19886e373,9714038662,positive,15,uncurrentAssets,"У компании есть внеоборотные активы на сумму 4398808.0 тыс. руб., что, вероятно, может говорить о стабильном положении и долгосрочных перспективах развития.",finance
5c5b5824-5e8b-5600-8099-0548af772ce0,7805327192,negative,0,executionProceedings,"Есть действующие исполнительные производства, в которых выступает в качестве ответчика, это может означать, что компания имеет неисполненные обязательства перед кредиторами или государственными органами. Такая информация негативно сказывается на репутации и кредитоспособности лица или организации, поскольку свидетельствует о возможных финансовых трудностях или нежелании выполнять свои обязательства.",execproc
5c5b5824-5e8b-5600-8099-0548af772ce0,7805327192,negative,1,arbitrationDefendant,"Есть арбитражные дела, в которых выступает в качестве ответчика, что может указывать на наличие споров с контрагентами или государственными органами. Это может быть признаком нестабильности в деятельности компании и потенциальных финансовых рисков.",arbitr
5c5b5824-5e8b-5600-8099-0548af772ce0,7805327192,negative,2,fnsBlocking,"Есть блокировки банковских счетов по постановлениям налоговой на текущую дату, это может означать связь компании с налоговыми нарушениями, задолженностями или другими проблемами. Уточните причины блокировки и оцените риски сотрудничества с такой компанией.",reestrs
5c5b5824-5e8b-5600-8099-0548af772ce0,7805327192,positive,0,relatedCompanies,"У компании есть связанные компании, это позволяет проанализировать не только текущую деятельность контрагента, но и историю связанных с ним организаций. Изучите информацию о связанных компаниях, их деятельности и истории, чтобы получить более полное представление о контрагенте и его надежности.",relatedComp
5c5b5824-5e8b-5600-8099-0548af772ce0,7805327192,positive,1,liquidationStatus,"Не найден в реестре организаций проходящих процедуру банкротства, что может свидетельствовать об отсутствии у компании текущих процедур банкротства, что является положительным знаком при оценке ее финансовой устойчивости.",reestrs
5c5b5824-5e8b-5600-8099-0548af772ce0,7805327192,positive,2,massAuthpersons,"Не найден в реестре организаций с массовым директором или учредителем, вероятно, компания не используется в сомнительных схемах, что повышает доверие к ее деятельности.",manager
5c5b5824-5e8b-5600-8099-0548af772ce0,7805327192,positive,3,massAddress,"Не найден в реестре организаций с массовым адресом, что может свидетельствовать о достоверности и актуальности данных об адресе юридического лица.",reestrs
5c5b5824-5e8b-5600-8099-0548af772ce0,7805327192,positive,4,dishonestProvider,"Не найден в реестре организаций недобросовестных поставщиков, что может свидетельствовать об отсутствии у компании негативных историй участия в государственных закупках.",reestrs
5c5b5824-5e8b-5600-8099-0548af772ce0,7805327192,positive,5,disqualifiedAuthpersons,"Руководитель организации не найден в реестре дисквалифицированных лиц, руководитель компании, вероятно, не имеет ограничений на занятие руководящих должностей и не был дисквалифицирован за нарушения законодательства.",manager
5c5b5824-5e8b-5600-8099-0548af772ce0,7805327192,positive,6,taxArrears,"Не найден в реестре организаций должников ФНС, что может свидетельствовать об отсутствии задолженности перед налоговыми органами, что является положительным фактором при оценке надежности контрагента.",reestrs
5c5b5824-5e8b-5600-8099-0548af772ce0,7805327192,positive,7,taxReporting,"Не найден в реестре организаций не сдающих отчётность, компания соблюдает свои обязательства по предоставлению отчетности и, вероятно, ведет бизнес прозрачно.",reestrs
5c5b5824-5e8b-5600-8099-0548af772ce0,7805327192,positive,8,invalidAddress,"Не найден в реестре организаций с фиктивным адресом, это подтверждает, что компания зарегистрирована по реальному адресу, где фактически осуществляет свою деятельность.",reestrs
5c5b5824-5e8b-5600-8099-0548af772ce0,7805327192,positive,9,invalidAuthpersonsData,"Не найден в реестре организаций с номинальным руководителем или с меткой о недостоверных данных руководителя, руководитель компании, вероятно, является реальным лицом, управляющим компанией, и информация о нем достоверна.",manager
5c5b5824-5e8b-5600-8099-0548af772ce0,7805327192,positive,10,invalidRegistrationData,"Не найден в реестре организаций с недостоверными регистрационными данными, что говорит о благонадежности компании, информация о компании соответствует действительности.",reestrs
5c5b5824-5e8b-5600-8099-0548af772ce0,7805327192,positive,11,massOkved,"У компании небольшое количество кодов ОКВЭД, что может указывать на то, что компания сосредоточена на определенных видах деятельности и, вероятно, обладает опытом и специализацией в этих областях.",okved
5c5b5824-5e8b-5600-8099-0548af772ce0,7805327192,positive,12,governmentContract,"Есть выигранные госконтракты. Изучите информацию о количестве и сумме тендеров и контрактов, чтобы получить более полное представление о контрагенте и его деятельности.",reestrs
ac2b5f33-f704-573f-bfc0-02c2b5bed82e,5032257375,negative,0,executionProceedings,"Есть действующие исполнительные производства, в которых выступает в качестве ответчика, это может означать, что компания имеет неисполненные обязательства перед кредиторами или государственными органами. Такая информация негативно сказывается на репутации и кредитоспособности лица или организации, поскольку свидетельствует о возможных финансовых трудностях или нежелании выполнять свои обязательства.",execproc
ac2b5f33-f704-573f-bfc0-02c2b5bed82e,5032257375,negative,1,liquidationStatus,"Находится в реестре организаций проходящих процедуру банкротства, что может свидетельствовать о серьезных финансовых проблемах компании и высоком риске невыполнения обязательств. Рекомендуем избегать сотрудничества с компаниями, находящимися в процедуре банкротства.",reestrs
ac2b5f33-f704-573f-bfc0-02c2b5bed82e,5032257375,negative,2,invalidAddress,"Находится в реестре организаций с фиктивным адресом, что может свидетельствовать о мошеннических действиях. Не рекомендуется сотрудничать с компаниями, использующими фиктивный адрес.",reestrs
ac2b5f33-f704-573f-bfc0-02c2b5bed82e,5032257375,negative,3,arbitrationDefendant,"Есть арбитражные дела, в которых выступает в качестве ответчика, что может указывать на наличие споров с контрагентами или государственными органами. Это может быть признаком нестабильности в деятельности компании и потенциальных финансовых рисков.",arbitr
ac2b5f33-f704-573f-bfc0-02c2b5bed82e,5032257375,negative,4,invalidRegistrationData,"Находится в реестре организаций с недостоверными регистрационными данными, что может быть признаком недобросовестности или попыткой скрыть реальную информацию об организации.",reestrs
ac2b5f33-f704-573f-bfc0-02c2b5bed82e,5032257375,negative,5,fnsBlocking,"Есть блокировки банковских счетов по постановлениям налоговой на текущую дату, это может означать связь компании с налоговыми нарушениями, задолженностями или другими проблемами. Уточните причины блокировки и оцените риски сотрудничества с такой компанией.",reestrs
ac2b5f33-f704-573f-bfc0-02c2b5bed82e,5032257375,positive,0,relatedCompanies,"У компании есть связанные компании, это позволяет проанализировать не только текущую деятельность контрагента, но и историю связанных с ним организаций. Изучите информацию о связанных компаниях, их деятельности и истории, чтобы получить более полное представление о контрагенте и его надежности.",relatedComp
ac2b5f33-f704-573f-bfc0-02c2b5bed82e,5032257375,positive,1,massAuthpersons,"Не найден в реестре организаций с массовым директором или учредителем, вероятно, компания не используется в сомнительных схемах, что повышает доверие к ее деятельности.",manager
ac2b5f33-f704-573f-bfc0-02c2b5bed82e,5032257375,positive,2,massAddress,"Не найден в реестре организаций с массовым адресом, что может свидетельствовать о достоверности и актуальности данных об адресе юридического лица.",reestrs
ac2b5f33-f704-573f-bfc0-02c2b5bed82e,5032257375,positive,3,dishonestProvider,"Не найден в реестре организаций недобросовестных поставщиков, что может свидетельствовать об отсутствии у компании негативных историй участия в государственных закупках.",reestrs
ac2b5f33-f704-573f-bfc0-02c2b5bed82e,5032257375,positive,4,disqualifiedAuthpersons,"Руководитель организации не найден в реестре дисквалифицированных лиц, руководитель компании, вероятно, не имеет ограничений на занятие руководящих должностей и не был дисквалифицирован за нарушения законодательства.",manager
ac2b5f33-f704-573f-bfc0-02c2b5bed82e,5032257375,positive,5,taxArrears,"Не найден в реестре организаций должников ФНС, что может свидетельствовать об отсутствии задолженности перед налоговыми органами, что является положительным фактором при оценке надежности контрагента.",reestrs
ac2b5f33-f704-573f-bfc0-02c2b5bed82e,5032257375,positive,6,taxReporting,"Не найден в реестре организаций не сдающих отчётность, компания соблюдает свои обязательства по предоставлению отчетности и, вероятно, ведет бизнес прозрачно.",reestrs
ac2b5f33-f704-573f-bfc0-02c2b5bed82e,5032257375,positive,7,invalidAuthpersonsData,"Не найден в реестре организаций с номинальным руководителем или с меткой о недостоверных данных руководителя, руководитель компании, вероятно, является реальным лицом, управляющим компанией, и информация о нем достоверна.",manager
ac2b5f33-f704-573f-bfc0-02c2b5bed82e,5032257375,positive,8,massOkved,"У компании небольшое количество кодов ОКВЭД, что может указывать на то, что компания сосредоточена на определенных видах деятельности и, вероятно, обладает опытом и специализацией в этих областях.",okved
cec51940-3d5c-59fb-9e90-1b97be6f512e,2466275727,positive,0,fnsBlocking,"Нет блокировок банковских счетов по постановлениям налоговой на текущую дату, что может говорить об отсутствии у компании проблем с налоговыми органами, которые привели бы к блокировке счетов.",reestrs
cec51940-3d5c-59fb-9e90-1b97be6f512e,2466275727,positive,1,executionProceedings,"Нет действующих исполнительных производств, в которых выступает в качестве ответчика, это может указывать на то, что компания своевременно исполняет свои обязательства и не имеет серьезных финансовых проблем.",execproc
cec51940-3d5c-59fb-9e90-1b97be6f512e,2466275727,positive,2,liquidationStatus,"Не найден в реестре организаций проходящих процедуру банкротства, что может свидетельствовать об отсутствии у компании текущих процедур банкротства, что является положительным знаком при оценке ее финансовой устойчивости.",reestrs
cec51940-3d5c-59fb-9e90-1b97be6f512e,2466275727,positive,3,massAuthpersons,"Не найден в реестре организаций с массовым директором или учредителем, вероятно, компания не используется в сомнительных схемах, что повышает доверие к ее деятельности.",manager
cec51940-3d5c-59fb-9e90-1b97be6f512e,2466275727,positive,4,massAddress,"Не найден в реестре организаций с массовым адресом, что может свидетельствовать о достоверности и актуальности данных об адресе юридического лица.",reestrs
cec51940-3d5c-59fb-9e90-1b97be6f512e,2466275727,positive,5,dishonestProvider,"Не найден в реестре организаций недобросовестных поставщиков, что может свидетельствовать об отсутствии у компании негативных историй участия в государственных закупках.",reestrs
cec51940-3d5c-59fb-9e90-1b97be6f512e,2466275727,positive,6,disqualifiedAuthpersons,"Руководитель организации не найден в реестре дисквалифицированных лиц, руководитель компании, вероятно, не имеет ограничений на занятие руководящих должностей и не был дисквалифицирован за нарушения законодательства.",manager
cec51940-3d5c-59fb-9e90-1b97be6f512e,2466275727,positive,7,аrbitrationDefendant,"Не найдены арбитражные дела, в которых выступает в качестве ответчика, что может свидетельствовать о том, что компания, вероятно, соблюдает свои обязательства и эффективно решает возникающие споры.",arbitr
cec51940-3d5c-59fb-9e90-1b97be6f512e,2466275727,positive,8,taxArrears,"Не найден в реестре организаций должников ФНС, что может свидетельствовать об отсутствии задолженности перед налоговыми органами, что является положительным фактором при оценке надежности контрагента.",reestrs
cec51940-3d5c-59fb-9e90-1b97be6f512e,2466275727,positive,9,taxReporting,"Не найден в реестре организаций не сдающих отчётность, компания соблюдает свои обязательства по предоставлению отчетности и, вероятно, ведет бизнес прозрачно.",reestrs
cec51940-3d5c-59fb-9e90-1b97be6f512e,2466275727,positive,10,invalidAddress,"Не найден в реестре организаций с фиктивным адресом, это подтверждает, что компания зарегистрирована по реальному адресу, где фактически осуществляет свою деятельность.",reestrs
cec51940-3d5c-59fb-9e90-1b97be6f512e,2466275727,positive,11,invalidAuthpersonsData,"Не найден в реестре организаций с номинальным руководителем или с меткой о недостоверных данных руководителя, руководитель компании, вероятно, является реальным лицом, управляющим компанией, и информация о нем достоверна.",manager
cec51940-3d5c-59fb-9e90-1b97be6f512e,2466275727,positive,12,invalidRegistrationData,"Не найден в реестре организаций с недостоверными регистрационными данными, что говорит о благонадежности компании, информация о компании соответствует действительности.",reestrs
cec51940-3d5c-59fb-9e90-1b97be6f512e,2466275727,positive,13,licenses,"У компании есть действующие лицензии - компания имеет право осуществлять определенные виды деятельности, требующие специального разрешения. Это может свидетельствовать о компетентности и надежности компании.",license
cec51940-3d5c-59fb-9e90-1b97be6f512e,2466275727,positive,14,proceeds,"У компании есть выручка за предыдущий год в размере 41586.0 тыс. руб., что свидетельствует о наличии стабильного дохода и успешной деятельности.",finance
cec51940-3d5c-59fb-9e90-1b97be6f512e,2466275727,positive,15,massOkved,"У компании небольшое количество кодов ОКВЭД, что может указывать на то, что компания сосредоточена на определенных видах деятельности и, вероятно, обладает опытом и специализацией в этих областях.",okved
cec51940-3d5c-59fb-9e90-1b97be6f512e,2466275727,positive,16,webSite,"У компании есть сайт, что может свидетельствовать о том, что компания заинтересована в прозрачности своего бизнеса и стремится предоставить информацию о себе клиентам и партнерам. Сайт компании может содержать полезную информацию о ее деятельности, продуктах или услугах, контактах и т.д. Вы можете подробнее изучить информацию об услугах компании по указанной ссылке.",site
cec51940-3d5c-59fb-9e90-1b97be6f512e,2466275727,positive,17,governmentContract,"Есть выигранные госконтракты. Изучите информацию о количестве и сумме тендеров и контрактов, чтобы получить более полное представление о контрагенте и его деятельности.",reestrs
7ba47375-848a-568b-8126-1fe7168c7d62,9701318454,negative,0,massAddress,"Находится в реестре организаций с массовым адресом, что может быть признаком фиктивной регистрации.",reestrs
7ba47375-848a-568b-8126-1fe7168c7d62,9701318454,positive,0,fnsBlocking,"Нет блокировок банковских счетов по постановлениям налоговой на текущую дату, что может говорить об отсутствии у компании проблем с налоговыми органами, которые привели бы к блокировке счетов.",reestrs
7ba47375-848a-568b-8126-1fe7168c7d62,9701318454,positive,1,executionProceedings,"Нет действующих исполнительных производств, в которых выступает в качестве ответчика, это может указывать на то, что компания своевременно исполняет свои обязательства и не имеет серьезных финансовых проблем.",execproc
7ba47375-848a-568b-8126-1fe7168c7d62,9701318454,positive,2,liquidationStatus,"Не найден в реестре организаций проходящих процедуру банкротства, что может свидетельствовать об отсутствии у компании текущих процедур банкротства, что является положительным знаком при оценке ее финансовой устойчивости.",reestrs
7ba47375-848a-568b-8126-1fe7168c7d62,9701318454,positive,3,massAuthpersons,"Не найден в реестре организаций с массовым директором или учредителем, вероятно, компания не используется в сомнительных схемах, что повышает доверие к ее деятельности.",manager
7ba47375-848a-568b-8126-1fe7168c7d62,9701318454,positive,4,dishonestProvider,"Не найден в реестре организаций недобросовестных поставщиков, что может свидетельствовать об отсутствии у компании негативных историй участия в государственных закупках.",reestrs
7ba47375-848a-568b-8126-1fe7168c7d62,9701318454,positive,5,disqualifiedAuthpersons,"Руководитель организации не найден в реестре дисквалифицированных лиц, руководитель компании, вероятно, не имеет ограничений на занятие руководящих должностей и не был дисквалифицирован за нарушения законодательства.",manager
7ba47375-848a-568b-8126-1fe7168c7d62,9701318454,positive,6,аrbitrationDefendant,"Не найдены арбитражные дела, в которых выступает в качестве ответчика, что может свидетельствовать о том, что компания, вероятно, соблюдает свои обязательства и эффективно решает возникающие споры.",arbitr
7ba47375-848a-568b-8126-1fe7168c7d62,9701318454,positive,7,taxArrears,"Не найден в реестре организаций должников ФНС, что может свидетельствовать об отсутствии задолженности перед налоговыми органами, что является положительным фактором при оценке надежности контрагента.",reestrs
7ba47375-848a-568b-8126-1fe7168c7d62,9701318454,positive,8,taxReporting,"Не найден в реестре организаций не сдающих отчётность, компания соблюдает свои обязательства по предоставлению отчетности и, вероятно, ведет бизнес прозрачно.",reestrs
7ba47375-848a-568b-8126-1fe7168c7d62,9701318454,positive,9,invalidAddress,"Не найден в реестре организаций с фиктивным адресом, это подтверждает, что компания зарегистрирована по реальному адресу, где фактически осуществляет свою деятельность.",reestrs
7ba47375-848a-568b-8126-1fe7168c7d62,9701318454,positive,10,invalidAuthpersonsData,"Не найден в реестре организаций с номинальным руководителем или с меткой о недостоверных данных руководителя, руководитель компании, вероятно, является реальным лицом, управляющим компанией, и информация о нем достоверна.",manager
7ba47375-848a-568b-8126-1fe7168c7d62,9701318454,positive,11,invalidRegistrationData,"Не найден в реестре организаций с недостоверными регистрационными данными, что говорит о благонадежности компании, информация о компании соответствует действительности.",reestrs
7ba47375-848a-568b-8126-1fe7168c7d62,9701318454,positive,12,proceeds,"У компании есть выручка за предыдущий год в размере 50600.0 тыс. руб., что свидетельствует о наличии стабильного дохода и успешной деятельности.",finance
7ba47375-848a-568b-8126-1fe7168c7d62,9701318454,positive,13,massOkved,"У компании небольшое количество кодов ОКВЭД, что может указывать на то, что компания сосредоточена на определенных видах деятельности и, вероятно, обладает опытом и специализацией в этих областях.",okved
7ba47375-848a-568b-8126-1fe7168c7d62,9701318454,positive,14,profit,"У компании есть прибыль за предыдущий год в размере 12.0 тыс. руб., что указывает на эффективное управление затратами и положительные финансовые результаты.",finance
7ba47375-848a-568b-8126-1fe7168c7d62,9701318454,positive,15,currentAssets,"У компании имеются оборотные активы в размере 100.0 тыс. руб., что обеспечивает достаточную ликвидность для покрытия краткосрочных обязательств и ведения текущей деятельности.",finance
8c2e6723-88b1-54e0-9ffd-bd7cb4d729a4,773467509356,positive,0,fnsBlocking,"Нет блокировок банковских счетов по постановлениям налоговой на текущую дату, что может говорить об отсутствии у компании проблем с налоговыми органами, которые привели бы к блокировке счетов.",reestrs
8c2e6723-88b1-54e0-9ffd-bd7cb4d729a4,773467509356,positive,1,relatedCompanies,"У компании есть связанные компании, это позволяет проанализировать не только текущую деятельность контрагента, но и историю связанных с ним организаций. Изучите информацию о связанных компаниях, их деятельности и истории, чтобы получить более полное представление о контрагенте и его надежности.",relatedComp
8c2e6723-88b1-54e0-9ffd-bd7cb4d729a4,773467509356,positive,2,executionProceedings,"Нет действующих исполнительных производств, в которых выступает в качестве ответчика, это может указывать на то, что компания своевременно исполняет свои обязательства и не имеет серьезных финансовых проблем.",execproc
8c2e6723-88b1-54e0-9ffd-bd7cb4d729a4,773467509356,positive,3,liquidationStatus,"Не найден в реестре организаций проходящих процедуру банкротства, что может свидетельствовать об отсутствии у компании текущих процедур банкротства, что является положительным знаком при оценке ее финансовой устойчивости.",reestrs
8c2e6723-88b1-54e0-9ffd-bd7cb4d729a4,773467509356,positive,4,massAuthpersons,"Не найден в реестре организаций с массовым директором или учредителем, вероятно, компания не используется в сомнительных схемах, что повышает доверие к ее деятельности.",manager
8c2e6723-88b1-54e0-9ffd-bd7cb4d729a4,773467509356,positive,5,massAddress,"Не найден в реестре организаций с массовым адресом, что может свидетельствовать о достоверности и актуальности данных об адресе юридического лица.",reestrs
8c2e6723-88b1-54e0-9ffd-bd7cb4d729a4,773467509356,positive,6,dishonestProvider,"Не найден в реестре организаций недобросовестных поставщиков, что может свидетельствовать об отсутствии у компании негативных историй участия в государственных закупках.",reestrs
8c2e6723-88b1-54e0-9ffd-bd7cb4d729a4,773467509356,positive,7,disqualifiedAuthpersons,"Руководитель организации не найден в реестре дисквалифицированных лиц, руководитель компании, вероятно, не имеет ограничений на занятие руководящих должностей и не был дисквалифицирован за нарушения законодательства.",manager
8c2e6723-88b1-54e0-9ffd-bd7cb4d729a4,773467509356,positive,8,аrbitrationDefendant,"Не найдены арбитражные дела, в которых выступает в качестве ответчика, что может свидетельствовать о том, что компания, вероятно, соблюдает свои обязательства и эффективно решает возникающие споры.",arbitr
8c2e6723-88b1-54e0-9ffd-bd7cb4d729a4,773467509356,positive,9,taxArrears,"Не найден в реестре организаций должников ФНС, что может свидетельствовать об отсутствии задолженности перед налоговыми органами, что является положительным фактором при оценке надежности контрагента.",reestrs
8c2e6723-88b1-54e0-9ffd-bd7cb4d729a4,773467509356,positive,10,taxReporting,"Не найден в реестре организаций не сдающих отчётность, компания соблюдает свои обязательства по предоставлению отчетности и, вероятно, ведет бизнес прозрачно.",reestrs
8c2e6723-88b1-54e0-9ffd-bd7cb4d729a4,773467509356,positive,11,invalidAddress,"Не найден в реестре организаций с фиктивным адресом, это подтверждает, что компания зарегистрирована по реальному адресу, где фактически осуществляет свою деятельность.",reestrs
8c2e6723-88b1-54e0-9ffd-bd7cb4d729a4,773467509356,positive,12,invalidAuthpersonsData,"Не найден в реестре организаций с номинальным руководителем или с меткой о недостоверных данных руководителя, руководитель компании, вероятно, является реальным лицом, управляющим компанией, и информация о нем достоверна.",manager
8c2e6723-88b1-54e0-9ffd-bd7cb4d729a4,773467509356,positive,13,invalidRegistrationData,"Не найден в реестре организаций с недостоверными регистрационными данными, что говорит о благонадежности компании, информация о компании соответствует действительности.",reestrs
8c2e6723-88b1-54e0-9ffd-bd7cb4d729a4,773467509356,positive,14,massOkved,"У компании небольшое количество кодов ОКВЭД, что может указывать на то, что компания сосредоточена на определенных видах деятельности и, вероятно, обладает опытом и специализацией в этих областях.",okved
d7239c5b-0429-5e79-b336-930fb4b49bfc,7104080194,positive,0,fnsBlocking,"Нет блокировок банковских счетов по постановлениям налоговой на текущую дату, что может говорить об отсутствии у компании проблем с налоговыми органами, которые привели бы к блокировке счетов.",reestrs
d7239c5b-0429-5e79-b336-930fb4b49bfc,7104080194,positive,1,relatedCompanies,"У компании есть связанные компании, это позволяет проанализировать не только текущую деятельность контрагента, но и историю связанных с ним организаций. Изучите информацию о связанных компаниях, их деятельности и истории, чтобы получить более полное представление о контрагенте и его надежности.",relatedComp
d7239c5b-0429-5e79-b336-930fb4b49bfc,7104080194,positive,2,executionProceedings,"Нет действующих исполнительных производств, в которых выступает в качестве ответчика, это может указывать на то, что компания своевременно исполняет свои обязательства и не имеет серьезных финансовых проблем.",execproc
d7239c5b-0429-5e79-b336-930fb4b49bfc,7104080194,positive,3,liquidationStatus,"Не найден в реестре организаций проходящих процедуру банкротства, что может свидетельствовать об отсутствии у компании текущих процедур банкротства, что является положительным знаком при оценке ее финансовой устойчивости.",reestrs
d7239c5b-0429-5e79-b336-930fb4b49bfc,7104080194,positive,4,massAuthpersons,"Не найден в реестре организаций с массовым директором или учредителем, вероятно, компания не используется в сомнительных схемах, что повышает доверие к ее деятельности.",manager
d7239c5b-0429-5e79-b336-930fb4b49bfc,7104080194,positive,5,massAddress,"Не найден в реестре организаций с массовым адресом, что может свидетельствовать о достоверности и актуальности данных об адресе юридического лица.",reestrs
d7239c5b-0429-5e79-b336-930fb4b49bfc,7104080194,positive,6,dishonestProvider,"Не найден в реестре организаций недобросовестных поставщиков, что может свидетельствовать об отсутствии у компании негативных историй участия в государственных закупках.",reestrs
d7239c5b-0429-5e79-b336-930fb4b49bfc,7104080194,positive,7,disqualifiedAuthpersons,"Руководитель организации не найден в реестре дисквалифицированных лиц, руководитель компании, вероятно, не имеет ограничений на занятие руководящих должностей и не был дисквалифицирован за нарушения законодательства.",manager
d7239c5b-0429-5e79-b336-930fb4b49bfc,7104080194,positive,8,аrbitrationDefendant,"Не найдены арбитражные дела, в которых выступает в качестве ответчика, что может свидетельствовать о том, что компания, вероятно, соблюдает свои обязательства и эффективно решает возникающие споры.",arbitr
d7239c5b-0429-5e79-b336-930fb4b49bfc,7104080194,positive,9,taxArrears,"Не найден в реестре организаций должников ФНС, что может свидетельствовать об отсутствии задолженности перед налоговыми органами, что является положительным фактором при оценке надежности контрагента.",reestrs
d7239c5b-0429-5e79-b336-930fb4b49bfc,7104080194,positive,10,taxReporting,"Не найден в реестре организаций не сдающих отчётность, компания соблюдает свои обязательства по предоставлению отчетности и, вероятно, ведет бизнес прозрачно.",reestrs
d7239c5b-0429-5e79-b336-930fb4b49bfc,7104080194,positive,11,invalidAddress,"Не найден в реестре организаций с фиктивным адресом, это подтверждает, что компания зарегистрирована по реальному адресу, где фактически осуществляет свою деятельность.",reestrs
d7239c5b-0429-5e79-b336-930fb4b49bfc,7104080194,positive,12,invalidAuthpersonsData,"Не найден в реестре организаций с номинальным руководителем или с меткой о недостоверных данных руководителя, руководитель компании, вероятно, является реальным лицом, управляющим компанией, и информация о нем достоверна.",manager
d7239c5b-0429-5e79-b336-930fb4b49bfc,7104080194,positive,13,invalidRegistrationData,"Не найден в реестре организаций с недостоверными регистрационными данными, что говорит о благонадежности компании, информация о компании соответствует действительности.",reestrs
d7239c5b-0429-5e79-b336-930fb4b49bfc,7104080194,positive,14,proceeds,"У компании есть выручка за предыдущий год в размере 2594595.0 тыс. руб., что свидетельствует о наличии стабильного дохода и успешной деятельности.",finance
d7239c5b-0429-5e79-b336-930fb4b49bfc,7104080194,positive,15,massOkved,"У компании небольшое количество кодов ОКВЭД, что может указывать на то, что компания сосредоточена на определенных видах деятельности и, вероятно, обладает опытом и специализацией в этих областях.",okved
d7239c5b-0429-5e79-b336-930fb4b49bfc,7104080194,positive,16,profit,"У компании есть прибыль за предыдущий год в размере 7612.0 тыс. руб., что указывает на эффективное управление затратами и положительные финансовые результаты.",finance
d7239c5b-0429-5e79-b336-930fb4b49bfc,7104080194,positive,17,currentAssets,"У компании имеются оборотные активы в размере 171274.0 тыс. руб., что обеспечивает достаточную ликвидность для покрытия краткосрочных обязательств и ведения текущей деятельности.",finance
d7239c5b-0429-5e79-b336-930fb4b49bfc,7104080194,positive,18,uncurrentAssets,"У компании есть внеоборотные активы на сумму 30621.0 тыс. руб., что, вероятно, может говорить о стабильном положении и долгосрочных перспективах развития.",finance
6cbb9654-4d6f-5d6d-8f17-352fb91b8330,233000064283,negative,0,massOkved,"Компания имеет большое количество кодов ОКВЭД, что  может быть связано с попыткой компании охватить как можно больше направлений бизнеса, это может отрицательно сказаться на ее эффективности и надежности.",okved
6cbb9654-4d6f-5d6d-8f17-352fb91b8330,233000064283,positive,0,fnsBlocking,"Нет блокировок банковских счетов по постановлениям налоговой на текущую дату, что может говорить об отсутствии у компании проблем с налоговыми органами, которые привели бы к блокировке счетов.",reestrs
6cbb9654-4d6f-5d6d-8f17-352fb91b8330,233000064283,positive,1,executionProceedings,"Нет действующих исполнительных производств, в которых выступает в качестве ответчика, это может указывать на то, что компания своевременно исполняет свои обязательства и не имеет серьезных финансовых проблем.",execproc
6cbb9654-4d6f-5d6d-8f17-352fb91b8330,233000064283,positive,2,liquidationStatus,"Не найден в реестре организаций проходящих процедуру банкротства, что может свидетельствовать об отсутствии у компании текущих процедур банкротства, что является положительным знаком при оценке ее финансовой устойчивости.",reestrs
6cbb9654-4d6f-5d6d-8f17-352fb91b8330,233000064283,positive,3,massAuthpersons,"Не найден в реестре организаций с массовым директором или учредителем, вероятно, компания не используется в сомнительных схемах, что повышает доверие к ее деятельности.",manager
6cbb9654-4d6f-5d6d-8f17-352fb91b8330,233000064283,positive,4,massAddress,"Не найден в реестре организаций с массовым адресом, что может свидетельствовать о достоверности и актуальности данных об адресе юридического лица.",reestrs
6cbb9654-4d6f-5d6d-8f17-352fb91b8330,233000064283,positive,5,dishonestProvider,"Не найден в реестре организаций недобросовестных поставщиков, что может свидетельствовать об отсутствии у компании негативных историй участия в государственных закупках.",reestrs
6cbb9654-4d6f-5d6d-8f17-352fb91b8330,233000064283,positive,6,disqualifiedAuthpersons,"Руководитель организации не найден в реестре дисквалифицированных лиц, руководитель компании, вероятно, не имеет ограничений на занятие руководящих должностей и не был дисквалифицирован за нарушения законодательства.",manager
6cbb9654-4d6f-5d6d-8f17-352fb91b8330,233000064283,positive,7,аrbitrationDefendant,"Не найдены арбитражные дела, в которых выступает в качестве ответчика, что может свидетельствовать о том, что компания, вероятно, соблюдает свои обязательства и эффективно решает возникающие споры.",arbitr
6cbb9654-4d6f-5d6d-8f17-352fb91b8330,233000064283,positive,8,taxArrears,"Не найден в реестре организаций должников ФНС, что может свидетельствовать об отсутствии задолженности перед налоговыми органами, что является положительным фактором при оценке надежности контрагента.",reestrs
6cbb9654-4d6f-5d6d-8f17-352fb91b8330,233000064283,positive,9,taxReporting,"Не найден в реестре организаций не сдающих отчётность, компания соблюдает свои обязательства по предоставлению отчетности и, вероятно, ведет бизнес прозрачно.",reestrs
6cbb9654-4d6f-5d6d-8f17-352fb91b8330,233000064283,positive,10,invalidAddress,"Не найден в реестре организаций с фиктивным адресом, это подтверждает, что компания зарегистрирована по реальному адресу, где фактически осуществляет свою деятельность.",reestrs
6cbb9654-4d6f-5d6d-8f17-352fb91b8330,233000064283,positive,11,invalidAuthpersonsData,"Не найден в реестре организаций с номинальным руководителем или с меткой о недостоверных данных руководителя, руководитель компании, вероятно, является реальным лицом, управляющим компанией, и информация о нем достоверна.",manager
6cbb9654-4d6f-5d6d-8f17-352fb91b8330,233000064283,positive,12,invalidRegistrationData,"Не найден в реестре организаций с недостоверными регистрационными данными, что говорит о благонадежности компании, информация о компании соответствует действительности.",reestrs
53b98f17-76f4-580e-a522-93f3b9364e70,2016003057,negative,0,executionProceedings,"Есть действующие исполнительные производства, в которых выступает в качестве ответчика, это может означать, что компания имеет неисполненные обязательства перед кредиторами или государственными органами. Такая информация негативно сказывается на репутации и кредитоспособности лица или организации, поскольку свидетельствует о возможных финансовых трудностях или нежелании выполнять свои обязательства.",execproc
53b98f17-76f4-580e-a522-93f3b9364e70,2016003057,negative,1,massOkved,"Компания имеет большое количество кодов ОКВЭД, что  может быть связано с попыткой компании охватить как можно больше направлений бизнеса, это может отрицательно сказаться на ее эффективности и надежности.",okved
53b98f17-76f4-580e-a522-93f3b9364e70,2016003057,negative,2,arbitrationDefendant,"Есть арбитражные дела, в которых выступает в качестве ответчика, что может указывать на наличие споров с контрагентами или государственными органами. Это может быть признаком нестабильности в деятельности компании и потенциальных финансовых рисков.",arbitr
53b98f17-76f4-580e-a522-93f3b9364e70,2016003057,positive,0,fnsBlocking,"Нет блокировок банковских счетов по постановлениям налоговой на текущую дату, что может говорить об отсутствии у компании проблем с налоговыми органами, которые привели бы к блокировке счетов.",reestrs
53b98f17-76f4-580e-a522-93f3b9364e70,2016003057,positive,1,relatedCompanies,"У компании есть связанные компании, это позволяет проанализировать не только текущую деятельность контрагента, но и историю связанных с ним организаций. Изучите информацию о связанных компаниях, их деятельности и истории, чтобы получить более полное представление о контрагенте и его надежности.",relatedComp
53b98f17-76f4-580e-a522-93f3b9364e70,2016003057,positive,2,liquidationStatus,"Не найден в реестре организаций проходящих процедуру банкротства, что может свидетельствовать об отсутствии у компании текущих процедур банкротства, что является положительным знаком при оценке ее финансовой устойчивости.",reestrs
53b98f17-76f4-580e-a522-93f3b9364e70,2016003057,positive,3,massAuthpersons,"Не найден в реестре организаций с массовым директором или учредителем, вероятно, компания не используется в сомнительных схемах, что повышает доверие к ее деятельности.",manager
53b98f17-76f4-580e-a522-93f3b9364e70,2016003057,positive,4,massAddress,"Не найден в реестре организаций с массовым адресом, что может свидетельствовать о достоверности и актуальности данных об адресе юридического лица.",reestrs
53b98f17-76f4-580e-a522-93f3b9364e70,2016003057,positive,5,dishonestProvider,"Не найден в реестре организаций недобросовестных поставщиков, что может свидетельствовать об отсутствии у компании негативных историй участия в государственных закупках.",reestrs
53b98f17-76f4-580e-a522-93f3b9364e70,2016003057,positive,6,disqualifiedAuthpersons,"Руководитель организации не найден в реестре дисквалифицированных лиц, руководитель компании, вероятно, не имеет ограничений на занятие руководящих должностей и не был дисквалифицирован за нарушения законодательства.",manager
53b98f17-76f4-580e-a522-93f3b9364e70,2016003057,positive,7,taxArrears,"Не найден в реестре организаций должников ФНС, что может свидетельствовать об отсутствии задолженности перед налоговыми органами, что является положительным фактором при оценке надежности контрагента.",reestrs
53b98f17-76f4-580e-a522-93f3b9364e70,2016003057,positive,8,taxReporting,"Не найден в реестре организаций не сдающих отчётность, компания соблюдает свои обязательства по предоставлению отчетности и, вероятно, ведет бизнес прозрачно.",reestrs
53b98f17-76f4-580e-a522-93f3b9364e70,2016003057,positive,9,invalidAddress,"Не найден в реестре организаций с фиктивным адресом, это подтверждает, что компания зарегистрирована по реальному адресу, где фактически осуществляет свою деятельность.",reestrs
53b98f17-76f4-580e-a522-93f3b9364e70,2016003057,positive,10,invalidAuthpersonsData,"Не найден в реестре организаций с номинальным руководителем или с меткой о недостоверных данных руководителя, руководитель компании, вероятно, является реальным лицом, управляющим компанией, и информация о нем достоверна.",manager
53b98f17-76f4-580e-a522-93f3b9364e70,2016003057,positive,11,invalidRegistrationData,"Не найден в реестре организаций с недостоверными регистрационными данными, что говорит о благонадежности компании, информация о компании соответствует действительности.",reestrs
53b98f17-76f4-580e-a522-93f3b9364e70,2016003057,positive,12,proceeds,"У компании есть выручка за предыдущий год в размере 1047502.0 тыс. руб., что свидетельствует о наличии стабильного дохода и успешной деятельности.",finance
53b98f17-76f4-580e-a522-93f3b9364e70,2016003057,positive,13,profit,"У компании есть прибыль за предыдущий год в размере 3396.0 тыс. руб., что указывает на эффективное управление затратами и положительные финансовые результаты.",finance
53b98f17-76f4-580e-a522-93f3b9364e70,2016003057,positive,14,currentAssets,"У компании имеются оборотные активы в размере 90106.0 тыс. руб., что обеспечивает достаточную ликвидность для покрытия краткосрочных обязательств и ведения текущей деятельности.",finance
53b98f17-76f4-580e-a522-93f3b9364e70,2016003057,positive,15,uncurrentAssets,"У компании есть внеоборотные активы на сумму 34787.0 тыс. руб., что, вероятно, может говорить о стабильном положении и долгосрочных перспективах развития.",finance
53b98f17-76f4-580e-a522-93f3b9364e70,2016003057,positive,16,governmentContract,"Есть выигранные госконтракты. Изучите информацию о количестве и сумме тендеров и контрактов, чтобы получить более полное представление о контрагенте и его деятельности.",reestrs
dc4fc3b7-555c-5dfd-b5de-bef076b0b4c9,2901324364,positive,0,fnsBlocking,"Нет блокировок банковских счетов по постановлениям налоговой на текущую дату, что может говорить об отсутствии у компании проблем с налоговыми органами, которые привели бы к блокировке счетов.",reestrs
dc4fc3b7-555c-5dfd-b5de-bef076b0b4c9,2901324364,positive,1,relatedCompanies,"У компании есть связанные компании, это позволяет проанализировать не только текущую деятельность контрагента, но и историю связанных с ним организаций. Изучите информацию о связанных компаниях, их деятельности и истории, чтобы получить более полное представление о контрагенте и его надежности.",relatedComp
dc4fc3b7-555c-5dfd-b5de-bef076b0b4c9,2901324364,positive,2,executionProceedings,"Нет действующих исполнительных производств, в которых выступает в качестве ответчика, это может указывать на то, что компания своевременно исполняет свои обязательства и не имеет серьезных финансовых проблем.",execproc
dc4fc3b7-555c-5dfd-b5de-bef076b0b4c9,2901324364,positive,3,liquidationStatus,"Не найден в реестре организаций проходящих процедуру банкротства, что может свидетельствовать об отсутствии у компании текущих процедур банкротства, что является положительным знаком при оценке ее финансовой устойчивости.",reestrs
dc4fc3b7-555c-5dfd-b5de-bef076b0b4c9,2901324364,positive,4,massAuthpersons,"Не найден в реестре организаций с массовым директором или учредителем, вероятно, компания не используется в сомнительных схемах, что повышает доверие к ее деятельности.",manager
dc4fc3b7-555c-5dfd-b5de-bef076b0b4c9,2901324364,positive,5,massAddress,"Не найден в реестре организаций с массовым адресом, что может свидетельствовать о достоверности и актуальности данных об адресе юридического лица.",reestrs
dc4fc3b7-555c-5dfd-b5de-bef076b0b4c9,2901324364,positive,6,dishonestProvider,"Не найден в реестре организаций недобросовестных поставщиков, что может свидетельствовать об отсутствии у компании негативных историй участия в государственных закупках.",reestrs
dc4fc3b7-555c-5dfd-b5de-bef076b0b4c9,2901324364,positive,7,disqualifiedAuthpersons,"Руководитель организации не найден в реестре дисквалифицированных лиц, руководитель компании, вероятно, не имеет ограничений на занятие руководящих должностей и не был дисквалифицирован за нарушения законодательства.",manager
dc4fc3b7-555c-5dfd-b5de-bef076b0b4c9,2901324364,positive,8,аrbitrationDefendant,"Не найдены арбитражные дела, в которых выступает в качестве ответчика, что может свидетельствовать о том, что компания, вероятно, соблюдает свои обязательства и эффективно решает возникающие споры.",arbitr
dc4fc3b7-555c-5dfd-b5de-bef076b0b4c9,2901324364,positive,9,taxArrears,"Не найден в реестре организаций должников ФНС, что может свидетельствовать об отсутствии задолженности перед налоговыми органами, что является положительным фактором при оценке надежности контрагента.",reestrs
dc4fc3b7-555c-5dfd-b5de-bef076b0b4c9,2901324364,positive,10,taxReporting,"Не найден в реестре организаций не сдающих отчётность, компания соблюдает свои обязательства по предоставлению отчетности и, вероятно, ведет бизнес прозрачно.",reestrs
dc4fc3b7-555c-5dfd-b5de-bef076b0b4c9,2901324364,positive,11,invalidAddress,"Не найден в реестре организаций с фиктивным адресом, это подтверждает, что компания зарегистрирована по реальному адресу, где фактически осуществляет свою деятельность.",reestrs
dc4fc3b7-555c-5dfd-b5de-bef076b0b4c9,2901324364,positive,12,invalidAuthpersonsData,"Не найден в реестре организаций с номинальным руководителем или с меткой о недостоверных данных руководителя, руководитель компании, вероятно, является реальным лицом, управляющим компанией, и информация о нем достоверна.",manager
dc4fc3b7-555c-5dfd-b5de-bef076b0b4c9,2901324364,positive,13,invalidRegistrationData,"Не найден в реестре организаций с недостоверными регистрационными данными, что говорит о благонадежности компании, информация о компании соответствует действительности.",reestrs
dc4fc3b7-555c-5dfd-b5de-bef076b0b4c9,2901324364,positive,14,massOkved,"У компании небольшое количество кодов ОКВЭД, что может указывать на то, что компания сосредоточена на определенных видах деятельности и, вероятно, обладает опытом и специализацией в этих областях.",okved
0fd23bf1-0dc8-574b-aa4d-3f806474df2f,4000036100,positive,0,fnsBlocking,"Нет блокировок банковских счетов по постановлениям налоговой на текущую дату, что может говорить об отсутствии у компании проблем с налоговыми органами, которые привели бы к блокировке счетов.",reestrs
0fd23bf1-0dc8-574b-aa4d-3f806474df2f,4000036100,positive,1,executionProceedings,"Нет действующих исполнительных производств, в которых выступает в качестве ответчика, это может указывать на то, что компания своевременно исполняет свои обязательства и не имеет серьезных финансовых проблем.",execproc
0fd23bf1-0dc8-574b-aa4d-3f806474df2f,4000036100,positive,2,liquidationStatus,"Не найден в реестре организаций проходящих процедуру банкротства, что может свидетельствовать об отсутствии у компании текущих процедур банкротства, что является положительным знаком при оценке ее финансовой устойчивости.",reestrs
0fd23bf1-0dc8-574b-aa4d-3f806474df2f,4000036100,positive,3,massAuthpersons,"Не найден в реестре организаций с массовым директором или учредителем, вероятно, компания не используется в сомнительных схемах, что повышает доверие к ее деятельности.",manager
0fd23bf1-0dc8-574b-aa4d-3f806474df2f,4000036100,positive,4,massAddress,"Не найден в реестре организаций с массовым адресом, что может свидетельствовать о достоверности и актуальности данных об адресе юридического лица.",reestrs
0fd23bf1-0dc8-574b-aa4d-3f806474df2f,4000036100,positive,5,dishonestProvider,"Не найден в реестре организаций недобросовестных поставщиков, что может свидетельствовать об отсутствии у компании негативных историй участия в государственных закупках.",reestrs
0fd23bf1-0dc8-574b-aa4d-3f806474df2f,4000036100,positive,6,disqualifiedAuthpersons,"Руководитель организации не найден в реестре дисквалифицированных лиц, руководитель компании, вероятно, не имеет ограничений на занятие руководящих должностей и не был дисквалифицирован за нарушения законодательства.",manager
0fd23bf1-0dc8-574b-aa4d-3f806474df2f,4000036100,positive,7,аrbitrationDefendant,"Не найдены арбитражные дела, в которых выступает в качестве ответчика, что может свидетельствовать о том, что компания, вероятно, соблюдает свои обязательства и эффективно решает возникающие споры.",arbitr
0fd23bf1-0dc8-574b-aa4d-3f806474df2f,4000036100,positive,8,taxArrears,"Не найден в реестре организаций должников ФНС, что может свидетельствовать об отсутствии задолженности перед налоговыми органами, что является положительным фактором при оценке надежности контрагента.",reestrs
0fd23bf1-0dc8-574b-aa4d-3f806474df2f,4000036100,positive,9,taxReporting,"Не найден в реестре организаций не сдающих отчётность, компания соблюдает свои обязательства по предоставлению отчетности и, вероятно, ведет бизнес прозрачно.",reestrs
0fd23bf1-0dc8-574b-aa4d-3f806474df2f,4000036100,positive,10,invalidAddress,"Не найден в реестре организаций с фиктивным адресом, это подтверждает, что компания зарегистрирована по реальному адресу, где фактически осуществляет свою деятельность.",reestrs
0fd23bf1-0dc8-574b-aa4d-3f806474df2f,4000036100,positive,11,invalidAuthpersonsData,"Не найден в реестре организаций с номинальным руководителем или с меткой о недостоверных данных руководителя, руководитель компании, вероятно, является реальным лицом, управляющим компанией, и информация о нем достоверна.",manager
0fd23bf1-0dc8-574b-aa4d-3f806474df2f,4000036100,positive,12,invalidRegistrationData,"Не найден в реестре организаций с недостоверными регистрационными данными, что говорит о благонадежности компании, информация о компании соответствует действительности.",reestrs
0fd23bf1-0dc8-574b-aa4d-3f806474df2f,4000036100,positive,13,massOkved,"У компании небольшое количество кодов ОКВЭД, что может указывать на то, что компания сосредоточена на определенных видах деятельности и, вероятно, обладает опытом и специализацией в этих областях.",okved
7a6ab209-4410-550a-9081-70e530733010,234701002417,negative,0,arbitrationDefendant,"Есть арбитражные дела, в которых выступает в качестве ответчика, что может указывать на наличие споров с контрагентами или государственными органами. Это может быть признаком нестабильности в деятельности компании и потенциальных финансовых рисков.",arbitr
7a6ab209-4410-550a-9081-70e530733010,234701002417,positive,0,fnsBlocking,"Нет блокировок банковских счетов по постановлениям налоговой на текущую дату, что может говорить об отсутствии у компании проблем с налоговыми органами, которые привели бы к блокировке счетов.",reestrs
7a6ab209-4410-550a-9081-70e530733010,234701002417,positive,1,executionProceedings,"Нет действующих исполнительных производств, в которых выступает в качестве ответчика, это может указывать на то, что компания своевременно исполняет свои обязательства и не имеет серьезных финансовых проблем.",execproc
7a6ab209-4410-550a-9081-70e530733010,234701002417,positive,2,liquidationStatus,"Не найден в реестре организаций проходящих процедуру банкротства, что может свидетельствовать об отсутствии у компании текущих процедур банкротства, что является положительным знаком при оценке ее финансовой устойчивости.",reestrs
7a6ab209-4410-550a-9081-70e530733010,234701002417,positive,3,massAuthpersons,"Не найден в реестре организаций с массовым директором или учредителем, вероятно, компания не используется в сомнительных схемах, что повышает доверие к ее деятельности.",manager
7a6ab209-4410-550a-9081-70e530733010,234701002417,positive,4,massAddress,"Не найден в реестре организаций с массовым адресом, что может свидетельствовать о достоверности и актуальности данных об адресе юридического лица.",reestrs
7a6ab209-4410-550a-9081-70e530733010,234701002417,positive,5,dishonestProvider,"Не найден в реестре организаций недобросовестных поставщиков, что может свидетельствовать об отсутствии у компании негативных историй участия в государственных закупках.",reestrs
7a6ab209-4410-550a-9081-70e530733010,234701002417,positive,6,disqualifiedAuthpersons,"Руководитель организации не найден в реестре дисквалифицированных лиц, руководитель компании, вероятно, не имеет ограничений на занятие руководящих должностей и не был дисквалифицирован за нарушения законодательства.",manager
7a6ab209-4410-550a-9081-70e530733010,234701002417,positive,7,taxArrears,"Не найден в реестре организаций должников ФНС, что может свидетельствовать об отсутствии задолженности перед налоговыми органами, что является положительным фактором при оценке надежности контрагента.",reestrs
7a6ab209-4410-550a-9081-70e530733010,234701002417,positive,8,taxReporting,"Не найден в реестре организаций не сдающих отчётность, компания соблюдает свои обязательства по предоставлению отчетности и, вероятно, ведет бизнес прозрачно.",reestrs
7a6ab209-4410-550a-9081-70e530733010,234701002417,positive,9,invalidAddress,"Не найден в реестре организаций с фиктивным адресом, это подтверждает, что компания зарегистрирована по реальному адресу, где фактически осуществляет свою деятельность.",reestrs
7a6ab209-4410-550a-9081-70e530733010,234701002417,positive,10,invalidAuthpersonsData,"Не найден в реестре организаций с номинальным руководителем или с меткой о недостоверных данных руководителя, руководитель компании, вероятно, является реальным лицом, управляющим компанией, и информация о нем достоверна.",manager
7a6ab209-4410-550a-9081-70e530733010,234701002417,positive,11,invalidRegistrationData,"Не найден в реестре организаций с недостоверными регистрационными данными, что говорит о благонадежности компании, информация о компании соответствует действительности.",reestrs
7a6ab209-4410-550a-9081-70e530733010,234701002417,positive,12,massOkved,"У компании небольшое количество кодов ОКВЭД, что может указывать на то, что компания сосредоточена на определенных видах деятельности и, вероятно, обладает опытом и специализацией в этих областях.",okved
ed82f286-1433-5597-9312-937db588a912,505305266801,positive,0,fnsBlocking,"Нет блокировок банковских счетов по постановлениям налоговой на текущую дату, что может говорить об отсутствии у компании проблем с налоговыми органами, которые привели бы к блокировке счетов.",reestrs
ed82f286-1433-5597-9312-937db588a912,505305266801,positive,1,relatedCompanies,"У компании есть связанные компании, это позволяет проанализировать не только текущую деятельность контрагента, но и историю связанных с ним организаций. Изучите информацию о связанных компаниях, их деятельности и истории, чтобы получить более полное представление о контрагенте и его надежности.",relatedComp
ed82f286-1433-5597-9312-937db588a912,505305266801,positive,2,executionProceedings,"Нет действующих исполнительных производств, в которых выступает в качестве ответчика, это может указывать на то, что компания своевременно исполняет свои обязательства и не имеет серьезных финансовых проблем.",execproc
ed82f286-1433-5597-9312-937db588a912,505305266801,positive,3,liquidationStatus,"Не найден в реестре организаций проходящих процедуру банкротства, что может свидетельствовать об отсутствии у компании текущих процедур банкротства, что является положительным знаком при оценке ее финансовой устойчивости.",reestrs
ed82f286-1433-5597-9312-937db588a912,505305266801,positive,4,massAuthpersons,"Не найден в реестре организаций с массовым директором или учредителем, вероятно, компания не используется в сомнительных схемах, что повышает доверие к ее деятельности.",manager
ed82f286-1433-5597-9312-937db588a912,505305266801,positive,5,massAddress,"Не найден в реестре организаций с массовым адресом, что может свидетельствовать о достоверности и актуальности данных об адресе юридического лица.",reestrs
ed82f286-1433-5597-9312-937db588a912,505305266801,positive,6,dishonestProvider,"Не найден в реестре организаций недобросовестных поставщиков, что может свидетельствовать об отсутствии у компании негативных историй участия в государственных закупках.",reestrs
ed82f286-1433-5597-9312-937db588a912,505305266801,positive,7,disqualifiedAuthpersons,"Руководитель организации не найден в реестре дисквалифицированных лиц, руководитель компании, вероятно, не имеет ограничений на занятие руководящих должностей и не был дисквалифицирован за нарушения законодательства.",manager
ed82f286-1433-5597-9312-937db588a912,505305266801,positive,8,аrbitrationDefendant,"Не найдены арбитражные дела, в которых выступает в качестве ответчика, что может свидетельствовать о том, что компания, вероятно, соблюдает свои обязательства и эффективно решает возникающие споры.",arbitr
ed82f286-1433-5597-9312-937db588a912,505305266801,positive,9,taxArrears,"Не найден в реестре организаций должников ФНС, что может свидетельствовать об отсутствии задолженности перед налоговыми органами, что является положительным фактором при оценке надежности контрагента.",reestrs
ed82f286-1433-5597-9312-937db588a912,505305266801,positive,10,taxReporting,"Не найден в реестре организаций не сдающих отчётность, компания соблюдает свои обязательства по предоставлению отчетности и, вероятно, ведет бизнес прозрачно.",reestrs
ed82f286-1433-5597-9312-937db588a912,505305266801,positive,11,invalidAddress,"Не найден в реестре организаций с фиктивным адресом, это подтверждает, что компания зарегистрирована по реальному адресу, где фактически осуществляет свою деятельность.",reestrs
ed82f286-1433-5597-9312-937db588a912,505305266801,positive,12,invalidAuthpersonsData,"Не найден в реестре организаций с номинальным руководителем или с меткой о недостоверных данных руководителя, руководитель компании, вероятно, является реальным лицом, управляющим компанией, и информация о нем достоверна.",manager
ed82f286-1433-5597-9312-937db588a912,505305266801,positive,13,invalidRegistrationData,"Не найден в реестре организаций с недостоверными регистрационными данными, что говорит о благонадежности компании, информация о компании соответствует действительности.",reestrs
ed82f286-1433-5597-9312-937db588a912,505305266801,positive,14,massOkved,"У компании небольшое количество кодов ОКВЭД, что может указывать на то, что компания сосредоточена на определенных видах деятельности и, вероятно, обладает опытом и специализацией в этих областях.",okved
d191f008-1f97-52da-a3c6-9f836af0ce7a,592061218009,positive,0,fnsBlocking,"Нет блокировок банковских счетов по постановлениям налоговой на текущую дату, что может говорить об отсутствии у компании проблем с налоговыми органами, которые привели бы к блокировке счетов.",reestrs
d191f008-1f97-52da-a3c6-9f836af0ce7a,592061218009,positive,1,executionProceedings,"Нет действующих исполнительных производств, в которых выступает в качестве ответчика, это может указывать на то, что компания своевременно исполняет свои обязательства и не имеет серьезных финансовых проблем.",execproc
d191f008-1f97-52da-a3c6-9f836af0ce7a,592061218009,positive,2,liquidationStatus,"Не найден в реестре организаций проходящих процедуру банкротства, что может свидетельствовать об отсутствии у компании текущих процедур банкротства, что является положительным знаком при оценке ее финансовой устойчивости.",reestrs
d191f008-1f97-52da-a3c6-9f836af0ce7a,592061218009,positive,3,massAuthpersons,"Не найден в реестре организаций с массовым директором или учредителем, вероятно, компания не используется в сомнительных схемах, что повышает доверие к ее деятельности.",manager
d191f008-1f97-52da-a3c6-9f836af0ce7a,592061218009,positive,4,massAddress,"Не найден в реестре организаций с массовым адресом, что может свидетельствовать о достоверности и актуальности данных об адресе юридического лица.",reestrs
d191f008-1f97-52da-a3c6-9f836af0ce7a,592061218009,positive,5,dishonestProvider,"Не найден в реестре организаций недобросовестных поставщиков, что может свидетельствовать об отсутствии у компании негативных историй участия в государственных закупках.",reestrs
d191f008-1f97-52da-a3c6-9f836af0ce7a,592061218009,positive,6,disqualifiedAuthpersons,"Руководитель организации не найден в реестре дисквалифицированных лиц, руководитель компании, вероятно, не имеет ограничений на занятие руководящих должностей и не был дисквалифицирован за нарушения законодательства.",manager
d191f008-1f97-52da-a3c6-9f836af0ce7a,592061218009,positive,7,аrbitrationDefendant,"Не найдены арбитражные дела, в которых выступает в качестве ответчика, что может свидетельствовать о том, что компания, вероятно, соблюдает свои обязательства и эффективно решает возникающие споры.",arbitr
d191f008-1f97-52da-a3c6-9f836af0ce7a,592061218009,positive,8,taxArrears,"Не найден в реестре организаций должников ФНС, что может свидетельствовать об отсутствии задолженности перед налоговыми органами, что является положительным фактором при оценке надежности контрагента.",reestrs
d191f008-1f97-52da-a3c6-9f836af0ce7a,592061218009,positive,9,taxReporting,"Не найден в реестре организаций не сдающих отчётность, компания соблюдает свои обязательства по предоставлению отчетности и, вероятно, ведет бизнес прозрачно.",reestrs
d191f008-1f97-52da-a3c6-9f836af0ce7a,592061218009,positive,10,invalidAddress,"Не найден в реестре организаций с фиктивным адресом, это подтверждает, что компания зарегистрирована по реальному адресу, где фактически осуществляет свою деятельность.",reestrs
d191f008-1f97-52da-a3c6-9f836af0ce7a,592061218009,positive,11,invalidAuthpersonsData,"Не найден в реестре организаций с номинальным руководителем или с меткой о недостоверных данных руководителя, руководитель компании, вероятно, является реальным лицом, управляющим компанией, и информация о нем достоверна.",manager
d191f008-1f97-52da-a3c6-9f836af0ce7a,592061218009,positive,12,invalidRegistrationData,"Не найден в реестре организаций с недостоверными регистрационными данными, что говорит о благонадежности компании, информация о компании соответствует действительности.",reestrs
d191f008-1f97-52da-a3c6-9f836af0ce7a,592061218009,positive,13,massOkved,"У компании небольшое количество кодов ОКВЭД, что может указывать на то, что компания сосредоточена на определенных видах деятельности и, вероятно, обладает опытом и специализацией в этих областях.",okved
8313dc1e-d5b1-587e-8aa2-7533bd3d6d2e,7708332207,positive,0,fnsBlocking,"Нет блокировок банковских счетов по постановлениям налоговой на текущую дату, что может говорить об отсутствии у компании проблем с налоговыми органами, которые привели бы к блокировке счетов.",reestrs
8313dc1e-d5b1-587e-8aa2-7533bd3d6d2e,7708332207,positive,1,executionProceedings,"Нет действующих исполнительных производств, в которых выступает в качестве ответчика, это может указывать на то, что компания своевременно исполняет свои обязательства и не имеет серьезных финансовых проблем.",execproc
8313dc1e-d5b1-587e-8aa2-7533bd3d6d2e,7708332207,positive,2,liquidationStatus,"Не найден в реестре организаций проходящих процедуру банкротства, что может свидетельствовать об отсутствии у компании текущих процедур банкротства, что является положительным знаком при оценке ее финансовой устойчивости.",reestrs
8313dc1e-d5b1-587e-8aa2-7533bd3d6d2e,7708332207,positive,3,massAuthpersons,"Не найден в реестре организаций с массовым директором или учредителем, вероятно, компания не используется в сомнительных схемах, что повышает доверие к ее деятельности.",manager
8313dc1e-d5b1-587e-8aa2-7533bd3d6d2e,7708332207,positive,4,massAddress,"Не найден в реестре организаций с массовым адресом, что может свидетельствовать о достоверности и актуальности данных об адресе юридического лица.",reestrs
8313dc1e-d5b1-587e-8aa2-7533bd3d6d2e,7708332207,positive,5,dishonestProvider,"Не найден в реестре организаций недобросовестных поставщиков, что может свидетельствовать об отсутствии у компании негативных историй участия в государственных закупках.",reestrs
8313dc1e-d5b1-587e-8aa2-7533bd3d6d2e,7708332207,positive,6,disqualifiedAuthpersons,"Руководитель организации не найден в реестре дисквалифицированных лиц, руководитель компании, вероятно, не имеет ограничений на занятие руководящих должностей и не был дисквалифицирован за нарушения законодательства.",manager
8313dc1e-d5b1-587e-8aa2-7533bd3d6d2e,7708332207,positive,7,аrbitrationDefendant,"Не найдены арбитражные дела, в которых выступает в качестве ответчика, что может свидетельствовать о том, что компания, вероятно, соблюдает свои обязательства и эффективно решает возникающие споры.",arbitr
8313dc1e-d5b1-587e-8aa2-7533bd3d6d2e,7708332207,positive,8,taxArrears,"Не найден в реестре организаций должников ФНС, что может свидетельствовать об отсутствии задолженности перед налоговыми органами, что является положительным фактором при оценке надежности контрагента.",reestrs
8313dc1e-d5b1-587e-8aa2-7533bd3d6d2e,7708332207,positive,9,taxReporting,"Не найден в реестре организаций не сдающих отчётность, компания соблюдает свои обязательства по предоставлению отчетности и, вероятно, ведет бизнес прозрачно.",reestrs
8313dc1e-d5b1-587e-8aa2-7533bd3d6d2e,7708332207,positive,10,invalidAddress,"Не найден в реестре организаций с фиктивным адресом, это подтверждает, что компания зарегистрирована по реальному адресу, где фактически осуществляет свою деятельность.",reestrs
8313dc1e-d5b1-587e-8aa2-7533bd3d6d2e,7708332207,positive,11,invalidAuthpersonsData,"Не найден в реестре организаций с номинальным руководителем или с меткой о недостоверных данных руководителя, руководитель компании, вероятно, является реальным лицом, управляющим компанией, и информация о нем достоверна.",manager
8313dc1e-d5b1-587e-8aa2-7533bd3d6d2e,7708332207,positive,12,invalidRegistrationData,"Не найден в реестре организаций с недостоверными регистрационными данными, что говорит о благонадежности компании, информация о компании соответствует действительности.",reestrs
8313dc1e-d5b1-587e-8aa2-7533bd3d6d2e,7708332207,positive,13,proceeds,"У компании есть выручка за предыдущий год в размере 26879.0 тыс. руб., что свидетельствует о наличии стабильного дохода и успешной деятельности.",finance
8313dc1e-d5b1-587e-8aa2-7533bd3d6d2e,7708332207,positive,14,massOkved,"У компании небольшое количество кодов ОКВЭД, что может указывать на то, что компания сосредоточена на определенных видах деятельности и, вероятно, обладает опытом и специализацией в этих областях.",okved
4418d01c-5da6-57b7-9419-217a1db18418,620417452834,positive,0,fnsBlocking,"Нет блокировок банковских счетов по постановлениям налоговой на текущую дату, что может говорить об отсутствии у компании проблем с налоговыми органами, которые привели бы к блокировке счетов.",reestrs
4418d01c-5da6-57b7-9419-217a1db18418,620417452834,positive,1,executionProceedings,"Нет действующих исполнительных производств, в которых выступает в качестве ответчика, это может указывать на то, что компания своевременно исполняет свои обязательства и не имеет серьезных финансовых проблем.",execproc
4418d01c-5da6-57b7-9419-217a1db18418,620417452834,positive,2,liquidationStatus,"Не найден в реестре организаций проходящих процедуру банкротства, что может свидетельствовать об отсутствии у компании текущих процедур банкротства, что является положительным знаком при оценке ее финансовой устойчивости.",reestrs
4418d01c-5da6-57b7-9419-217a1db18418,620417452834,positive,3,massAuthpersons,"Не найден в реестре организаций с массовым директором или учредителем, вероятно, компания не используется в сомнительных схемах, что повышает доверие к ее деятельности.",manager
4418d01c-5da6-57b7-9419-217a1db18418,620417452834,positive,4,massAddress,"Не найден в реестре организаций с массовым адресом, что может свидетельствовать о достоверности и актуальности данных об адресе юридического лица.",reestrs
4418d01c-5da6-57b7-9419-217a1db18418,620417452834,positive,5,dishonestProvider,"Не найден в реестре организаций недобросовестных поставщиков, что может свидетельствовать об отсутствии у компании негативных историй участия в государственных закупках.",reestrs
4418d01c-5da6-57b7-9419-217a1db18418,620417452834,positive,6,disqualifiedAuthpersons,"Руководитель организации не найден в реестре дисквалифицированных лиц, руководитель компании, вероятно, не имеет ограничений на занятие руководящих должностей и не был дисквалифицирован за нарушения законодательства.",manager
4418d01c-5da6-57b7-9419-217a1db18418,620417452834,positive,7,аrbitrationDefendant,"Не найдены арбитражные дела, в которых выступает в качестве ответчика, что может свидетельствовать о том, что компания, вероятно, соблюдает свои обязательства и эффективно решает возникающие споры.",arbitr
4418d01c-5da6-57b7-9419-217a1db18418,620417452834,positive,8,taxArrears,"Не найден в реестре организаций должников ФНС, что может свидетельствовать об отсутствии задолженности перед налоговыми органами, что является положительным фактором при оценке надежности контрагента.",reestrs
4418d01c-5da6-57b7-9419-217a1db18418,620417452834,positive,9,taxReporting,"Не найден в реестре организаций не сдающих отчётность, компания соблюдает свои обязательства по предоставлению отчетности и, вероятно, ведет бизнес прозрачно.",reestrs
4418d01c-5da6-57b7-9419-217a1db18418,620417452834,positive,10,invalidAddress,"Не найден в реестре организаций с фиктивным адресом, это подтверждает, что компания зарегистрирована по реальному адресу, где фактически осуществляет свою деятельность.",reestrs
4418d01c-5da6-57b7-9419-217a1db18418,620417452834,positive,11,invalidAuthpersonsData,"Не найден в реестре организаций с номинальным руководителем или с меткой о недостоверных данных руководителя, руководитель компании, вероятно, является реальным лицом, управляющим компанией, и информация о нем достоверна.",manager
4418d01c-5da6-57b7-9419-217a1db18418,620417452834,positive,12,invalidRegistrationData,"Не найден в реестре организаций с недостоверными регистрационными данными, что говорит о благонадежности компании, информация о компании соответствует действительности.",reestrs
4418d01c-5da6-57b7-9419-217a1db18418,620417452834,positive,13,massOkved,"У компании небольшое количество кодов ОКВЭД, что может указывать на то, что компания сосредоточена на определенных видах деятельности и, вероятно, обладает опытом и специализацией в этих областях.",okved
82921a40-64e2-5690-897b-a95274713868,2368001703,negative,0,executionProceedings,"Есть действующие исполнительные производства, в которых выступает в качестве ответчика, это может означать, что компания имеет неисполненные обязательства перед кредиторами или государственными органами. Такая информация негативно сказывается на репутации и кредитоспособности лица или организации, поскольку свидетельствует о возможных финансовых трудностях или нежелании выполнять свои обязательства.",execproc
82921a40-64e2-5690-897b-a95274713868,2368001703,negative,1,profit,"Компания понесла убыток в размере -3459.0 тыс. руб., что может указывать на нестабильность финансовых результатов.",finance
82921a40-64e2-5690-897b-a95274713868,2368001703,positive,0,fnsBlocking,"Нет блокировок банковских счетов по постановлениям налоговой на текущую дату, что может говорить об отсутствии у компании проблем с налоговыми органами, которые привели бы к блокировке счетов.",reestrs
82921a40-64e2-5690-897b-a95274713868,2368001703,positive,1,relatedCompanies,"У компании есть связанные компании, это позволяет проанализировать не только текущую деятельность контрагента, но и историю связанных с ним организаций. Изучите информацию о связанных компаниях, их деятельности и истории, чтобы получить более полное представление о контрагенте и его надежности.",relatedComp
82921a40-64e2-5690-897b-a95274713868,2368001703,positive,2,liquidationStatus,"Не найден в реестре организаций проходящих процедуру банкротства, что может свидетельствовать об отсутствии у компании текущих процедур банкротства, что является положительным знаком при оценке ее финансовой устойчивости.",reestrs
82921a40-64e2-5690-897b-a95274713868,2368001703,positive,3,massAuthpersons,"Не найден в реестре организаций с массовым директором или учредителем, вероятно, компания не используется в сомнительных схемах, что повышает доверие к ее деятельности.",manager
82921a40-64e2-5690-897b-a95274713868,2368001703,positive,4,massAddress,"Не найден в реестре организаций с массовым адресом, что может свидетельствовать о достоверности и актуальности данных об адресе юридического лица.",reestrs
82921a40-64e2-5690-897b-a95274713868,2368001703,positive,5,dishonestProvider,"Не найден в реестре организаций недобросовестных поставщиков, что может свидетельствовать об отсутствии у компании негативных историй участия в государственных закупках.",reestrs
82921a40-64e2-5690-897b-a95274713868,2368001703,positive,6,disqualifiedAuthpersons,"Руководитель организации не найден в реестре дисквалифицированных лиц, руководитель компании, вероятно, не имеет ограничений на занятие руководящих должностей и не был дисквалифицирован за нарушения законодательства.",manager
82921a40-64e2-5690-897b-a95274713868,2368001703,positive,7,аrbitrationDefendant,"Не найдены арбитражные дела, в которых выступает в качестве ответчика, что может свидетельствовать о том, что компания, вероятно, соблюдает свои обязательства и эффективно решает возникающие споры.",arbitr
82921a40-64e2-5690-897b-a95274713868,2368001703,positive,8,taxArrears,"Не найден в реестре организаций должников ФНС, что может свидетельствовать об отсутствии задолженности перед налоговыми органами, что является положительным фактором при оценке надежности контрагента.",reestrs
82921a40-64e2-5690-897b-a95274713868,2368001703,positive,9,taxReporting,"Не найден в реестре организаций не сдающих отчётность, компания соблюдает свои обязательства по предоставлению отчетности и, вероятно, ведет бизнес прозрачно.",reestrs
82921a40-64e2-5690-897b-a95274713868,2368001703,positive,10,invalidAddress,"Не найден в реестре организаций с фиктивным адресом, это подтверждает, что компания зарегистрирована по реальному адресу, где фактически осуществляет свою деятельность.",reestrs
82921a40-64e2-5690-897b-a95274713868,2368001703,positive,11,invalidAuthpersonsData,"Не найден в реестре организаций с номинальным руководителем или с меткой о недостоверных данных руководителя, руководитель компании, вероятно, является реальным лицом, управляющим компанией, и информация о нем достоверна.",manager
82921a40-64e2-5690-897b-a95274713868,2368001703,positive,12,invalidRegistrationData,"Не найден в реестре организаций с недостоверными регистрационными данными, что говорит о благонадежности компании, информация о компании соответствует действительности.",reestrs
82921a40-64e2-5690-897b-a95274713868,2368001703,positive,13,proceeds,"У компании есть выручка за предыдущий год в размере 144.0 тыс. руб., что свидетельствует о наличии стабильного дохода и успешной деятельности.",finance
82921a40-64e2-5690-897b-a95274713868,2368001703,positive,14,massOkved,"У компании небольшое количество кодов ОКВЭД, что может указывать на то, что компания сосредоточена на определенных видах деятельности и, вероятно, обладает опытом и специализацией в этих областях.",okved
82921a40-64e2-5690-897b-a95274713868,2368001703,positive,15,currentAssets,"У компании имеются оборотные активы в размере 42.0 тыс. руб., что обеспечивает достаточную ликвидность для покрытия краткосрочных обязательств и ведения текущей деятельности.",finance
82921a40-64e2-5690-897b-a95274713868,2368001703,positive,16,uncurrentAssets,"У компании есть внеоборотные активы на сумму 290.0 тыс. руб., что, вероятно, может говорить о стабильном положении и долгосрочных перспективах развития.",finance
8ae69702-d884-54c3-8945-b1104087aefe,9721079780,negative,0,arbitrationDefendant,"Есть арбитражные дела, в которых выступает в качестве ответчика, что может указывать на наличие споров с контрагентами или государственными органами. Это может быть признаком нестабильности в деятельности компании и потенциальных финансовых рисков.",arbitr
8ae69702-d884-54c3-8945-b1104087aefe,9721079780,positive,0,fnsBlocking,"Нет блокировок банковских счетов по постановлениям налоговой на текущую дату, что может говорить об отсутствии у компании проблем с налоговыми органами, которые привели бы к блокировке счетов.",reestrs
8ae69702-d884-54c3-8945-b1104087aefe,9721079780,positive,1,executionProceedings,"Нет действующих исполнительных производств, в которых выступает в качестве ответчика, это может указывать на то, что компания своевременно исполняет свои обязательства и не имеет серьезных финансовых проблем.",execproc
8ae69702-d884-54c3-8945-b1104087aefe,9721079780,positive,2,liquidationStatus,"Не найден в реестре организаций проходящих процедуру банкротства, что может свидетельствовать об отсутствии у компании текущих процедур банкротства, что является положительным знаком при оценке ее финансовой устойчивости.",reestrs
8ae69702-d884-54c3-8945-b1104087aefe,9721079780,positive,3,massAuthpersons,"Не найден в реестре организаций с массовым директором или учредителем, вероятно, компания не используется в сомнительных схемах, что повышает доверие к ее деятельности.",manager
8ae69702-d884-54c3-8945-b1104087aefe,9721079780,positive,4,massAddress,"Не найден в реестре организаций с массовым адресом, что может свидетельствовать о достоверности и актуальности данных об адресе юридического лица.",reestrs
8ae69702-d884-54c3-8945-b1104087aefe,9721079780,positive,5,dishonestProvider,"Не найден в реестре организаций недобросовестных поставщиков, что может свидетельствовать об отсутствии у компании негативных историй участия в государственных закупках.",reestrs
8ae69702-d884-54c3-8945-b1104087aefe,9721079780,positive,6,disqualifiedAuthpersons,"Руководитель организации не найден в реестре дисквалифицированных лиц, руководитель компании, вероятно, не имеет ограничений на занятие руководящих должностей и не был дисквалифицирован за нарушения законодательства.",manager
8ae69702-d884-54c3-8945-b1104087aefe,9721079780,positive,7,taxArrears,"Не найден в реестре организаций должников ФНС, что может свидетельствовать об отсутствии задолженности перед налоговыми органами, что является положительным фактором при оценке надежности контрагента.",reestrs
8ae69702-d884-54c3-8945-b1104087aefe,9721079780,positive,8,taxReporting,"Не найден в реестре организаций не сдающих отчётность, компания соблюдает свои обязательства по предоставлению отчетности и, вероятно, ведет бизнес прозрачно.",reestrs
8ae69702-d884-54c3-8945-b1104087aefe,9721079780,positive,9,invalidAddress,"Не найден в реестре организаций с фиктивным адресом, это подтверждает, что компания зарегистрирована по реальному адресу, где фактически осуществляет свою деятельность.",reestrs
8ae69702-d884-54c3-8945-b1104087aefe,9721079780,positive,10,invalidAuthpersonsData,"Не найден в реестре организаций с номинальным руководителем или с меткой о недостоверных данных руководителя, руководитель компании, вероятно, является реальным лицом, управляющим компанией, и информация о нем достоверна.",manager
8ae69702-d884-54c3-8945-b1104087aefe,9721079780,positive,11,invalidRegistrationData,"Не найден в реестре организаций с недостоверными регистрационными данными, что говорит о благонадежности компании, информация о компании соответствует действительности.",reestrs
8ae69702-d884-54c3-8945-b1104087aefe,9721079780,positive,12,proceeds,"У компании есть выручка за предыдущий год в размере 1875657.0 тыс. руб., что свидетельствует о наличии стабильного дохода и успешной деятельности.",finance
8ae69702-d884-54c3-8945-b1104087aefe,9721079780,positive,13,massOkved,"У компании небольшое количество кодов ОКВЭД, что может указывать на то, что компания сосредоточена на определенных видах деятельности и, вероятно, обладает опытом и специализацией в этих областях.",okved
8ae69702-d884-54c3-8945-b1104087aefe,9721079780,positive,14,profit,"У компании есть прибыль за предыдущий год в размере 14058.0 тыс. руб., что указывает на эффективное управление затратами и положительные финансовые результаты.",finance
8ae69702-d884-54c3-8945-b1104087aefe,9721079780,positive,15,currentAssets,"У компании имеются оборотные активы в размере 47601.0 тыс. руб., что обеспечивает достаточную ликвидность для покрытия краткосрочных обязательств и ведения текущей деятельности.",finance
8ae69702-d884-54c3-8945-b1104087aefe,9721079780,positive,16,uncurrentAssets,"У компании есть внеоборотные активы на сумму 16256.0 тыс. руб., что, вероятно, может говорить о стабильном положении и долгосрочных перспективах развития.",finance
8ae69702-d884-54c3-8945-b1104087aefe,9721079780,positive,17,governmentContract,"Есть выигранные госконтракты. Изучите информацию о количестве и сумме тендеров и контрактов, чтобы получить более полное представление о контрагенте и его деятельности.",reestrs
8856983d-82c8-5093-a48e-07645e6b3369,7714497158,positive,0,fnsBlocking,"Нет блокировок банковских счетов по постановлениям налоговой на текущую дату, что может говорить об отсутствии у компании проблем с налоговыми органами, которые привели бы к блокировке счетов.",reestrs
8856983d-82c8-5093-a48e-07645e6b3369,7714497158,positive,1,relatedCompanies,"У компании есть связанные компании, это позволяет проанализировать не только текущую деятельность контрагента, но и историю связанных с ним организаций. Изучите информацию о связанных компаниях, их деятельности и истории, чтобы получить более полное представление о контрагенте и его надежности.",relatedComp
8856983d-82c8-5093-a48e-07645e6b3369,7714497158,positive,2,executionProceedings,"Нет действующих исполнительных производств, в которых выступает в качестве ответчика, это может указывать на то, что компания своевременно исполняет свои обязательства и не имеет серьезных финансовых проблем.",execproc
8856983d-82c8-5093-a48e-07645e6b3369,7714497158,positive,3,liquidationStatus,"Не найден в реестре организаций проходящих процедуру банкротства, что может свидетельствовать об отсутствии у компании текущих процедур банкротства, что является положительным знаком при оценке ее финансовой устойчивости.",reestrs
8856983d-82c8-5093-a48e-07645e6b3369,7714497158,positive,4,massAuthpersons,"Не найден в реестре организаций с массовым директором или учредителем, вероятно, компания не используется в сомнительных схемах, что повышает доверие к ее деятельности.",manager
8856983d-82c8-5093-a48e-07645e6b3369,7714497158,positive,5,massAddress,"Не найден в реестре организаций с массовым адресом, что может свидетельствовать о достоверности и актуальности данных об адресе юридического лица.",reestrs
8856983d-82c8-5093-a48e-07645e6b3369,7714497158,positive,6,dishonestProvider,"Не найден в реестре организаций недобросовестных поставщиков, что может свидетельствовать об отсутствии у компании негативных историй участия в государственных закупках.",reestrs
8856983d-82c8-5093-a48e-07645e6b3369,7714497158,positive,7,disqualifiedAuthpersons,"Руководитель организации не найден в реестре дисквалифицированных лиц, руководитель компании, вероятно, не имеет ограничений на занятие руководящих должностей и не был дисквалифицирован за нарушения законодательства.",manager
8856983d-82c8-5093-a48e-07645e6b3369,7714497158,positive,8,аrbitrationDefendant,"Не найдены арбитражные дела, в которых выступает в качестве ответчика, что может свидетельствовать о том, что компания, вероятно, соблюдает свои обязательства и эффективно решает возникающие споры.",arbitr
8856983d-82c8-5093-a48e-07645e6b3369,7714497158,positive,9,taxArrears,"Не найден в реестре организаций должников ФНС, что может свидетельствовать об отсутствии задолженности перед налоговыми органами, что является положительным фактором при оценке надежности контрагента.",reestrs
8856983d-82c8-5093-a48e-07645e6b3369,7714497158,positive,10,taxReporting,"Не найден в реестре организаций не сдающих отчётность, компания соблюдает свои обязательства по предоставлению отчетности и, вероятно, ведет бизнес прозрачно.",reestrs
8856983d-82c8-5093-a48e-07645e6b3369,7714497158,positive,11,invalidAddress,"Не найден в реестре организаций с фиктивным адресом, это подтверждает, что компания зарегистрирована по реальному адресу, где фактически осуществляет свою деятельность.",reestrs
8856983d-82c8-5093-a48e-07645e6b3369,7714497158,positive,12,invalidAuthpersonsData,"Не найден в реестре организаций с номинальным руководителем или с меткой о недостоверных данных руководителя, руководитель компании, вероятно, является реальным лицом, управляющим компанией, и информация о нем достоверна.",manager
8856983d-82c8-5093-a48e-07645e6b3369,7714497158,positive,13,invalidRegistrationData,"Не найден в реестре организаций с недостоверными регистрационными данными, что говорит о благонадежности компании, информация о компании соответствует действительности.",reestrs
8856983d-82c8-5093-a48e-07645e6b3369,7714497158,positive,14,branchesInfo,"У компании есть филиалы, что может свидетельствовать о том, что компания имеет разветвленную структуру, широкую клиентскую базу и возможности для расширения бизнеса.",filials
8856983d-82c8-5093-a48e-07645e6b3369,7714497158,positive,15,massOkved,"У компании небольшое количество кодов ОКВЭД, что может указывать на то, что компания сосредоточена на определенных видах деятельности и, вероятно, обладает опытом и специализацией в этих областях.",okved
c7917d24-0bc1-5183-bce8-658f380aa67b,301110278577,positive,0,fnsBlocking,"Нет блокировок банковских счетов по постановлениям налоговой на текущую дату, что может говорить об отсутствии у компании проблем с налоговыми органами, которые привели бы к блокировке счетов.",reestrs
c7917d24-0bc1-5183-bce8-658f380aa67b,301110278577,positive,1,relatedCompanies,"У компании есть связанные компании, это позволяет проанализировать не только текущую деятельность контрагента, но и историю связанных с ним организаций. Изучите информацию о связанных компаниях, их деятельности и истории, чтобы получить более полное представление о контрагенте и его надежности.",relatedComp
c7917d24-0bc1-5183-bce8-658f380aa67b,301110278577,positive,2,executionProceedings,"Нет действующих исполнительных производств, в которых выступает в качестве ответчика, это может указывать на то, что компания своевременно исполняет свои обязательства и не имеет серьезных финансовых проблем.",execproc
c7917d24-0bc1-5183-bce8-658f380aa67b,301110278577,positive,3,liquidationStatus,"Не найден в реестре организаций проходящих процедуру банкротства, что может свидетельствовать об отсутствии у компании текущих процедур банкротства, что является положительным знаком при оценке ее финансовой устойчивости.",reestrs
c7917d24-0bc1-5183-bce8-658f380aa67b,301110278577,positive,4,massAuthpersons,"Не найден в реестре организаций с массовым директором или учредителем, вероятно, компания не используется в сомнительных схемах, что повышает доверие к ее деятельности.",manager
c7917d24-0bc1-5183-bce8-658f380aa67b,301110278577,positive,5,massAddress,"Не найден в реестре организаций с массовым адресом, что может свидетельствовать о достоверности и актуальности данных об адресе юридического лица.",reestrs
c7917d24-0bc1-5183-bce8-658f380aa67b,301110278577,positive,6,dishonestProvider,"Не найден в реестре организаций недобросовестных поставщиков, что может свидетельствовать об отсутствии у компании негативных историй участия в государственных закупках.",reestrs
c7917d24-0bc1-5183-bce8-658f380aa67b,301110278577,positive,7,disqualifiedAuthpersons,"Руководитель организации не найден в реестре дисквалифицированных лиц, руководитель компании, вероятно, не имеет ограничений на занятие руководящих должностей и не был дисквалифицирован за нарушения законодательства.",manager
c7917d24-0bc1-5183-bce8-658f380aa67b,301110278577,positive,8,аrbitrationDefendant,"Не найдены арбитражные дела, в которых выступает в качестве ответчика, что может свидетельствовать о том, что компания, вероятно, соблюдает свои обязательства и эффективно решает возникающие споры.",arbitr
c7917d24-0bc1-5183-bce8-658f380aa67b,301110278577,positive,9,taxArrears,"Не найден в реестре организаций должников ФНС, что может свидетельствовать об отсутствии задолженности перед налоговыми органами, что является положительным фактором при оценке надежности контрагента.",reestrs
c7917d24-0bc1-5183-bce8-658f380aa67b,301110278577,positive,10,taxReporting,"Не найден в реестре организаций не сдающих отчётность, компания соблюдает свои обязательства по предоставлению отчетности и, вероятно, ведет бизнес прозрачно.",reestrs
c7917d24-0bc1-5183-bce8-658f380aa67b,301110278577,positive,11,invalidAddress,"Не найден в реестре организаций с фиктивным адресом, это подтверждает, что компания зарегистрирована по реальному адресу, где фактически осуществляет свою деятельность.",reestrs
c7917d24-0bc1-5183-bce8-658f380aa67b,301110278577,positive,12,invalidAuthpersonsData,"Не найден в реестре организаций с номинальным руководителем или с меткой о недостоверных данных руководителя, руководитель компании, вероятно, является реальным лицом, управляющим компанией, и информация о нем достоверна.",manager
c7917d24-0bc1-5183-bce8-658f380aa67b,301110278577,positive,13,invalidRegistrationData,"Не найден в реестре организаций с недостоверными регистрационными данными, что говорит о благонадежности компании, информация о компании соответствует действительности.",reestrs
c7917d24-0bc1-5183-bce8-658f380aa67b,301110278577,positive,14,massOkved,"У компании небольшое количество кодов ОКВЭД, что может указывать на то, что компания сосредоточена на определенных видах деятельности и, вероятно, обладает опытом и специализацией в этих областях.",okved
ffb3db49-f1e3-5c42-8446-23815f3ff738,6731007348,negative,0,profit,"Компания понесла убыток в размере -2901.0 тыс. руб., что может указывать на нестабильность финансовых результатов.",finance
ffb3db49-f1e3-5c42-8446-23815f3ff738,6731007348,positive,0,fnsBlocking,"Нет блокировок банковских счетов по постановлениям налоговой на текущую дату, что может говорить об отсутствии у компании проблем с налоговыми органами, которые привели бы к блокировке счетов.",reestrs
ffb3db49-f1e3-5c42-8446-23815f3ff738,6731007348,positive,1,relatedCompanies,"У компании есть связанные компании, это позволяет проанализировать не только текущую деятельность контрагента, но и историю связанных с ним организаций. Изучите информацию о связанных компаниях, их деятельности и истории, чтобы получить более полное представление о контрагенте и его надежности.",relatedComp
ffb3db49-f1e3-5c42-8446-23815f3ff738,6731007348,positive,2,executionProceedings,"Нет действующих исполнительных производств, в которых выступает в качестве ответчика, это может указывать на то, что компания своевременно исполняет свои обязательства и не имеет серьезных финансовых проблем.",execproc
ffb3db49-f1e3-5c42-8446-23815f3ff738,6731007348,positive,3,liquidationStatus,"Не найден в реестре организаций проходящих процедуру банкротства, что может свидетельствовать об отсутствии у компании текущих процедур банкротства, что является положительным знаком при оценке ее финансовой устойчивости.",reestrs
ffb3db49-f1e3-5c42-8446-23815f3ff738,6731007348,positive,4,massAuthpersons,"Не найден в реестре организаций с массовым директором или учредителем, вероятно, компания не используется в сомнительных схемах, что повышает доверие к ее деятельности.",manager
ffb3db49-f1e3-5c42-8446-23815f3ff738,6731007348,positive,5,massAddress,"Не найден в реестре организаций с массовым адресом, что может свидетельствовать о достоверности и актуальности данных об адресе юридического лица.",reestrs
ffb3db49-f1e3-5c42-8446-23815f3ff738,6731007348,positive,6,dishonestProvider,"Не найден в реестре организаций недобросовестных поставщиков, что может свидетельствовать об отсутствии у компании негативных историй участия в государственных закупках.",reestrs
ffb3db49-f1e3-5c42-8446-23815f3ff738,6731007348,positive,7,disqualifiedAuthpersons,"Руководитель организации не найден в реестре дисквалифицированных лиц, руководитель компании, вероятно, не имеет ограничений на занятие руководящих должностей и не был дисквалифицирован за нарушения законодательства.",manager
ffb3db49-f1e3-5c42-8446-23815f3ff738,6731007348,positive,8,аrbitrationDefendant,"Не найдены арбитражные дела, в которых выступает в качестве ответчика, что может свидетельствовать о том, что компания, вероятно, соблюдает свои обязательства и эффективно решает возникающие споры.",arbitr
ffb3db49-f1e3-5c42-8446-23815f3ff738,6731007348,positive,9,taxArrears,"Не найден в реестре организаций должников ФНС, что может свидетельствовать об отсутствии задолженности перед налоговыми органами, что является положительным фактором при оценке надежности контрагента.",reestrs
ffb3db49-f1e3-5c42-8446-23815f3ff738,6731007348,positive,10,taxReporting,"Не найден в реестре организаций не сдающих отчётность, компания соблюдает свои обязательства по предоставлению отчетности и, вероятно, ведет бизнес прозрачно.",reestrs
ffb3db49-f1e3-5c42-8446-23815f3ff738,6731007348,positive,11,invalidAddress,"Не найден в реестре организаций с фиктивным адресом, это подтверждает, что компания зарегистрирована по реальному адресу, где фактически осуществляет свою деятельность.",reestrs
ffb3db49-f1e3-5c42-8446-23815f3ff738,6731007348,positive,12,invalidAuthpersonsData,"Не найден в реестре организаций с номинальным руководителем или с меткой о недостоверных данных руководителя, руководитель компании, вероятно, является реальным лицом, управляющим компанией, и информация о нем достоверна.",manager
ffb3db49-f1e3-5c42-8446-23815f3ff738,6731007348,positive,13,invalidRegistrationData,"Не найден в реестре организаций с недостоверными регистрационными данными, что говорит о благонадежности компании, информация о компании соответствует действительности.",reestrs
ffb3db49-f1e3-5c42-8446-23815f3ff738,6731007348,positive,14,proceeds,"У компании есть выручка за предыдущий год в размере 14115.0 тыс. руб., что свидетельствует о наличии стабильного дохода и успешной деятельности.",finance
ffb3db49-f1e3-5c42-8446-23815f3ff738,6731007348,positive,15,massOkved,"У компании небольшое количество кодов ОКВЭД, что может указывать на то, что компания сосредоточена на определенных видах деятельности и, вероятно, обладает опытом и специализацией в этих областях.",okved
ffb3db49-f1e3-5c42-8446-23815f3ff738,6731007348,positive,16,currentAssets,"У компании имеются оборотные активы в размере 8248.0 тыс. руб., что обеспечивает достаточную ликвидность для покрытия краткосрочных обязательств и ведения текущей деятельности.",finance
ffb3db49-f1e3-5c42-8446-23815f3ff738,6731007348,positive,17,webSite,"У компании есть сайт, что может свидетельствовать о том, что компания заинтересована в прозрачности своего бизнеса и стремится предоставить информацию о себе клиентам и партнерам. Сайт компании может содержать полезную информацию о ее деятельности, продуктах или услугах, контактах и т.д. Вы можете подробнее изучить информацию об услугах компании по указанной ссылке.",site
ffb3db49-f1e3-5c42-8446-23815f3ff738,6731007348,positive,18,governmentContract,"Есть выигранные госконтракты. Изучите информацию о количестве и сумме тендеров и контрактов, чтобы получить более полное представление о контрагенте и его деятельности.",reestrs
16e43b54-1748-50d8-a532-ccd614740511,9201513489,negative,0,executionProceedings,"Есть действующие исполнительные производства, в которых выступает в качестве ответчика, это может означать, что компания имеет неисполненные обязательства перед кредиторами или государственными органами. Такая информация негативно сказывается на репутации и кредитоспособности лица или организации, поскольку свидетельствует о возможных финансовых трудностях или нежелании выполнять свои обязательства.",execproc
16e43b54-1748-50d8-a532-ccd614740511,9201513489,negative,1,fnsBlocking,"Есть блокировки банковских счетов по постановлениям налоговой на текущую дату, это может означать связь компании с налоговыми нарушениями, задолженностями или другими проблемами. Уточните причины блокировки и оцените риски сотрудничества с такой компанией.",reestrs
16e43b54-1748-50d8-a532-ccd614740511,9201513489,positive,0,relatedCompanies,"У компании есть связанные компании, это позволяет проанализировать не только текущую деятельность контрагента, но и историю связанных с ним организаций. Изучите информацию о связанных компаниях, их деятельности и истории, чтобы получить более полное представление о контрагенте и его надежности.",relatedComp
16e43b54-1748-50d8-a532-ccd614740511,9201513489,positive,1,liquidationStatus,"Не найден в реестре организаций проходящих процедуру банкротства, что может свидетельствовать об отсутствии у компании текущих процедур банкротства, что является положительным знаком при оценке ее финансовой устойчивости.",reestrs
16e43b54-1748-50d8-a532-ccd614740511,9201513489,positive,2,massAuthpersons,"Не найден в реестре организаций с массовым директором или учредителем, вероятно, компания не используется в сомнительных схемах, что повышает доверие к ее деятельности.",manager
16e43b54-1748-50d8-a532-ccd614740511,9201513489,positive,3,massAddress,"Не найден в реестре организаций с массовым адресом, что может свидетельствовать о достоверности и актуальности данных об адресе юридического лица.",reestrs
16e43b54-1748-50d8-a532-ccd614740511,9201513489,positive,4,dishonestProvider,"Не найден в реестре организаций недобросовестных поставщиков, что может свидетельствовать об отсутствии у компании негативных историй участия в государственных закупках.",reestrs
16e43b54-1748-50d8-a532-ccd614740511,9201513489,positive,5,disqualifiedAuthpersons,"Руководитель организации не найден в реестре дисквалифицированных лиц, руководитель компании, вероятно, не имеет ограничений на занятие руководящих должностей и не был дисквалифицирован за нарушения законодательства.",manager
16e43b54-1748-50d8-a532-ccd614740511,9201513489,positive,6,аrbitrationDefendant,"Не найдены арбитражные дела, в которых выступает в качестве ответчика, что может свидетельствовать о том, что компания, вероятно, соблюдает свои обязательства и эффективно решает возникающие споры.",arbitr
16e43b54-1748-50d8-a532-ccd614740511,9201513489,positive,7,taxArrears,"Не найден в реестре организаций должников ФНС, что может свидетельствовать об отсутствии задолженности перед налоговыми органами, что является положительным фактором при оценке надежности контрагента.",reestrs
16e43b54-1748-50d8-a532-ccd614740511,9201513489,positive,8,taxReporting,"Не найден в реестре организаций не сдающих отчётность, компания соблюдает свои обязательства по предоставлению отчетности и, вероятно, ведет бизнес прозрачно.",reestrs
16e43b54-1748-50d8-a532-ccd614740511,9201513489,positive,9,invalidAddress,"Не найден в реестре организаций с фиктивным адресом, это подтверждает, что компания зарегистрирована по реальному адресу, где фактически осуществляет свою деятельность.",reestrs
16e43b54-1748-50d8-a532-ccd614740511,9201513489,positive,10,invalidAuthpersonsData,"Не найден в реестре организаций с номинальным руководителем или с меткой о недостоверных данных руководителя, руководитель компании, вероятно, является реальным лицом, управляющим компанией, и информация о нем достоверна.",manager
16e43b54-1748-50d8-a532-ccd614740511,9201513489,positive,11,invalidRegistrationData,"Не найден в реестре организаций с недостоверными регистрационными данными, что говорит о благонадежности компании, информация о компании соответствует действительности.",reestrs
16e43b54-1748-50d8-a532-ccd614740511,9201513489,positive,12,proceeds,"У компании есть выручка за предыдущий год в размере 2473.0 тыс. руб., что свидетельствует о наличии стабильного дохода и успешной деятельности.",finance
16e43b54-1748-50d8-a532-ccd614740511,9201513489,positive,13,massOkved,"У компании небольшое количество кодов ОКВЭД, что может указывать на то, что компания сосредоточена на определенных видах деятельности и, вероятно, обладает опытом и специализацией в этих областях.",okved
6cf84c1f-af9c-5721-8975-6b083e665717,052500690823,negative,0,fnsBlocking,"Есть блокировки банковских счетов по постановлениям налоговой на текущую дату, это может означать связь компании с налоговыми нарушениями, задолженностями или другими проблемами. Уточните причины блокировки и оцените риски сотрудничества с такой компанией.",reestrs
6cf84c1f-af9c-5721-8975-6b083e665717,052500690823,positive,0,executionProceedings,"Нет действующих исполнительных производств, в которых выступает в качестве ответчика, это может указывать на то, что компания своевременно исполняет свои обязательства и не имеет серьезных финансовых проблем.",execproc
6cf84c1f-af9c-5721-8975-6b083e665717,052500690823,positive,1,liquidationStatus,"Не найден в реестре организаций проходящих процедуру банкротства, что может свидетельствовать об отсутствии у компании текущих процедур банкротства, что является положительным знаком при оценке ее финансовой устойчивости.",reestrs
6cf84c1f-af9c-5721-8975-6b083e665717,052500690823,positive,2,massAuthpersons,"Не найден в реестре организаций с массовым директором или учредителем, вероятно, компания не используется в сомнительных схемах, что повышает доверие к ее деятельности.",manager
6cf84c1f-af9c-5721-8975-6b083e665717,052500690823,positive,3,massAddress,"Не найден в реестре организаций с массовым адресом, что может свидетельствовать о достоверности и актуальности данных об адресе юридического лица.",reestrs
6cf84c1f-af9c-5721-8975-6b083e665717,052500690823,positive,4,dishonestProvider,"Не найден в реестре организаций недобросовестных поставщиков, что может свидетельствовать об отсутствии у компании негативных историй участия в государственных закупках.",reestrs
6cf84c1f-af9c-5721-8975-6b083e665717,052500690823,positive,5,disqualifiedAuthpersons,"Руководитель организации не найден в реестре дисквалифицированных лиц, руководитель компании, вероятно, не имеет ограничений на занятие руководящих должностей и не был дисквалифицирован за нарушения законодательства.",manager
6cf84c1f-af9c-5721-8975-6b083e665717,052500690823,positive,6,аrbitrationDefendant,"Не найдены арбитражные дела, в которых выступает в качестве ответчика, что может свидетельствовать о том, что компания, вероятно, соблюдает свои обязательства и эффективно решает возникающие споры.",arbitr
6cf84c1f-af9c-5721-8975-6b083e665717,052500690823,positive,7,taxArrears,"Не найден в реестре организаций должников ФНС, что может свидетельствовать об отсутствии задолженности перед налоговыми органами, что является положительным фактором при оценке надежности контрагента.",reestrs
6cf84c1f-af9c-5721-8975-6b083e665717,052500690823,positive,8,taxReporting,"Не найден в реестре организаций не сдающих отчётность, компания соблюдает свои обязательства по предоставлению отчетности и, вероятно, ведет бизнес прозрачно.",reestrs
6cf84c1f-af9c-5721-8975-6b083e665717,052500690823,positive,9,invalidAddress,"Не найден в реестре организаций с фиктивным адресом, это подтверждает, что компания зарегистрирована по реальному адресу, где фактически осуществляет свою деятельность.",reestrs
6cf84c1f-af9c-5721-8975-6b083e665717,052500690823,positive,10,invalidAuthpersonsData,"Не найден в реестре организаций с номинальным руководителем или с меткой о недостоверных данных руководителя, руководитель компании, вероятно, является реальным лицом, управляющим компанией, и информация о нем достоверна.",manager
6cf84c1f-af9c-5721-8975-6b083e665717,052500690823,positive,11,invalidRegistrationData,"Не найден в реестре организаций с недостоверными регистрационными данными, что говорит о благонадежности компании, информация о компании соответствует действительности.",reestrs
6cf84c1f-af9c-5721-8975-6b083e665717,052500690823,positive,12,massOkved,"У компании небольшое количество кодов ОКВЭД, что может указывать на то, что компания сосредоточена на определенных видах деятельности и, вероятно, обладает опытом и специализацией в этих областях.",okved
3ab9fbb5-ae00-51ff-9d37-36471dfc7e40,9724033310,negative,0,massAddress,"Находится в реестре организаций с массовым адресом, что может быть признаком фиктивной регистрации.",reestrs
3ab9fbb5-ae00-51ff-9d37-36471dfc7e40,9724033310,negative,1,arbitrationDefendant,"Есть арбитражные дела, в которых выступает в качестве ответчика, что может указывать на наличие споров с контрагентами или государственными органами. Это может быть признаком нестабильности в деятельности компании и потенциальных финансовых рисков.",arbitr
3ab9fbb5-ae00-51ff-9d37-36471dfc7e40,9724033310,positive,0,fnsBlocking,"Нет блокировок банковских счетов по постановлениям налоговой на текущую дату, что может говорить об отсутствии у компании проблем с налоговыми органами, которые привели бы к блокировке счетов.",reestrs
3ab9fbb5-ae00-51ff-9d37-36471dfc7e40,9724033310,positive,1,relatedCompanies,"У компании есть связанные компании, это позволяет проанализировать не только текущую деятельность контрагента, но и историю связанных с ним организаций. Изучите информацию о связанных компаниях, их деятельности и истории, чтобы получить более полное представление о контрагенте и его надежности.",relatedComp
3ab9fbb5-ae00-51ff-9d37-36471dfc7e40,9724033310,positive,2,executionProceedings,"Нет действующих исполнительных производств, в которых выступает в качестве ответчика, это может указывать на то, что компания своевременно исполняет свои обязательства и не имеет серьезных финансовых проблем.",execproc
3ab9fbb5-ae00-51ff-9d37-36471dfc7e40,9724033310,positive,3,liquidationStatus,"Не найден в реестре организаций проходящих процедуру банкротства, что может свидетельствовать об отсутствии у компании текущих процедур банкротства, что является положительным знаком при оценке ее финансовой устойчивости.",reestrs
3ab9fbb5-ae00-51ff-9d37-36471dfc7e40,9724033310,positive,4,massAuthpersons,"Не найден в реестре организаций с массовым директором или учредителем, вероятно, компания не используется в сомнительных схемах, что повышает доверие к ее деятельности.",manager
3ab9fbb5-ae00-51ff-9d37-36471dfc7e40,9724033310,positive,5,dishonestProvider,"Не найден в реестре организаций недобросовестных поставщиков, что может свидетельствовать об отсутствии у компании негативных историй участия в государственных закупках.",reestrs
3ab9fbb5-ae00-51ff-9d37-36471dfc7e40,9724033310,positive,6,disqualifiedAuthpersons,"Руководитель организации не найден в реестре дисквалифицированных лиц, руководитель компании, вероятно, не имеет ограничений на занятие руководящих должностей и не был дисквалифицирован за нарушения законодательства.",manager
3ab9fbb5-ae00-51ff-9d37-36471dfc7e40,9724033310,positive,7,taxArrears,"Не найден в реестре организаций должников ФНС, что может свидетельствовать об отсутствии задолженности перед налоговыми органами, что является положительным фактором при оценке надежности контрагента.",reestrs
3ab9fbb5-ae00-51ff-9d37-36471dfc7e40,9724033310,positive,8,taxReporting,"Не найден в реестре организаций не сдающих отчётность, компания соблюдает свои обязательства по предоставлению отчетности и, вероятно, ведет бизнес прозрачно.",reestrs
3ab9fbb5-ae00-51ff-9d37-36471dfc7e40,9724033310,positive,9,invalidAddress,"Не найден в реестре организаций с фиктивным адресом, это подтверждает, что компания зарегистрирована по реальному адресу, где фактически осуществляет свою деятельность.",reestrs
3ab9fbb5-ae00-51ff-9d37-36471dfc7e40,9724033310,positive,10,invalidAuthpersonsData,"Не найден в реестре организаций с номинальным руководителем или с меткой о недостоверных данных руководителя, руководитель компании, вероятно, является реальным лицом, управляющим компанией, и информация о нем достоверна.",manager
3ab9fbb5-ae00-51ff-9d37-36471dfc7e40,9724033310,positive,11,invalidRegistrationData,"Не найден в реестре организаций с недостоверными регистрационными данными, что говорит о благонадежности компании, информация о компании соответствует действительности.",reestrs
3ab9fbb5-ae00-51ff-9d37-36471dfc7e40,9724033310,positive,12,proceeds,"У компании есть выручка за предыдущий год в размере 17289.0 тыс. руб., что свидетельствует о наличии стабильного дохода и успешной деятельности.",finance
3ab9fbb5-ae00-51ff-9d37-36471dfc7e40,9724033310,positive,13,massOkved,"У компании небольшое количество кодов ОКВЭД, что может указывать на то, что компания сосредоточена на определенных видах деятельности и, вероятно, обладает опытом и специализацией в этих областях.",okved
5155bb3c-ce61-57cc-bd67-f926d5b1d39a,770804624926,negative,0,massOkved,"Компания имеет большое количество кодов ОКВЭД, что  может быть связано с попыткой компании охватить как можно больше направлений бизнеса, это может отрицательно сказаться на ее эффективности и надежности.",okved
5155bb3c-ce61-57cc-bd67-f926d5b1d39a,770804624926,positive,0,fnsBlocking,"Нет блокировок банковских счетов по постановлениям налоговой на текущую дату, что может говорить об отсутствии у компании проблем с налоговыми органами, которые привели бы к блокировке счетов.",reestrs
5155bb3c-ce61-57cc-bd67-f926d5b1d39a,770804624926,positive,1,executionProceedings,"Нет действующих исполнительных производств, в которых выступает в качестве ответчика, это может указывать на то, что компания своевременно исполняет свои обязательства и не имеет серьезных финансовых проблем.",execproc
5155bb3c-ce61-57cc-bd67-f926d5b1d39a,770804624926,positive,2,liquidationStatus,"Не найден в реестре организаций проходящих процедуру банкротства, что может свидетельствовать об отсутствии у компании текущих процедур банкротства, что является положительным знаком при оценке ее финансовой устойчивости.",reestrs
5155bb3c-ce61-57cc-bd67-f926d5b1d39a,770804624926,positive,3,massAuthpersons,"Не найден в реестре организаций с массовым директором или учредителем, вероятно, компания не используется в сомнительных схемах, что повышает доверие к ее деятельности.",manager
5155bb3c-ce61-57cc-bd67-f926d5b1d39a,770804624926,positive,4,massAddress,"Не найден в реестре организаций с массовым адресом, что может свидетельствовать о достоверности и актуальности данных об адресе юридического лица.",reestrs
5155bb3c-ce61-57cc-bd67-f926d5b1d39a,770804624926,positive,5,dishonestProvider,"Не найден в реестре организаций недобросовестных поставщиков, что может свидетельствовать об отсутствии у компании негативных историй участия в государственных закупках.",reestrs
5155bb3c-ce61-57cc-bd67-f926d5b1d39a,770804624926,positive,6,disqualifiedAuthpersons,"Руководитель организации не найден в реестре дисквалифицированных лиц, руководитель компании, вероятно, не имеет ограничений на занятие руководящих должностей и не был дисквалифицирован за нарушения законодательства.",manager
5155bb3c-ce61-57cc-bd67-f926d5b1d39a,770804624926,positive,7,аrbitrationDefendant,"Не найдены арбитражные дела, в которых выступает в качестве ответчика, что может свидетельствовать о том, что компания, вероятно, соблюдает свои обязательства и эффективно решает возникающие споры.",arbitr
5155bb3c-ce61-57cc-bd67-f926d5b1d39a,770804624926,positive,8,taxArrears,"Не найден в реестре организаций должников ФНС, что может свидетельствовать об отсутствии задолженности перед налоговыми органами, что является положительным фактором при оценке надежности контрагента.",reestrs
5155bb3c-ce61-57cc-bd67-f926d5b1d39a,770804624926,positive,9,taxReporting,"Не найден в реестре организаций не сдающих отчётность, компания соблюдает свои обязательства по предоставлению отчетности и, вероятно, ведет бизнес прозрачно.",reestrs
5155bb3c-ce61-57cc-bd67-f926d5b1d39a,770804624926,positive,10,invalidAddress,"Не найден в реестре организаций с фиктивным адресом, это подтверждает, что компания зарегистрирована по реальному адресу, где фактически осуществляет свою деятельность.",reestrs
5155bb3c-ce61-57cc-bd67-f926d5b1d39a,770804624926,positive,11,invalidAuthpersonsData,"Не найден в реестре организаций с номинальным руководителем или с меткой о недостоверных данных руководителя, руководитель компании, вероятно, является реальным лицом, управляющим компанией, и информация о нем достоверна.",manager
5155bb3c-ce61-57cc-bd67-f926d5b1d39a,770804624926,positive,12,invalidRegistrationData,"Не найден в реестре организаций с недостоверными регистрационными данными, что говорит о благонадежности компании, информация о компании соответствует действительности.",reestrs
0cfddfc6-c7dd-5188-9a03-b34a82ec6e0f,6311087260,positive,0,fnsBlocking,"Нет блокировок банковских счетов по постановлениям налоговой на текущую дату, что может говорить об отсутствии у компании проблем с налоговыми органами, которые привели бы к блокировке счетов.",reestrs
0cfddfc6-c7dd-5188-9a03-b34a82ec6e0f,6311087260,positive,1,relatedCompanies,"У компании есть связанные компании, это позволяет проанализировать не только текущую деятельность контрагента, но и историю связанных с ним организаций. Изучите информацию о связанных компаниях, их деятельности и истории, чтобы получить более полное представление о контрагенте и его надежности.",relatedComp
0cfddfc6-c7dd-5188-9a03-b34a82ec6e0f,6311087260,positive,2,executionProceedings,"Нет действующих исполнительных производств, в которых выступает в качестве ответчика, это может указывать на то, что компания своевременно исполняет свои обязательства и не имеет серьезных финансовых проблем.",execproc
0cfddfc6-c7dd-5188-9a03-b34a82ec6e0f,6311087260,positive,3,liquidationStatus,"Не найден в реестре организаций проходящих процедуру банкротства, что может свидетельствовать об отсутствии у компании текущих процедур банкротства, что является положительным знаком при оценке ее финансовой устойчивости.",reestrs
0cfddfc6-c7dd-5188-9a03-b34a82ec6e0f,6311087260,positive,4,massAuthpersons,"Не найден в реестре организаций с массовым директором или учредителем, вероятно, компания не используется в сомнительных схемах, что повышает доверие к ее деятельности.",manager
0cfddfc6-c7dd-5188-9a03-b34a82ec6e0f,6311087260,positive,5,massAddress,"Не найден в реестре организаций с массовым адресом, что может свидетельствовать о достоверности и актуальности данных об адресе юридического лица.",reestrs
0cfddfc6-c7dd-5188-9a03-b34a82ec6e0f,6311087260,positive,6,dishonestProvider,"Не найден в реестре организаций недобросовестных поставщиков, что может свидетельствовать об отсутствии у компании негативных историй участия в государственных закупках.",reestrs
0cfddfc6-c7dd-5188-9a03-b34a82ec6e0f,6311087260,positive,7,disqualifiedAuthpersons,"Руководитель организации не найден в реестре дисквалифицированных лиц, руководитель компании, вероятно, не имеет ограничений на занятие руководящих должностей и не был дисквалифицирован за нарушения законодательства.",manager
0cfddfc6-c7dd-5188-9a03-b34a82ec6e0f,6311087260,positive,8,аrbitrationDefendant,"Не найдены арбитражные дела, в которых выступает в качестве ответчика, что может свидетельствовать о том, что компания, вероятно, соблюдает свои обязательства и эффективно решает возникающие споры.",arbitr
0cfddfc6-c7dd-5188-9a03-b34a82ec6e0f,6311087260,positive,9,taxArrears,"Не найден в реестре организаций должников ФНС, что может свидетельствовать об отсутствии задолженности перед налоговыми органами, что является положительным фактором при оценке надежности контрагента.",reestrs
0cfddfc6-c7dd-5188-9a03-b34a82ec6e0f,6311087260,positive,10,taxReporting,"Не найден в реестре организаций не сдающих отчётность, компания соблюдает свои обязательства по предоставлению отчетности и, вероятно, ведет бизнес прозрачно.",reestrs
0cfddfc6-c7dd-5188-9a03-b34a82ec6e0f,6311087260,positive,11,invalidAddress,"Не найден в реестре организаций с фиктивным адресом, это подтверждает, что компания зарегистрирована по реальному адресу, где фактически осуществляет свою деятельность.",reestrs
0cfddfc6-c7dd-5188-9a03-b34a82ec6e0f,6311087260,positive,12,invalidAuthpersonsData,"Не найден в реестре организаций с номинальным руководителем или с меткой о недостоверных данных руководителя, руководитель компании, вероятно, является реальным лицом, управляющим компанией, и информация о нем достоверна.",manager
0cfddfc6-c7dd-5188-9a03-b34a82ec6e0f,6311087260,positive,13,invalidRegistrationData,"Не найден в реестре организаций с недостоверными регистрационными данными, что говорит о благонадежности компании, информация о компании соответствует действительности.",reestrs
0cfddfc6-c7dd-5188-9a03-b34a82ec6e0f,6311087260,positive,14,proceeds,"У компании есть выручка за предыдущий год в размере 37829.0 тыс. руб., что свидетельствует о наличии стабильного дохода и успешной деятельности.",finance
0cfddfc6-c7dd-5188-9a03-b34a82ec6e0f,6311087260,positive,15,massOkved,"У компании небольшое количество кодов ОКВЭД, что может указывать на то, что компания сосредоточена на определенных видах деятельности и, вероятно, обладает опытом и специализацией в этих областях.",okved
0cfddfc6-c7dd-5188-9a03-b34a82ec6e0f,6311087260,positive,16,governmentContract,"Есть выигранные госконтракты. Изучите информацию о количестве и сумме тендеров и контрактов, чтобы получить более полное представление о контрагенте и его деятельности.",reestrs
6634710c-504b-51f0-8436-6ba9b12c5c55,3123346195,negative,0,executionProceedings,"Есть действующие исполнительные производства, в которых выступает в качестве ответчика, это может означать, что компания имеет неисполненные обязательства перед кредиторами или государственными органами. Такая информация негативно сказывается на репутации и кредитоспособности лица или организации, поскольку свидетельствует о возможных финансовых трудностях или нежелании выполнять свои обязательства.",execproc
6634710c-504b-51f0-8436-6ba9b12c5c55,3123346195,negative,1,massOkved,"Компания имеет большое количество кодов ОКВЭД, что  может быть связано с попыткой компании охватить как можно больше направлений бизнеса, это может отрицательно сказаться на ее эффективности и надежности.",okved
6634710c-504b-51f0-8436-6ba9b12c5c55,3123346195,negative,2,arbitrationDefendant,"Есть арбитражные дела, в которых выступает в качестве ответчика, что может указывать на наличие споров с контрагентами или государственными органами. Это может быть признаком нестабильности в деятельности компании и потенциальных финансовых рисков.",arbitr
6634710c-504b-51f0-8436-6ba9b12c5c55,3123346195,positive,0,fnsBlocking,"Нет блокировок банковских счетов по постановлениям налоговой на текущую дату, что может говорить об отсутствии у компании проблем с налоговыми органами, которые привели бы к блокировке счетов.",reestrs
6634710c-504b-51f0-8436-6ba9b12c5c55,3123346195,positive,1,relatedCompanies,"У компании есть связанные компании, это позволяет проанализировать не только текущую деятельность контрагента, но и историю связанных с ним организаций. Изучите информацию о связанных компаниях, их деятельности и истории, чтобы получить более полное представление о контрагенте и его надежности.",relatedComp
6634710c-504b-51f0-8436-6ba9b12c5c55,3123346195,positive,2,liquidationStatus,"Не найден в реестре организаций проходящих процедуру банкротства, что может свидетельствовать об отсутствии у компании текущих процедур банкротства, что является положительным знаком при оценке ее финансовой устойчивости.",reestrs
6634710c-504b-51f0-8436-6ba9b12c5c55,3123346195,positive,3,massAuthpersons,"Не найден в реестре организаций с массовым директором или учредителем, вероятно, компания не используется в сомнительных схемах, что повышает доверие к ее деятельности.",manager
6634710c-504b-51f0-8436-6ba9b12c5c55,3123346195,positive,4,massAddress,"Не найден в реестре организаций с массовым адресом, что может свидетельствовать о достоверности и актуальности данных об адресе юридического лица.",reestrs
6634710c-504b-51f0-8436-6ba9b12c5c55,3123346195,positive,5,dishonestProvider,"Не найден в реестре организаций недобросовестных поставщиков, что может свидетельствовать об отсутствии у компании негативных историй участия в государственных закупках.",reestrs
6634710c-504b-51f0-8436-6ba9b12c5c55,3123346195,positive,6,disqualifiedAuthpersons,"Руководитель организации не найден в реестре дисквалифицированных лиц, руководитель компании, вероятно, не имеет ограничений на занятие руководящих должностей и не был дисквалифицирован за нарушения законодательства.",manager
6634710c-504b-51f0-8436-6ba9b12c5c55,3123346195,positive,7,taxArrears,"Не найден в реестре организаций должников ФНС, что может свидетельствовать об отсутствии задолженности перед налоговыми органами, что является положительным фактором при оценке надежности контрагента.",reestrs
6634710c-504b-51f0-8436-6ba9b12c5c55,3123346195,positive,8,taxReporting,"Не найден в реестре организаций не сдающих отчётность, компания соблюдает свои обязательства по предоставлению отчетности и, вероятно, ведет бизнес прозрачно.",reestrs
6634710c-504b-51f0-8436-6ba9b12c5c55,3123346195,positive,9,invalidAddress,"Не найден в реестре организаций с фиктивным адресом, это подтверждает, что компания зарегистрирована по реальному адресу, где фактически осуществляет свою деятельность.",reestrs
6634710c-504b-51f0-8436-6ba9b12c5c55,3123346195,positive,10,invalidAuthpersonsData,"Не найден в реестре организаций с номинальным руководителем или с меткой о недостоверных данных руководителя, руководитель компании, вероятно, является реальным лицом, управляющим компанией, и информация о нем достоверна.",manager
6634710c-504b-51f0-8436-6ba9b12c5c55,3123346195,positive,11,invalidRegistrationData,"Не найден в реестре организаций с недостоверными регистрационными данными, что говорит о благонадежности компании, информация о компании соответствует действительности.",reestrs
6634710c-504b-51f0-8436-6ba9b12c5c55,3123346195,positive,12,proceeds,"У компании есть выручка за предыдущий год в размере 4532419.0 тыс. руб., что свидетельствует о наличии стабильного дохода и успешной деятельности.",finance
6634710c-504b-51f0-8436-6ba9b12c5c55,3123346195,positive,13,profit,"У компании есть прибыль за предыдущий год в размере 328673.0 тыс. руб., что указывает на эффективное управление затратами и положительные финансовые результаты.",finance
6634710c-504b-51f0-8436-6ba9b12c5c55,3123346195,positive,14,currentAssets,"У компании имеются оборотные активы в размере 2156447.0 тыс. руб., что обеспечивает достаточную ликвидность для покрытия краткосрочных обязательств и ведения текущей деятельности.",finance
6634710c-504b-51f0-8436-6ba9b12c5c55,3123346195,positive,15,uncurrentAssets,"У компании есть внеоборотные активы на сумму 449916.0 тыс. руб., что, вероятно, может говорить о стабильном положении и долгосрочных перспективах развития.",finance
6634710c-504b-51f0-8436-6ba9b12c5c55,3123346195,positive,16,governmentContract,"Есть выигранные госконтракты. Изучите информацию о количестве и сумме тендеров и контрактов, чтобы получить более полное представление о контрагенте и его деятельности.",reestrs
2137cbe1-45a7-567f-96dd-073fc4350bcf,3715005612,positive,0,fnsBlocking,"Нет блокировок банковских счетов по постановлениям налоговой на текущую дату, что может говорить об отсутствии у компании проблем с налоговыми органами, которые привели бы к блокировке счетов.",reestrs
2137cbe1-45a7-567f-96dd-073fc4350bcf,3715005612,positive,1,relatedCompanies,"У компании есть связанные компании, это позволяет проанализировать не только текущую деятельность контрагента, но и историю связанных с ним организаций. Изучите информацию о связанных компаниях, их деятельности и истории, чтобы получить более полное представление о контрагенте и его надежности.",relatedComp
2137cbe1-45a7-567f-96dd-073fc4350bcf,3715005612,positive,2,executionProceedings,"Нет действующих исполнительных производств, в которых выступает в качестве ответчика, это может указывать на то, что компания своевременно исполняет свои обязательства и не имеет серьезных финансовых проблем.",execproc
2137cbe1-45a7-567f-96dd-073fc4350bcf,3715005612,positive,3,liquidationStatus,"Не найден в реестре организаций проходящих процедуру банкротства, что может свидетельствовать об отсутствии у компании текущих процедур банкротства, что является положительным знаком при оценке ее финансовой устойчивости.",reestrs
2137cbe1-45a7-567f-96dd-073fc4350bcf,3715005612,positive,4,massAuthpersons,"Не найден в реестре организаций с массовым директором или учредителем, вероятно, компания не используется в сомнительных схемах, что повышает доверие к ее деятельности.",manager
2137cbe1-45a7-567f-96dd-073fc4350bcf,3715005612,positive,5,massAddress,"Не найден в реестре организаций с массовым адресом, что может свидетельствовать о достоверности и актуальности данных об адресе юридического лица.",reestrs
2137cbe1-45a7-567f-96dd-073fc4350bcf,3715005612,positive,6,dishonestProvider,"Не найден в реестре организаций недобросовестных поставщиков, что может свидетельствовать об отсутствии у компании негативных историй участия в государственных закупках.",reestrs
2137cbe1-45a7-567f-96dd-073fc4350bcf,3715005612,positive,7,disqualifiedAuthpersons,"Руководитель организации не найден в реестре дисквалифицированных лиц, руководитель компании, вероятно, не имеет ограничений на занятие руководящих должностей и не был дисквалифицирован за нарушения законодательства.",manager
2137cbe1-45a7-567f-96dd-073fc4350bcf,3715005612,positive,8,аrbitrationDefendant,"Не найдены арбитражные дела, в которых выступает в качестве ответчика, что может свидетельствовать о том, что компания, вероятно, соблюдает свои обязательства и эффективно решает возникающие споры.",arbitr
2137cbe1-45a7-567f-96dd-073fc4350bcf,3715005612,positive,9,taxArrears,"Не найден в реестре организаций должников ФНС, что может свидетельствовать об отсутствии задолженности перед налоговыми органами, что является положительным фактором при оценке надежности контрагента.",reestrs
2137cbe1-45a7-567f-96dd-073fc4350bcf,3715005612,positive,10,taxReporting,"Не найден в реестре организаций не сдающих отчётность, компания соблюдает свои обязательства по предоставлению отчетности и, вероятно, ведет бизнес прозрачно.",reestrs
2137cbe1-45a7-567f-96dd-073fc4350bcf,3715005612,positive,11,invalidAddress,"Не найден в реестре организаций с фиктивным адресом, это подтверждает, что компания зарегистрирована по реальному адресу, где фактически осуществляет свою деятельность.",reestrs
2137cbe1-45a7-567f-96dd-073fc4350bcf,3715005612,positive,12,invalidAuthpersonsData,"Не найден в реестре организаций с номинальным руководителем или с меткой о недостоверных данных руководителя, руководитель компании, вероятно, является реальным лицом, управляющим компанией, и информация о нем достоверна.",manager
2137cbe1-45a7-567f-96dd-073fc4350bcf,3715005612,positive,13,invalidRegistrationData,"Не найден в реестре организаций с недостоверными регистрационными данными, что говорит о благонадежности компании, информация о компании соответствует действительности.",reestrs
2137cbe1-45a7-567f-96dd-073fc4350bcf,3715005612,positive,14,proceeds,"У компании есть выручка за предыдущий год в размере 3369.0 тыс. руб., что свидетельствует о наличии стабильного дохода и успешной деятельности.",finance
2137cbe1-45a7-567f-96dd-073fc4350bcf,3715005612,positive,15,massOkved,"У компании небольшое количество кодов ОКВЭД, что может указывать на то, что компания сосредоточена на определенных видах деятельности и, вероятно, обладает опытом и специализацией в этих областях.",okved
5f748cc7-62d5-50cf-8daa-c302d69b7c78,4720028039,negative,0,invalidAddress,"Находится в реестре организаций с фиктивным адресом, что может свидетельствовать о мошеннических действиях. Не рекомендуется сотрудничать с компаниями, использующими фиктивный адрес.",reestrs
5f748cc7-62d5-50cf-8daa-c302d69b7c78,4720028039,negative,1,invalidAuthpersonsData,"Находится в реестре организаций с номинальным руководителем или с меткой о недостоверных данных руководителя. Является серьезным риском, так как фактически управление компанией может осуществляться неизвестными лицами, а деятельность компании может быть непрозрачной.",manager
5f748cc7-62d5-50cf-8daa-c302d69b7c78,4720028039,negative,2,invalidRegistrationData,"Находится в реестре организаций с недостоверными регистрационными данными, что может быть признаком недобросовестности или попыткой скрыть реальную информацию об организации.",reestrs
5f748cc7-62d5-50cf-8daa-c302d69b7c78,4720028039,negative,3,fnsBlocking,"Есть блокировки банковских счетов по постановлениям налоговой на текущую дату, это может означать связь компании с налоговыми нарушениями, задолженностями или другими проблемами. Уточните причины блокировки и оцените риски сотрудничества с такой компанией.",reestrs
5f748cc7-62d5-50cf-8daa-c302d69b7c78,4720028039,positive,0,relatedCompanies,"У компании есть связанные компании, это позволяет проанализировать не только текущую деятельность контрагента, но и историю связанных с ним организаций. Изучите информацию о связанных компаниях, их деятельности и истории, чтобы получить более полное представление о контрагенте и его надежности.",relatedComp
5f748cc7-62d5-50cf-8daa-c302d69b7c78,4720028039,positive,1,executionProceedings,"Нет действующих исполнительных производств, в которых выступает в качестве ответчика, это может указывать на то, что компания своевременно исполняет свои обязательства и не имеет серьезных финансовых проблем.",execproc
5f748cc7-62d5-50cf-8daa-c302d69b7c78,4720028039,positive,2,liquidationStatus,"Не найден в реестре организаций проходящих процедуру банкротства, что может свидетельствовать об отсутствии у компании текущих процедур банкротства, что является положительным знаком при оценке ее финансовой устойчивости.",reestrs
5f748cc7-62d5-50cf-8daa-c302d69b7c78,4720028039,positive,3,massAuthpersons,"Не найден в реестре организаций с массовым директором или учредителем, вероятно, компания не используется в сомнительных схемах, что повышает доверие к ее деятельности.",manager
5f748cc7-62d5-50cf-8daa-c302d69b7c78,4720028039,positive,4,massAddress,"Не найден в реестре организаций с массовым адресом, что может свидетельствовать о достоверности и актуальности данных об адресе юридического лица.",reestrs
5f748cc7-62d5-50cf-8daa-c302d69b7c78,4720028039,positive,5,dishonestProvider,"Не найден в реестре организаций недобросовестных поставщиков, что может свидетельствовать об отсутствии у компании негативных историй участия в государственных закупках.",reestrs
5f748cc7-62d5-50cf-8daa-c302d69b7c78,4720028039,positive,6,disqualifiedAuthpersons,"Руководитель организации не найден в реестре дисквалифицированных лиц, руководитель компании, вероятно, не имеет ограничений на занятие руководящих должностей и не был дисквалифицирован за нарушения законодательства.",manager
5f748cc7-62d5-50cf-8daa-c302d69b7c78,4720028039,positive,7,аrbitrationDefendant,"Не найдены арбитражные дела, в которых выступает в качестве ответчика, что может свидетельствовать о том, что компания, вероятно, соблюдает свои обязательства и эффективно решает возникающие споры.",arbitr
5f748cc7-62d5-50cf-8daa-c302d69b7c78,4720028039,positive,8,taxArrears,"Не найден в реестре организаций должников ФНС, что может свидетельствовать об отсутствии задолженности перед налоговыми органами, что является положительным фактором при оценке надежности контрагента.",reestrs
5f748cc7-62d5-50cf-8daa-c302d69b7c78,4720028039,positive,9,taxReporting,"Не найден в реестре организаций не сдающих отчётность, компания соблюдает свои обязательства по предоставлению отчетности и, вероятно, ведет бизнес прозрачно.",reestrs
5f748cc7-62d5-50cf-8daa-c302d69b7c78,4720028039,positive,10,massOkved,"У компании небольшое количество кодов ОКВЭД, что может указывать на то, что компания сосредоточена на определенных видах деятельности и, вероятно, обладает опытом и специализацией в этих областях.",okved
5f748cc7-62d5-50cf-8daa-c302d69b7c78,4720028039,positive,11,governmentContract,"Есть выигранные госконтракты. Изучите информацию о количестве и сумме тендеров и контрактов, чтобы получить более полное представление о контрагенте и его деятельности.",reestrs
0003b9aa-e9d9-5411-a626-617b0fc88876,010701412150,negative,0,arbitrationDefendant,"Есть арбитражные дела, в которых выступает в качестве ответчика, что может указывать на наличие споров с контрагентами или государственными органами. Это может быть признаком нестабильности в деятельности компании и потенциальных финансовых рисков.",arbitr
0003b9aa-e9d9-5411-a626-617b0fc88876,010701412150,negative,1,fnsBlocking,"Есть блокировки банковских счетов по постановлениям налоговой на текущую дату, это может означать связь компании с налоговыми нарушениями, задолженностями или другими проблемами. Уточните причины блокировки и оцените риски сотрудничества с такой компанией.",reestrs
0003b9aa-e9d9-5411-a626-617b0fc88876,010701412150,positive,0,executionProceedings,"Нет действующих исполнительных производств, в которых выступает в качестве ответчика, это может указывать на то, что компания своевременно исполняет свои обязательства и не имеет серьезных финансовых проблем.",execproc
0003b9aa-e9d9-5411-a626-617b0fc88876,010701412150,positive,1,liquidationStatus,"Не найден в реестре организаций проходящих процедуру банкротства, что может свидетельствовать об отсутствии у компании текущих процедур банкротства, что является положительным знаком при оценке ее финансовой устойчивости.",reestrs
0003b9aa-e9d9-5411-a626-617b0fc88876,010701412150,positive,2,massAuthpersons,"Не найден в реестре организаций с массовым директором или учредителем, вероятно, компания не используется в сомнительных схемах, что повышает доверие к ее деятельности.",manager
0003b9aa-e9d9-5411-a626-617b0fc88876,010701412150,positive,3,massAddress,"Не найден в реестре организаций с массовым адресом, что может свидетельствовать о достоверности и актуальности данных об адресе юридического лица.",reestrs
0003b9aa-e9d9-5411-a626-617b0fc88876,010701412150,positive,4,dishonestProvider,"Не найден в реестре организаций недобросовестных поставщиков, что может свидетельствовать об отсутствии у компании негативных историй участия в государственных закупках.",reestrs
0003b9aa-e9d9-5411-a626-617b0fc88876,010701412150,positive,5,disqualifiedAuthpersons,"Руководитель организации не найден в реестре дисквалифицированных лиц, руководитель компании, вероятно, не имеет ограничений на занятие руководящих должностей и не был дисквалифицирован за нарушения законодательства.",manager
0003b9aa-e9d9-5411-a626-617b0fc88876,010701412150,positive,6,taxArrears,"Не найден в реестре организаций должников ФНС, что может свидетельствовать об отсутствии задолженности перед налоговыми органами, что является положительным фактором при оценке надежности контрагента.",reestrs
0003b9aa-e9d9-5411-a626-617b0fc88876,010701412150,positive,7,taxReporting,"Не найден в реестре организаций не сдающих отчётность, компания соблюдает свои обязательства по предоставлению отчетности и, вероятно, ведет бизнес прозрачно.",reestrs
0003b9aa-e9d9-5411-a626-617b0fc88876,010701412150,positive,8,invalidAddress,"Не найден в реестре организаций с фиктивным адресом, это подтверждает, что компания зарегистрирована по реальному адресу, где фактически осуществляет свою деятельность.",reestrs
0003b9aa-e9d9-5411-a626-617b0fc88876,010701412150,positive,9,invalidAuthpersonsData,"Не найден в реестре организаций с номинальным руководителем или с меткой о недостоверных данных руководителя, руководитель компании, вероятно, является реальным лицом, управляющим компанией, и информация о нем достоверна.",manager
0003b9aa-e9d9-5411-a626-617b0fc88876,010701412150,positive,10,invalidRegistrationData,"Не найден в реестре организаций с недостоверными регистрационными данными, что говорит о благонадежности компании, информация о компании соответствует действительности.",reestrs
0003b9aa-e9d9-5411-a626-617b0fc88876,010701412150,positive,11,massOkved,"У компании небольшое количество кодов ОКВЭД, что может указывать на то, что компания сосредоточена на определенных видах деятельности и, вероятно, обладает опытом и специализацией в этих областях.",okved
3fc02950-2ac6-5c07-ae6a-d312f3b070a5,5074059470,negative,0,arbitrationDefendant,"Есть арбитражные дела, в которых выступает в качестве ответчика, что может указывать на наличие споров с контрагентами или государственными органами. Это может быть признаком нестабильности в деятельности компании и потенциальных финансовых рисков.",arbitr
3fc02950-2ac6-5c07-ae6a-d312f3b070a5,5074059470,positive,0,fnsBlocking,"Нет блокировок банковских счетов по постановлениям налоговой на текущую дату, что может говорить об отсутствии у компании проблем с налоговыми органами, которые привели бы к блокировке счетов.",reestrs
3fc02950-2ac6-5c07-ae6a-d312f3b070a5,5074059470,positive,1,executionProceedings,"Нет действующих исполнительных производств, в которых выступает в качестве ответчика, это может указывать на то, что компания своевременно исполняет свои обязательства и не имеет серьезных финансовых проблем.",execproc
3fc02950-2ac6-5c07-ae6a-d312f3b070a5,5074059470,positive,2,liquidationStatus,"Не найден в реестре организаций проходящих процедуру банкротства, что может свидетельствовать об отсутствии у компании текущих процедур банкротства, что является положительным знаком при оценке ее финансовой устойчивости.",reestrs
3fc02950-2ac6-5c07-ae6a-d312f3b070a5,5074059470,positive,3,massAuthpersons,"Не найден в реестре организаций с массовым директором или учредителем, вероятно, компания не используется в сомнительных схемах, что повышает доверие к ее деятельности.",manager
3fc02950-2ac6-5c07-ae6a-d312f3b070a5,5074059470,positive,4,massAddress,"Не найден в реестре организаций с массовым адресом, что может свидетельствовать о достоверности и актуальности данных об адресе юридического лица.",reestrs
3fc02950-2ac6-5c07-ae6a-d312f3b070a5,5074059470,positive,5,dishonestProvider,"Не найден в реестре организаций недобросовестных поставщиков, что может свидетельствовать об отсутствии у компании негативных историй участия в государственных закупках.",reestrs
3fc02950-2ac6-5c07-ae6a-d312f3b070a5,5074059470,positive,6,disqualifiedAuthpersons,"Руководитель организации не найден в реестре дисквалифицированных лиц, руководитель компании, вероятно, не имеет ограничений на занятие руководящих должностей и не был дисквалифицирован за нарушения законодательства.",manager
3fc02950-2ac6-5c07-ae6a-d312f3b070a5,5074059470,positive,7,taxArrears,"Не найден в реестре организаций должников ФНС, что может свидетельствовать об отсутствии задолженности перед налоговыми органами, что является положительным фактором при оценке надежности контрагента.",reestrs
3fc02950-2ac6-5c07-ae6a-d312f3b070a5,5074059470,positive,8,taxReporting,"Не найден в реестре организаций не сдающих отчётность, компания соблюдает свои обязательства по предоставлению отчетности и, вероятно, ведет бизнес прозрачно.",reestrs
3fc02950-2ac6-5c07-ae6a-d312f3b070a5,5074059470,positive,9,invalidAddress,"Не найден в реестре организаций с фиктивным адресом, это подтверждает, что компания зарегистрирована по реальному адресу, где фактически осуществляет свою деятельность.",reestrs
3fc02950-2ac6-5c07-ae6a-d312f3b070a5,5074059470,positive,10,invalidAuthpersonsData,"Не найден в реестре организаций с номинальным руководителем или с меткой о недостоверных данных руководителя, руководитель компании, вероятно, является реальным лицом, управляющим компанией, и информация о нем достоверна.",manager
3fc02950-2ac6-5c07-ae6a-d312f3b070a5,5074059470,positive,11,invalidRegistrationData,"Не найден в реестре организаций с недостоверными регистрационными данными, что говорит о благонадежности компании, информация о компании соответствует действительности.",reestrs
3fc02950-2ac6-5c07-ae6a-d312f3b070a5,5074059470,positive,12,proceeds,"У компании есть выручка за предыдущий год в размере 514653.0 тыс. руб., что свидетельствует о наличии стабильного дохода и успешной деятельности.",finance
3fc02950-2ac6-5c07-ae6a-d312f3b070a5,5074059470,positive,13,massOkved,"У компании небольшое количество кодов ОКВЭД, что может указывать на то, что компания сосредоточена на определенных видах деятельности и, вероятно, обладает опытом и специализацией в этих областях.",okved
3fc02950-2ac6-5c07-ae6a-d312f3b070a5,5074059470,positive,14,profit,"У компании есть прибыль за предыдущий год в размере 16473.0 тыс. руб., что указывает на эффективное управление затратами и положительные финансовые результаты.",finance
3fc02950-2ac6-5c07-ae6a-d312f3b070a5,5074059470,positive,15,currentAssets,"У компании имеются оборотные активы в размере 71863.0 тыс. руб., что обеспечивает достаточную ликвидность для покрытия краткосрочных обязательств и ведения текущей деятельности.",finance
3fc02950-2ac6-5c07-ae6a-d312f3b070a5,5074059470,positive,16,uncurrentAssets,"У компании есть внеоборотные активы на сумму 6045.0 тыс. руб., что, вероятно, может говорить о стабильном положении и долгосрочных перспективах развития.",finance
a8110af7-d22c-5fe2-b280-e052af603901,8905068592,positive,0,fnsBlocking,"Нет блокировок банковских счетов по постановлениям налоговой на текущую дату, что может говорить об отсутствии у компании проблем с налоговыми органами, которые привели бы к блокировке счетов.",reestrs
a8110af7-d22c-5fe2-b280-e052af603901,8905068592,positive,1,relatedCompanies,"У компании есть связанные компании, это позволяет проанализировать не только текущую деятельность контрагента, но и историю связанных с ним организаций. Изучите информацию о связанных компаниях, их деятельности и истории, чтобы получить более полное представление о контрагенте и его надежности.",relatedComp
a8110af7-d22c-5fe2-b280-e052af603901,8905068592,positive,2,executionProceedings,"Нет действующих исполнительных производств, в которых выступает в качестве ответчика, это может указывать на то, что компания своевременно исполняет свои обязательства и не имеет серьезных финансовых проблем.",execproc
a8110af7-d22c-5fe2-b280-e052af603901,8905068592,positive,3,liquidationStatus,"Не найден в реестре организаций проходящих процедуру банкротства, что может свидетельствовать об отсутствии у компании текущих процедур банкротства, что является положительным знаком при оценке ее финансовой устойчивости.",reestrs
a8110af7-d22c-5fe2-b280-e052af603901,8905068592,positive,4,massAuthpersons,"Не найден в реестре организаций с массовым директором или учредителем, вероятно, компания не используется в сомнительных схемах, что повышает доверие к ее деятельности.",manager
a8110af7-d22c-5fe2-b280-e052af603901,8905068592,positive,5,massAddress,"Не найден в реестре организаций с массовым адресом, что может свидетельствовать о достоверности и актуальности данных об адресе юридического лица.",reestrs
a8110af7-d22c-5fe2-b280-e052af603901,8905068592,positive,6,dishonestProvider,"Не найден в реестре организаций недобросовестных поставщиков, что может свидетельствовать об отсутствии у компании негативных историй участия в государственных закупках.",reestrs
a8110af7-d22c-5fe2-b280-e052af603901,8905068592,positive,7,disqualifiedAuthpersons,"Руководитель организации не найден в реестре дисквалифицированных лиц, руководитель компании, вероятно, не имеет ограничений на занятие руководящих должностей и не был дисквалифицирован за нарушения законодательства.",manager
a8110af7-d22c-5fe2-b280-e052af603901,8905068592,positive,8,аrbitrationDefendant,"Не найдены арбитражные дела, в которых выступает в качестве ответчика, что может свидетельствовать о том, что компания, вероятно, соблюдает свои обязательства и эффективно решает возникающие споры.",arbitr
a8110af7-d22c-5fe2-b280-e052af603901,8905068592,positive,9,taxArrears,"Не найден в реестре организаций должников ФНС, что может свидетельствовать об отсутствии задолженности перед налоговыми органами, что является положительным фактором при оценке надежности контрагента.",reestrs
a8110af7-d22c-5fe2-b280-e052af603901,8905068592,positive,10,taxReporting,"Не найден в реестре организаций не сдающих отчётность, компания соблюдает свои обязательства по предоставлению отчетности и, вероятно, ведет бизнес прозрачно.",reestrs
a8110af7-d22c-5fe2-b280-e052af603901,8905068592,positive,11,invalidAddress,"Не найден в реестре организаций с фиктивным адресом, это подтверждает, что компания зарегистрирована по реальному адресу, где фактически осуществляет свою деятельность.",reestrs
a8110af7-d22c-5fe2-b280-e052af603901,8905068592,positive,12,invalidAuthpersonsData,"Не найден в реестре организаций с номинальным руководителем или с меткой о недостоверных данных руководителя, руководитель компании, вероятно, является реальным лицом, управляющим компанией, и информация о нем достоверна.",manager
a8110af7-d22c-5fe2-b280-e052af603901,8905068592,positive,13,invalidRegistrationData,"Не найден в реестре организаций с недостоверными регистрационными данными, что говорит о благонадежности компании, информация о компании соответствует действительности.",reestrs
a8110af7-d22c-5fe2-b280-e052af603901,8905068592,positive,14,licenses,"У компании есть действующие лицензии - компания имеет право осуществлять определенные виды деятельности, требующие специального разрешения. Это может свидетельствовать о компетентности и надежности компании.",license
a8110af7-d22c-5fe2-b280-e052af603901,8905068592,positive,15,proceeds,"У компании есть выручка за предыдущий год в размере 214981.0 тыс. руб., что свидетельствует о наличии стабильного дохода и успешной деятельности.",finance
a8110af7-d22c-5fe2-b280-e052af603901,8905068592,positive,16,massOkved,"У компании небольшое количество кодов ОКВЭД, что может указывать на то, что компания сосредоточена на определенных видах деятельности и, вероятно, обладает опытом и специализацией в этих областях.",okved
