report_id,company_inn,subject_inn,item_type,item_index,name,related_inn,related_ogrn,role,position,code,description,share,amount,date_from,active,registration_date,address,phone_type,phone_code,phone_number,auth_person_name,auth_person_position,details_json
c2be40c0-668f-5953-a049-4d99a26229ca,1684017097,1684017097,founder,0,ШИРИКОВ ЕВГЕНИЙ ЛЕОНИДОВИЧ,130801590508,,founder,,,,100,10000,2024-01-14T21:00:00.000Z,True,,,,,,,,"{""name"":""ШИРИКОВ ЕВГЕНИЙ ЛЕОНИДОВИЧ"",""inn"":""130801590508"",""amount"":10000,""share"":100,""dateFrom"":{""$date"":""2024-01-14T21:00:00.000Z""},""active"":true}"
c2be40c0-668f-5953-a049-4d99a26229ca,1684017097,1684017097,director,0,ШИРИКОВ ЕВГЕНИЙ ЛЕОНИДОВИЧ,130801590508,,director,ГЕНЕРАЛЬНЫЙ ДИРЕКТОР,,,,,2024-01-14T21:00:00.000Z,,,,,,,,,"{""name"":""ШИРИКОВ ЕВГЕНИЙ ЛЕОНИДОВИЧ"",""positionName"":""ГЕНЕРАЛЬНЫЙ ДИРЕКТОР"",""inn"":""130801590508"",""positionDate"":{""$date"":""2024-01-14T21:00:00.000Z""}}"
c2be40c0-668f-5953-a049-4d99a26229ca,1684017097,1684017097,related_company,0,ИП ШИРИКОВ ЕВГЕНИЙ ЛЕОНИДОВИЧ,130801590508,318169000023932,related_company,,,,,,,,,,,,,,,"{""inn"":""130801590508"",""ogrn"":""318169000023932"",""name"":""ИП ШИРИКОВ ЕВГЕНИЙ ЛЕОНИДОВИЧ""}"
c2be40c0-668f-5953-a049-4d99a26229ca,1684017097,1684017097,activity,0,,,,main,,43.99.7,Работы по сборке и монтажу сборных конструкций,,,,,,,,,,,,"{""code"":""43.99.7"",""description"":""Работы по сборке и монтажу сборных конструкций""}"
c2be40c0-668f-5953-a049-4d99a26229ca,1684017097,1684017097,activity,1,,,,other,,43.32.3,"Производство работ по внутренней отделке зданий (включая потолки, раздвижные и съемные перегородки и т.д.)",,,,,,,,,,,,"{""code"":""43.32.3"",""description"":""Производство работ по внутренней отделке зданий (включая потолки, раздвижные и съемные перегородки и т.д.)""}"
c2be40c0-668f-5953-a049-4d99a26229ca,1684017097,1684017097,activity,2,,,,other,,25.11,"Производство строительных металлических конструкций, изделий и их частей",,,,,,,,,,,,"{""code"":""25.11"",""description"":""Производство строительных металлических конструкций, изделий и их частей""}"
c2be40c0-668f-5953-a049-4d99a26229ca,1684017097,1684017097,activity,3,,,,other,,52.10,Деятельность по складированию и хранению,,,,,,,,,,,,"{""code"":""52.10"",""description"":""Деятельность по складированию и хранению""}"
c2be40c0-668f-5953-a049-4d99a26229ca,1684017097,1684017097,activity,4,,,,other,,43.22,"Производство санитарно-технических работ, монтаж отопительных систем и систем кондиционирования воздуха",,,,,,,,,,,,"{""code"":""43.22"",""description"":""Производство санитарно-технических работ, монтаж отопительных систем и систем кондиционирования воздуха""}"
c2be40c0-668f-5953-a049-4d99a26229ca,1684017097,1684017097,activity,5,,,,other,,16.23,Производство прочих деревянных строительных конструкций и столярных изделий,,,,,,,,,,,,"{""code"":""16.23"",""description"":""Производство прочих деревянных строительных конструкций и столярных изделий""}"
c2be40c0-668f-5953-a049-4d99a26229ca,1684017097,1684017097,activity,6,,,,other,,25.12,Производство металлических дверей и окон,,,,,,,,,,,,"{""code"":""25.12"",""description"":""Производство металлических дверей и окон""}"
c2be40c0-668f-5953-a049-4d99a26229ca,1684017097,1684017097,activity,7,,,,other,,43.29,Производство прочих строительно-монтажных работ,,,,,,,,,,,,"{""code"":""43.29"",""description"":""Производство прочих строительно-монтажных работ""}"
c2be40c0-668f-5953-a049-4d99a26229ca,1684017097,1684017097,activity,8,,,,other,,46.73,"Торговля оптовая лесоматериалами, строительными материалами и санитарно-техническим оборудованием",,,,,,,,,,,,"{""code"":""46.73"",""description"":""Торговля оптовая лесоматериалами, строительными материалами и санитарно-техническим оборудованием""}"
c2be40c0-668f-5953-a049-4d99a26229ca,1684017097,1684017097,activity,9,,,,other,,43.21,Производство электромонтажных работ,,,,,,,,,,,,"{""code"":""43.21"",""description"":""Производство электромонтажных работ""}"
c2be40c0-668f-5953-a049-4d99a26229ca,1684017097,1684017097,activity,10,,,,other,,22.23,"Производство пластмассовых изделий, используемых в строительстве",,,,,,,,,,,,"{""code"":""22.23"",""description"":""Производство пластмассовых изделий, используемых в строительстве""}"
c2be40c0-668f-5953-a049-4d99a26229ca,1684017097,1684017097,activity,11,,,,other,,47.78,Торговля розничная прочая в специализированных магазинах,,,,,,,,,,,,"{""code"":""47.78"",""description"":""Торговля розничная прочая в специализированных магазинах""}"
c2be40c0-668f-5953-a049-4d99a26229ca,1684017097,1684017097,activity,12,,,,other,,49.42,Предоставление услуг по перевозкам,,,,,,,,,,,,"{""code"":""49.42"",""description"":""Предоставление услуг по перевозкам""}"
c2be40c0-668f-5953-a049-4d99a26229ca,1684017097,1684017097,activity,13,,,,other,,25.61,Обработка металлов и нанесение покрытий на металлы,,,,,,,,,,,,"{""code"":""25.61"",""description"":""Обработка металлов и нанесение покрытий на металлы""}"
c2be40c0-668f-5953-a049-4d99a26229ca,1684017097,1684017097,activity,14,,,,other,,46.90,Торговля оптовая неспециализированная,,,,,,,,,,,,"{""code"":""46.90"",""description"":""Торговля оптовая неспециализированная""}"
c2be40c0-668f-5953-a049-4d99a26229ca,1684017097,1684017097,activity,15,,,,other,,25.62,Обработка металлических изделий механическая,,,,,,,,,,,,"{""code"":""25.62"",""description"":""Обработка металлических изделий механическая""}"
c2be40c0-668f-5953-a049-4d99a26229ca,1684017097,1684017097,activity,16,,,,other,,49.41,Деятельность автомобильного грузового транспорта,,,,,,,,,,,,"{""code"":""49.41"",""description"":""Деятельность автомобильного грузового транспорта""}"
c2be40c0-668f-5953-a049-4d99a26229ca,1684017097,1684017097,activity,17,,,,other,,43.33,Работы по устройству покрытий полов и облицовке стен,,,,,,,,,,,,"{""code"":""43.33"",""description"":""Работы по устройству покрытий полов и облицовке стен""}"
c2be40c0-668f-5953-a049-4d99a26229ca,1684017097,1684017097,activity,18,,,,other,,43.34,Производство малярных и стекольных работ,,,,,,,,,,,,"{""code"":""43.34"",""description"":""Производство малярных и стекольных работ""}"
c2be40c0-668f-5953-a049-4d99a26229ca,1684017097,1684017097,activity,19,,,,other,,43.39,Производство прочих отделочных и завершающих работ,,,,,,,,,,,,"{""code"":""43.39"",""description"":""Производство прочих отделочных и завершающих работ""}"
c2be40c0-668f-5953-a049-4d99a26229ca,1684017097,1684017097,tax_system,0,Общая система налогообложения,,,tax_system,,ОСНО,,,,,,,,,,,,,"{""fullName"":""Общая система налогообложения"",""shortName"":""ОСНО""}"
64ff1f7c-0a1e-5547-826b-05824228001f,772377037026,772377037026,activity,0,,,,main,,47.91,Торговля розничная по почте или по информационно-коммуникационной сети Интернет,,,,,,,,,,,,"{""code"":""47.91"",""description"":""Торговля розничная по почте или по информационно-коммуникационной сети Интернет""}"
64ff1f7c-0a1e-5547-826b-05824228001f,772377037026,772377037026,activity,1,,,,other,,47.99,"Торговля розничная прочая вне магазинов, палаток, рынков",,,,,,,,,,,,"{""code"":""47.99"",""description"":""Торговля розничная прочая вне магазинов, палаток, рынков""}"
64ff1f7c-0a1e-5547-826b-05824228001f,772377037026,772377037026,activity,2,,,,other,,46.90,Торговля оптовая неспециализированная,,,,,,,,,,,,"{""code"":""46.90"",""description"":""Торговля оптовая неспециализированная""}"
64ff1f7c-0a1e-5547-826b-05824228001f,772377037026,772377037026,activity,3,,,,other,,46.18.99,"Деятельность агентов, специализирующихся на оптовой торговле прочими товарами, не включенными в другие группировки",,,,,,,,,,,,"{""code"":""46.18.99"",""description"":""Деятельность агентов, специализирующихся на оптовой торговле прочими товарами, не включенными в другие группировки""}"
64ff1f7c-0a1e-5547-826b-05824228001f,772377037026,772377037026,activity,4,,,,other,,46.69,Торговля оптовая прочими машинами и оборудованием,,,,,,,,,,,,"{""code"":""46.69"",""description"":""Торговля оптовая прочими машинами и оборудованием""}"
64ff1f7c-0a1e-5547-826b-05824228001f,772377037026,772377037026,activity,5,,,,other,,46.14.9,Деятельность агентов по оптовой торговле прочими видами машин и промышленным оборудованием,,,,,,,,,,,,"{""code"":""46.14.9"",""description"":""Деятельность агентов по оптовой торговле прочими видами машин и промышленным оборудованием""}"
64ff1f7c-0a1e-5547-826b-05824228001f,772377037026,772377037026,activity,6,,,,other,,47.54,Торговля розничная бытовыми электротоварами в специализированных магазинах,,,,,,,,,,,,"{""code"":""47.54"",""description"":""Торговля розничная бытовыми электротоварами в специализированных магазинах""}"
64ff1f7c-0a1e-5547-826b-05824228001f,772377037026,772377037026,activity,7,,,,other,,46.49,Торговля оптовая прочими бытовыми товарами,,,,,,,,,,,,"{""code"":""46.49"",""description"":""Торговля оптовая прочими бытовыми товарами""}"
64ff1f7c-0a1e-5547-826b-05824228001f,772377037026,772377037026,activity,8,,,,other,,47.19,Торговля розничная прочая в неспециализированных магазинах,,,,,,,,,,,,"{""code"":""47.19"",""description"":""Торговля розничная прочая в неспециализированных магазинах""}"
64ff1f7c-0a1e-5547-826b-05824228001f,772377037026,772377037026,activity,9,,,,other,,82.99,"Деятельность по предоставлению прочих вспомогательных услуг для бизнеса, не включенная в другие группировки",,,,,,,,,,,,"{""code"":""82.99"",""description"":""Деятельность по предоставлению прочих вспомогательных услуг для бизнеса, не включенная в другие группировки""}"
3c73b78d-627b-54a5-ad04-e5fae7fae666,9705152496,9705152496,founder,0,"ОБЩЕСТВО С ОГРАНИЧЕННОЙ ОТВЕТСТВЕННОСТЬЮ ""ГАЛС-ДЕВЕЛОПМЕНТ""",9705138170,,founder,,,,99,10552,2021-02-11T21:00:00.000Z,True,,,,,,,,"{""name"":""ОБЩЕСТВО С ОГРАНИЧЕННОЙ ОТВЕТСТВЕННОСТЬЮ \""ГАЛС-ДЕВЕЛОПМЕНТ\"""",""inn"":""9705138170"",""amount"":10552,""share"":99,""dateFrom"":{""$date"":""2021-02-11T21:00:00.000Z""},""active"":true}"
3c73b78d-627b-54a5-ad04-e5fae7fae666,9705152496,9705152496,founder,1,"ОБЩЕСТВО С ОГРАНИЧЕННОЙ ОТВЕТСТВЕННОСТЬЮ ""ГАЛС-ПРОФ""",7705560491,,founder,,,,0,10,2021-02-11T21:00:00.000Z,True,,,,,,,,"{""name"":""ОБЩЕСТВО С ОГРАНИЧЕННОЙ ОТВЕТСТВЕННОСТЬЮ \""ГАЛС-ПРОФ\"""",""inn"":""7705560491"",""amount"":10,""share"":0,""dateFrom"":{""$date"":""2021-02-11T21:00:00.000Z""},""active"":true}"
3c73b78d-627b-54a5-ad04-e5fae7fae666,9705152496,9705152496,founder,2,"ОБЩЕСТВО С ОГРАНИЧЕННОЙ ОТВЕТСТВЕННОСТЬЮ ""ГАЛС-ПРОФ""",7705560491,,founder,,,,0,10,2021-02-11T21:00:00.000Z,True,,,,,,,,"{""name"":""ОБЩЕСТВО С ОГРАНИЧЕННОЙ ОТВЕТСТВЕННОСТЬЮ \""ГАЛС-ПРОФ\"""",""inn"":""7705560491"",""amount"":10,""share"":0,""dateFrom"":{""$date"":""2021-02-11T21:00:00.000Z""},""active"":true}"
3c73b78d-627b-54a5-ad04-e5fae7fae666,9705152496,9705152496,founder,3,ОБЩЕСТВО С ОГРАНИЧЕННОЙ ОТВЕТСТВЕННОСТЬЮ ВТБ СПОРТ,9714072342,,founder,,,,49,10075,2025-06-02T21:00:00.000Z,True,,,,,,,,"{""name"":""ОБЩЕСТВО С ОГРАНИЧЕННОЙ ОТВЕТСТВЕННОСТЬЮ ВТБ СПОРТ"",""inn"":""9714072342"",""amount"":10075,""share"":49,""dateFrom"":{""$date"":""2025-06-02T21:00:00.000Z""},""active"":true}"
3c73b78d-627b-54a5-ad04-e5fae7fae666,9705152496,9705152496,founder,4,"ОБЩЕСТВО С ОГРАНИЧЕННОЙ ОТВЕТСТВЕННОСТЬЮ ""ГАЛС-ДЕВЕЛОПМЕНТ""",9705138170,,founder,,,,51,10486,2021-02-11T21:00:00.000Z,True,,,,,,,,"{""name"":""ОБЩЕСТВО С ОГРАНИЧЕННОЙ ОТВЕТСТВЕННОСТЬЮ \""ГАЛС-ДЕВЕЛОПМЕНТ\"""",""inn"":""9705138170"",""amount"":10486,""share"":51,""dateFrom"":{""$date"":""2021-02-11T21:00:00.000Z""},""active"":true}"
3c73b78d-627b-54a5-ad04-e5fae7fae666,9705152496,9705152496,director,0,КАМАЕВ ИГОРЬ СЕРГЕЕВИЧ,532117462758,,director,ГЕНЕРАЛЬНЫЙ ДИРЕКТОР,,,,,2025-11-09T21:00:00.000Z,,,,,,,,,"{""name"":""КАМАЕВ ИГОРЬ СЕРГЕЕВИЧ"",""positionName"":""ГЕНЕРАЛЬНЫЙ ДИРЕКТОР"",""inn"":""532117462758"",""positionDate"":{""$date"":""2025-11-09T21:00:00.000Z""}}"
3c73b78d-627b-54a5-ad04-e5fae7fae666,9705152496,9705152496,related_company,0,ООО ТЕННИС АРЕНА,9714073681,1257700168153,related_company,,,,,,,,2025-04-07T21:00:00.000Z,,,,,КАМАЕВ ИГОРЬ СЕРГЕЕВИЧ,ГЕНЕРАЛЬНЫЙ ДИРЕКТОР,"{""inn"":""9714073681"",""ogrn"":""1257700168153"",""name"":""ООО ТЕННИС АРЕНА"",""registrationDate"":{""$date"":""2025-04-07T21:00:00.000Z""},""authPersonName"":""КАМАЕВ ИГОРЬ СЕРГЕЕВИЧ"",""authPersonPosition"":""ГЕНЕРАЛЬНЫЙ ДИРЕКТОР""}"
3c73b78d-627b-54a5-ad04-e5fae7fae666,9705152496,9705152496,related_company,1,"ООО ""СЗ ""ГАЛС-ШОССЕЙНАЯ""",7705930720,1107746845293,related_company,,,,,,,,2010-10-14T20:00:00.000Z,,,,,ЛАЗАРЕВ ВАСИЛИЙ ВИКТОРОВИЧ,ГЕНЕРАЛЬНЫЙ ДИРЕКТОР,"{""inn"":""7705930720"",""ogrn"":""1107746845293"",""name"":""ООО \""СЗ \""ГАЛС-ШОССЕЙНАЯ\"""",""registrationDate"":{""$date"":""2010-10-14T20:00:00.000Z""},""authPersonName"":""ЛАЗАРЕВ ВАСИЛИЙ ВИКТОРОВИЧ"",""authPersonPosition"":""ГЕНЕРАЛЬНЫЙ ДИРЕКТОР""}"
3c73b78d-627b-54a5-ad04-e5fae7fae666,9705152496,9705152496,related_company,2,"ООО ""СТРОЙИНВЕСТ""",9714002730,1237700062467,related_company,,,,,,,,2023-01-25T21:00:00.000Z,,,,,ЗУЕВ ИВАН НИКОЛАЕВИЧ,ГЕНЕРАЛЬНЫЙ ДИРЕКТОР,"{""inn"":""9714002730"",""ogrn"":""1237700062467"",""name"":""ООО \""СТРОЙИНВЕСТ\"""",""registrationDate"":{""$date"":""2023-01-25T21:00:00.000Z""},""authPersonName"":""ЗУЕВ ИВАН НИКОЛАЕВИЧ"",""authPersonPosition"":""ГЕНЕРАЛЬНЫЙ ДИРЕКТОР""}"
3c73b78d-627b-54a5-ad04-e5fae7fae666,9705152496,9705152496,related_company,3,"ООО ""А-ПРОФ""",9714091803,1267700163466,related_company,,,,,,,,2026-05-11T21:00:00.000Z,,,,,МУХИН АНДРЕЙ АНАТОЛЬЕВИЧ,ГЕНЕРАЛЬНЫЙ ДИРЕКТОР,"{""inn"":""9714091803"",""ogrn"":""1267700163466"",""name"":""ООО \""А-ПРОФ\"""",""registrationDate"":{""$date"":""2026-05-11T21:00:00.000Z""},""authPersonName"":""МУХИН АНДРЕЙ АНАТОЛЬЕВИЧ"",""authPersonPosition"":""ГЕНЕРАЛЬНЫЙ ДИРЕКТОР""}"
3c73b78d-627b-54a5-ad04-e5fae7fae666,9705152496,9705152496,related_company,4,"ООО ""СПЕЦИАЛИЗИРОВАННЫЙ ЗАСТРОЙЩИК ""ГАЛС-2""",7714484198,1227700222166,related_company,,,,,,,,2022-04-14T21:00:00.000Z,,,,,ЖУРКО АЛЕКСЕЙ ВЛАДИСЛАВОВИЧ,ГЕНЕРАЛЬНЫЙ ДИРЕКТОР,"{""inn"":""7714484198"",""ogrn"":""1227700222166"",""name"":""ООО \""СПЕЦИАЛИЗИРОВАННЫЙ ЗАСТРОЙЩИК \""ГАЛС-2\"""",""registrationDate"":{""$date"":""2022-04-14T21:00:00.000Z""},""authPersonName"":""ЖУРКО АЛЕКСЕЙ ВЛАДИСЛАВОВИЧ"",""authPersonPosition"":""ГЕНЕРАЛЬНЫЙ ДИРЕКТОР""}"
3c73b78d-627b-54a5-ad04-e5fae7fae666,9705152496,9705152496,related_company,5,ООО БИЛЬЯРД АРЕНА,9714073699,1257700168164,related_company,,,,,,,,2025-04-07T21:00:00.000Z,,,,,КАМАЕВ ИГОРЬ СЕРГЕЕВИЧ,ГЕНЕРАЛЬНЫЙ ДИРЕКТОР,"{""inn"":""9714073699"",""ogrn"":""1257700168164"",""name"":""ООО БИЛЬЯРД АРЕНА"",""registrationDate"":{""$date"":""2025-04-07T21:00:00.000Z""},""authPersonName"":""КАМАЕВ ИГОРЬ СЕРГЕЕВИЧ"",""authPersonPosition"":""ГЕНЕРАЛЬНЫЙ ДИРЕКТОР""}"
3c73b78d-627b-54a5-ad04-e5fae7fae666,9705152496,9705152496,related_company,6,"ООО ""СПЕЦИАЛИЗИРОВАННЫЙ ЗАСТРОЙЩИК ""ГАЛС-ФОРТЕ""",9705150273,1207700459086,related_company,,,,,,,,2020-11-29T21:00:00.000Z,,,,,ХАЛТУРИН ВАЛЕРИЙ ВЛАДИМИРОВИЧ,ГЕНЕРАЛЬНЫЙ ДИРЕКТОР,"{""inn"":""9705150273"",""ogrn"":""1207700459086"",""name"":""ООО \""СПЕЦИАЛИЗИРОВАННЫЙ ЗАСТРОЙЩИК \""ГАЛС-ФОРТЕ\"""",""registrationDate"":{""$date"":""2020-11-29T21:00:00.000Z""},""authPersonName"":""ХАЛТУРИН ВАЛЕРИЙ ВЛАДИМИРОВИЧ"",""authPersonPosition"":""ГЕНЕРАЛЬНЫЙ ДИРЕКТОР""}"
3c73b78d-627b-54a5-ad04-e5fae7fae666,9705152496,9705152496,related_company,7,"ООО ""ГАЛС-РЕЗЕРВ""",9714094280,1267700239839,related_company,,,,,,,,2026-07-15T21:00:00.000Z,,,,,ЦЫГАНКОВ ДЕНИС АЛЕКСЕЕВИЧ,ГЕНЕРАЛЬНЫЙ ДИРЕКТОР,"{""inn"":""9714094280"",""ogrn"":""1267700239839"",""name"":""ООО \""ГАЛС-РЕЗЕРВ\"""",""registrationDate"":{""$date"":""2026-07-15T21:00:00.000Z""},""authPersonName"":""ЦЫГАНКОВ ДЕНИС АЛЕКСЕЕВИЧ"",""authPersonPosition"":""ГЕНЕРАЛЬНЫЙ ДИРЕКТОР""}"
3c73b78d-627b-54a5-ad04-e5fae7fae666,9705152496,9705152496,related_company,8,"ООО ""ГАЛС-ПРОФ""",7705560491,1037739843811,related_company,,,,,,,,2003-08-31T20:00:00.000Z,,,,,,,"{""inn"":""7705560491"",""ogrn"":""1037739843811"",""name"":""ООО \""ГАЛС-ПРОФ\"""",""registrationDate"":{""$date"":""2003-08-31T20:00:00.000Z""},""parentOrganizations"":[{""inn"":""9705138170"",""ogrn"":""1197746635580"",""fullName"":""ОБЩЕСТВО С ОГРАНИЧЕННОЙ ОТВЕТСТВЕННОСТЬЮ \""ГАЛС-ДЕВЕЛОПМЕНТ\"""",""parentDate"":{""$date"":""2022-05-17T21:00:00.000Z""}}]}"
3c73b78d-627b-54a5-ad04-e5fae7fae666,9705152496,7705560491,related_parent_organization,0,"ОБЩЕСТВО С ОГРАНИЧЕННОЙ ОТВЕТСТВЕННОСТЬЮ ""ГАЛС-ДЕВЕЛОПМЕНТ""",9705138170,1197746635580,parent_of_related_company,,,,,,2022-05-17T21:00:00.000Z,,,,,,,,,"{""inn"":""9705138170"",""ogrn"":""1197746635580"",""fullName"":""ОБЩЕСТВО С ОГРАНИЧЕННОЙ ОТВЕТСТВЕННОСТЬЮ \""ГАЛС-ДЕВЕЛОПМЕНТ\"""",""parentDate"":{""$date"":""2022-05-17T21:00:00.000Z""}}"
3c73b78d-627b-54a5-ad04-e5fae7fae666,9705152496,9705152496,related_company,9,"ООО ""ГАЛС-ИНДУСТРИЯ 2""",9714006580,1237700206248,related_company,,,,,,,,2023-03-15T21:00:00.000Z,,,,,ЛАЗАРЕВ ВАСИЛИЙ ВИКТОРОВИЧ,ГЕНЕРАЛЬНЫЙ ДИРЕКТОР,"{""inn"":""9714006580"",""ogrn"":""1237700206248"",""name"":""ООО \""ГАЛС-ИНДУСТРИЯ 2\"""",""registrationDate"":{""$date"":""2023-03-15T21:00:00.000Z""},""authPersonName"":""ЛАЗАРЕВ ВАСИЛИЙ ВИКТОРОВИЧ"",""authPersonPosition"":""ГЕНЕРАЛЬНЫЙ ДИРЕКТОР""}"
3c73b78d-627b-54a5-ad04-e5fae7fae666,9705152496,9705152496,related_company,10,"ООО ""СЗ ""ГАЛС-НОВОПЕТРОВСКИЙ""",7743365477,1217700394867,related_company,,,,,,,,2021-08-23T21:00:00.000Z,,,,,КУНДЕЛЬСКИЙ АНДРЕЙ ИВАНОВИЧ,ГЕНЕРАЛЬНЫЙ ДИРЕКТОР,"{""inn"":""7743365477"",""ogrn"":""1217700394867"",""name"":""ООО \""СЗ \""ГАЛС-НОВОПЕТРОВСКИЙ\"""",""registrationDate"":{""$date"":""2021-08-23T21:00:00.000Z""},""authPersonName"":""КУНДЕЛЬСКИЙ АНДРЕЙ ИВАНОВИЧ"",""authPersonPosition"":""ГЕНЕРАЛЬНЫЙ ДИРЕКТОР""}"
3c73b78d-627b-54a5-ad04-e5fae7fae666,9705152496,9705152496,related_company,11,"ООО ""ГАЛС-НОВОДАНИЛОВСКАЯ""",9714016147,1237700515260,related_company,,,,,,,,2023-08-01T21:00:00.000Z,,,,,ЦЫГАНКОВ ДЕНИС АЛЕКСЕЕВИЧ,ГЕНЕРАЛЬНЫЙ ДИРЕКТОР,"{""inn"":""9714016147"",""ogrn"":""1237700515260"",""name"":""ООО \""ГАЛС-НОВОДАНИЛОВСКАЯ\"""",""registrationDate"":{""$date"":""2023-08-01T21:00:00.000Z""},""authPersonName"":""ЦЫГАНКОВ ДЕНИС АЛЕКСЕЕВИЧ"",""authPersonPosition"":""ГЕНЕРАЛЬНЫЙ ДИРЕКТОР""}"
3c73b78d-627b-54a5-ad04-e5fae7fae666,9705152496,9705152496,related_company,12,"АО ""ИРТ""",7705678285,1057747677822,related_company,,,,,,,,2005-08-02T20:00:00.000Z,,,,,,,"{""inn"":""7705678285"",""ogrn"":""1057747677822"",""name"":""АО \""ИРТ\"""",""registrationDate"":{""$date"":""2005-08-02T20:00:00.000Z""},""parentOrganizations"":[{""inn"":""9705138170"",""ogrn"":""1197746635580"",""fullName"":""ОБЩЕСТВО С ОГРАНИЧЕННОЙ ОТВЕТСТВЕННОСТЬЮ \""ГАЛС-ДЕВЕЛОПМЕНТ\"""",""parentDate"":{""$date"":""2021-09-19T21:00:00.000Z""}}]}"
3c73b78d-627b-54a5-ad04-e5fae7fae666,9705152496,7705678285,related_parent_organization,0,"ОБЩЕСТВО С ОГРАНИЧЕННОЙ ОТВЕТСТВЕННОСТЬЮ ""ГАЛС-ДЕВЕЛОПМЕНТ""",9705138170,1197746635580,parent_of_related_company,,,,,,2021-09-19T21:00:00.000Z,,,,,,,,,"{""inn"":""9705138170"",""ogrn"":""1197746635580"",""fullName"":""ОБЩЕСТВО С ОГРАНИЧЕННОЙ ОТВЕТСТВЕННОСТЬЮ \""ГАЛС-ДЕВЕЛОПМЕНТ\"""",""parentDate"":{""$date"":""2021-09-19T21:00:00.000Z""}}"
3c73b78d-627b-54a5-ad04-e5fae7fae666,9705152496,9705152496,related_company,13,"ООО ""ДОХОДНЫЕ ИНВЕСТИЦИИ-2""",9704026019,1207700275089,related_company,,,,,,,,2020-08-04T21:00:00.000Z,,,,,ЗАХАРОВ АНДРЕЙ ВЯЧЕСЛАВОВИЧ,ГЕНЕРАЛЬНЫЙ ДИРЕКТОР,"{""inn"":""9704026019"",""ogrn"":""1207700275089"",""name"":""ООО \""ДОХОДНЫЕ ИНВЕСТИЦИИ-2\"""",""registrationDate"":{""$date"":""2020-08-04T21:00:00.000Z""},""authPersonName"":""ЗАХАРОВ АНДРЕЙ ВЯЧЕСЛАВОВИЧ"",""authPersonPosition"":""ГЕНЕРАЛЬНЫЙ ДИРЕКТОР""}"
3c73b78d-627b-54a5-ad04-e5fae7fae666,9705152496,9705152496,related_company,14,"ООО ""ГК""",9714048029,1247700335871,related_company,,,,,,,,2024-04-22T21:00:00.000Z,,,,,КАРЕЛОВ АЛЕКСЕЙ БОРИСОВИЧ,ГЕНЕРАЛЬНЫЙ ДИРЕКТОР,"{""inn"":""9714048029"",""ogrn"":""1247700335871"",""name"":""ООО \""ГК\"""",""registrationDate"":{""$date"":""2024-04-22T21:00:00.000Z""},""authPersonName"":""КАРЕЛОВ АЛЕКСЕЙ БОРИСОВИЧ"",""authPersonPosition"":""ГЕНЕРАЛЬНЫЙ ДИРЕКТОР""}"
3c73b78d-627b-54a5-ad04-e5fae7fae666,9705152496,9705152496,related_company,15,"ООО ""ВОЙКОВСКАЯ""",7743265384,1187746682210,related_company,,,,,,,,2018-07-15T21:00:00.000Z,,,,,ШИТИКОВА ВИКТОРИЯ АЛЕКСАНДРОВНА,ГЕНЕРАЛЬНЫЙ ДИРЕКТОР,"{""inn"":""7743265384"",""ogrn"":""1187746682210"",""name"":""ООО \""ВОЙКОВСКАЯ\"""",""registrationDate"":{""$date"":""2018-07-15T21:00:00.000Z""},""authPersonName"":""ШИТИКОВА ВИКТОРИЯ АЛЕКСАНДРОВНА"",""authPersonPosition"":""ГЕНЕРАЛЬНЫЙ ДИРЕКТОР""}"
3c73b78d-627b-54a5-ad04-e5fae7fae666,9705152496,9705152496,related_company,16,"АО ""УК ""ОТЕЛЬ МЕНЕДЖМЕНТ""",7709656042,1067746158611,related_company,,,,,,,,2006-01-29T21:00:00.000Z,,,,,КАРЕЛОВ АЛЕКСЕЙ БОРИСОВИЧ,ГЕНЕРАЛЬНЫЙ ДИРЕКТОР,"{""inn"":""7709656042"",""ogrn"":""1067746158611"",""name"":""АО \""УК \""ОТЕЛЬ МЕНЕДЖМЕНТ\"""",""registrationDate"":{""$date"":""2006-01-29T21:00:00.000Z""},""authPersonName"":""КАРЕЛОВ АЛЕКСЕЙ БОРИСОВИЧ"",""authPersonPosition"":""ГЕНЕРАЛЬНЫЙ ДИРЕКТОР""}"
3c73b78d-627b-54a5-ad04-e5fae7fae666,9705152496,9705152496,related_company,17,"ООО ""ПЕРСПЕКТИВА""",9714059359,1247700627063,related_company,,,,,,,,2024-09-19T21:00:00.000Z,,,,,ЦЫГАНКОВ ДЕНИС АЛЕКСЕЕВИЧ,ГЕНЕРАЛЬНЫЙ ДИРЕКТОР,"{""inn"":""9714059359"",""ogrn"":""1247700627063"",""name"":""ООО \""ПЕРСПЕКТИВА\"""",""registrationDate"":{""$date"":""2024-09-19T21:00:00.000Z""},""authPersonName"":""ЦЫГАНКОВ ДЕНИС АЛЕКСЕЕВИЧ"",""authPersonPosition"":""ГЕНЕРАЛЬНЫЙ ДИРЕКТОР""}"
3c73b78d-627b-54a5-ad04-e5fae7fae666,9705152496,9705152496,related_company,18,"ООО ""СПЕЦИАЛИЗИРОВАННЫЙ ЗАСТРОЙЩИК ""ГАЛС-КОСМОДАМИАНСКАЯ""",9705141021,1207700019636,related_company,,,,,,,,2020-01-22T21:00:00.000Z,,,,,ЛЕОНОВ ВЯЧЕСЛАВ ВЛАДИМИРОВИЧ,ГЕНЕРАЛЬНЫЙ ДИРЕКТОР,"{""inn"":""9705141021"",""ogrn"":""1207700019636"",""name"":""ООО \""СПЕЦИАЛИЗИРОВАННЫЙ ЗАСТРОЙЩИК \""ГАЛС-КОСМОДАМИАНСКАЯ\"""",""registrationDate"":{""$date"":""2020-01-22T21:00:00.000Z""},""authPersonName"":""ЛЕОНОВ ВЯЧЕСЛАВ ВЛАДИМИРОВИЧ"",""authPersonPosition"":""ГЕНЕРАЛЬНЫЙ ДИРЕКТОР""}"
3c73b78d-627b-54a5-ad04-e5fae7fae666,9705152496,9705152496,related_company,19,"ООО ""СЗ ""ГАЛС-ФРИДРИХА ЭНГЕЛЬСА""",7714476782,1217700458139,related_company,,,,,,,,2021-09-27T21:00:00.000Z,,,,,МАЙОРОВ ЛЕОНИД ЛЕОНИДОВИЧ,ГЕНЕРАЛЬНЫЙ ДИРЕКТОР,"{""inn"":""7714476782"",""ogrn"":""1217700458139"",""name"":""ООО \""СЗ \""ГАЛС-ФРИДРИХА ЭНГЕЛЬСА\"""",""registrationDate"":{""$date"":""2021-09-27T21:00:00.000Z""},""authPersonName"":""МАЙОРОВ ЛЕОНИД ЛЕОНИДОВИЧ"",""authPersonPosition"":""ГЕНЕРАЛЬНЫЙ ДИРЕКТОР""}"
3c73b78d-627b-54a5-ad04-e5fae7fae666,9705152496,9705152496,related_company,20,"ООО ""СЗ ""ГАЛС-ШЛЮЗОВАЯ""",9705211180,1237700744005,related_company,,,,,,,,2023-10-31T21:00:00.000Z,,,,,ЖЕЛТЯКОВ ВЛАДИМИР АЛЕКСАНДРОВИЧ,ГЕНЕРАЛЬНЫЙ ДИРЕКТОР,"{""inn"":""9705211180"",""ogrn"":""1237700744005"",""name"":""ООО \""СЗ \""ГАЛС-ШЛЮЗОВАЯ\"""",""registrationDate"":{""$date"":""2023-10-31T21:00:00.000Z""},""authPersonName"":""ЖЕЛТЯКОВ ВЛАДИМИР АЛЕКСАНДРОВИЧ"",""authPersonPosition"":""ГЕНЕРАЛЬНЫЙ ДИРЕКТОР""}"
3c73b78d-627b-54a5-ad04-e5fae7fae666,9705152496,9705152496,related_company,21,"ООО ""ВИЛЛА В БЕРЕЗКАХ""",7714477666,1217700508640,related_company,,,,,,,,2021-10-21T21:00:00.000Z,,,,,МУХИН АНДРЕЙ АНАТОЛЬЕВИЧ,ГЕНЕРАЛЬНЫЙ ДИРЕКТОР,"{""inn"":""7714477666"",""ogrn"":""1217700508640"",""name"":""ООО \""ВИЛЛА В БЕРЕЗКАХ\"""",""registrationDate"":{""$date"":""2021-10-21T21:00:00.000Z""},""authPersonName"":""МУХИН АНДРЕЙ АНАТОЛЬЕВИЧ"",""authPersonPosition"":""ГЕНЕРАЛЬНЫЙ ДИРЕКТОР""}"
3c73b78d-627b-54a5-ad04-e5fae7fae666,9705152496,9705152496,related_company,22,"ООО ""ГАЛС-ПРОЕКТ""",7714477151,1217700481613,related_company,,,,,,,,2021-10-10T21:00:00.000Z,,,,,ЦЫГАНКОВ ДЕНИС АЛЕКСЕЕВИЧ,ГЕНЕРАЛЬНЫЙ ДИРЕКТОР,"{""inn"":""7714477151"",""ogrn"":""1217700481613"",""name"":""ООО \""ГАЛС-ПРОЕКТ\"""",""registrationDate"":{""$date"":""2021-10-10T21:00:00.000Z""},""authPersonName"":""ЦЫГАНКОВ ДЕНИС АЛЕКСЕЕВИЧ"",""authPersonPosition"":""ГЕНЕРАЛЬНЫЙ ДИРЕКТОР""}"
3c73b78d-627b-54a5-ad04-e5fae7fae666,9705152496,9705152496,related_company,23,"ООО ""ГАЛС-ИСЛАВСКОЕ""",9714006082,1237700186503,related_company,,,,,,,,2023-03-08T21:00:00.000Z,,,,,,,"{""inn"":""9714006082"",""ogrn"":""1237700186503"",""name"":""ООО \""ГАЛС-ИСЛАВСКОЕ\"""",""registrationDate"":{""$date"":""2023-03-08T21:00:00.000Z""},""parentOrganizations"":[{""inn"":""9705138170"",""ogrn"":""1197746635580"",""fullName"":""ОБЩЕСТВО С ОГРАНИЧЕННОЙ ОТВЕТСТВЕННОСТЬЮ \""ГАЛС-ДЕВЕЛОПМЕНТ\"""",""parentDate"":{""$date"":""2025-09-02T21:00:00.000Z""}}]}"
3c73b78d-627b-54a5-ad04-e5fae7fae666,9705152496,9714006082,related_parent_organization,0,"ОБЩЕСТВО С ОГРАНИЧЕННОЙ ОТВЕТСТВЕННОСТЬЮ ""ГАЛС-ДЕВЕЛОПМЕНТ""",9705138170,1197746635580,parent_of_related_company,,,,,,2025-09-02T21:00:00.000Z,,,,,,,,,"{""inn"":""9705138170"",""ogrn"":""1197746635580"",""fullName"":""ОБЩЕСТВО С ОГРАНИЧЕННОЙ ОТВЕТСТВЕННОСТЬЮ \""ГАЛС-ДЕВЕЛОПМЕНТ\"""",""parentDate"":{""$date"":""2025-09-02T21:00:00.000Z""}}"
3c73b78d-627b-54a5-ad04-e5fae7fae666,9705152496,9705152496,related_company,24,"АО ""ПРОМРЕСУРС""",7728600260,1067759408716,related_company,,,,,,,,2006-11-08T21:00:00.000Z,,,,,,,"{""inn"":""7728600260"",""ogrn"":""1067759408716"",""name"":""АО \""ПРОМРЕСУРС\"""",""registrationDate"":{""$date"":""2006-11-08T21:00:00.000Z""},""parentOrganizations"":[{""inn"":""9705138170"",""ogrn"":""1197746635580"",""fullName"":""ОБЩЕСТВО С ОГРАНИЧЕННОЙ ОТВЕТСТВЕННОСТЬЮ \""ГАЛС-ДЕВЕЛОПМЕНТ\"""",""parentDate"":{""$date"":""2021-09-19T21:00:00.000Z""}}]}"
3c73b78d-627b-54a5-ad04-e5fae7fae666,9705152496,7728600260,related_parent_organization,0,"ОБЩЕСТВО С ОГРАНИЧЕННОЙ ОТВЕТСТВЕННОСТЬЮ ""ГАЛС-ДЕВЕЛОПМЕНТ""",9705138170,1197746635580,parent_of_related_company,,,,,,2021-09-19T21:00:00.000Z,,,,,,,,,"{""inn"":""9705138170"",""ogrn"":""1197746635580"",""fullName"":""ОБЩЕСТВО С ОГРАНИЧЕННОЙ ОТВЕТСТВЕННОСТЬЮ \""ГАЛС-ДЕВЕЛОПМЕНТ\"""",""parentDate"":{""$date"":""2021-09-19T21:00:00.000Z""}}"
3c73b78d-627b-54a5-ad04-e5fae7fae666,9705152496,9705152496,related_company,25,"ООО ""ГАЛС-ЦИФРА""",7714484945,1227700251503,related_company,,,,,,,,2022-04-27T21:00:00.000Z,,,,,ЧЕРНУХА АНДРЕЙ ВИКТОРОВИЧ,ГЕНЕРАЛЬНЫЙ ДИРЕКТОР,"{""inn"":""7714484945"",""ogrn"":""1227700251503"",""name"":""ООО \""ГАЛС-ЦИФРА\"""",""registrationDate"":{""$date"":""2022-04-27T21:00:00.000Z""},""authPersonName"":""ЧЕРНУХА АНДРЕЙ ВИКТОРОВИЧ"",""authPersonPosition"":""ГЕНЕРАЛЬНЫЙ ДИРЕКТОР""}"
3c73b78d-627b-54a5-ad04-e5fae7fae666,9705152496,9705152496,related_company,26,"ООО ""ЦДМ ТОРГОВЛЯ""",9702041572,1227700153735,related_company,,,,,,,,2022-03-20T21:00:00.000Z,,,,,ФАРНИЕВА СВЕТЛАНА ХЕТАГОВНА,ГЕНЕРАЛЬНЫЙ ДИРЕКТОР,"{""inn"":""9702041572"",""ogrn"":""1227700153735"",""name"":""ООО \""ЦДМ ТОРГОВЛЯ\"""",""registrationDate"":{""$date"":""2022-03-20T21:00:00.000Z""},""authPersonName"":""ФАРНИЕВА СВЕТЛАНА ХЕТАГОВНА"",""authPersonPosition"":""ГЕНЕРАЛЬНЫЙ ДИРЕКТОР""}"
3c73b78d-627b-54a5-ad04-e5fae7fae666,9705152496,9705152496,related_company,27,"ООО ""ГАЛС-АКТИВ""",9714092571,1267700187105,related_company,,,,,,,,2026-05-31T21:00:00.000Z,,,,,ЦЫГАНКОВ ДЕНИС АЛЕКСЕЕВИЧ,ГЕНЕРАЛЬНЫЙ ДИРЕКТОР,"{""inn"":""9714092571"",""ogrn"":""1267700187105"",""name"":""ООО \""ГАЛС-АКТИВ\"""",""registrationDate"":{""$date"":""2026-05-31T21:00:00.000Z""},""authPersonName"":""ЦЫГАНКОВ ДЕНИС АЛЕКСЕЕВИЧ"",""authPersonPosition"":""ГЕНЕРАЛЬНЫЙ ДИРЕКТОР""}"
3c73b78d-627b-54a5-ad04-e5fae7fae666,9705152496,9705152496,related_company,28,"ООО ""БАССЕЙН В БЕРЕЗКАХ""",7714477673,1217700508695,related_company,,,,,,,,2021-10-21T21:00:00.000Z,,,,,ЛИСИНА ЕВГЕНИЯ ВАСИЛЬЕВНА,ГЕНЕРАЛЬНЫЙ ДИРЕКТОР,"{""inn"":""7714477673"",""ogrn"":""1217700508695"",""name"":""ООО \""БАССЕЙН В БЕРЕЗКАХ\"""",""registrationDate"":{""$date"":""2021-10-21T21:00:00.000Z""},""authPersonName"":""ЛИСИНА ЕВГЕНИЯ ВАСИЛЬЕВНА"",""authPersonPosition"":""ГЕНЕРАЛЬНЫЙ ДИРЕКТОР""}"
3c73b78d-627b-54a5-ad04-e5fae7fae666,9705152496,9705152496,related_company,29,"ООО ""СЗ ""ГАЛС-СТАРОПЕТРОВСКИЙ""",7743464703,1257700039805,related_company,,,,,,,,2025-01-30T21:00:00.000Z,,,,,КИБИШЕВ МАКСИМ ВЯЧЕСЛАВОВИЧ,ГЕНЕРАЛЬНЫЙ ДИРЕКТОР,"{""inn"":""7743464703"",""ogrn"":""1257700039805"",""name"":""ООО \""СЗ \""ГАЛС-СТАРОПЕТРОВСКИЙ\"""",""registrationDate"":{""$date"":""2025-01-30T21:00:00.000Z""},""authPersonName"":""КИБИШЕВ МАКСИМ ВЯЧЕСЛАВОВИЧ"",""authPersonPosition"":""ГЕНЕРАЛЬНЫЙ ДИРЕКТОР""}"
3c73b78d-627b-54a5-ad04-e5fae7fae666,9705152496,9705152496,related_company,30,"ООО ""РЕМСТРОЙТРЕСТ-701""",7714487858,1227700386583,related_company,,,,,,,,2022-06-30T21:00:00.000Z,,,,,ЩЕРБАКОВ СЕРГЕЙ АЛЕКСЕЕВИЧ,ГЕНЕРАЛЬНЫЙ ДИРЕКТОР,"{""inn"":""7714487858"",""ogrn"":""1227700386583"",""name"":""ООО \""РЕМСТРОЙТРЕСТ-701\"""",""registrationDate"":{""$date"":""2022-06-30T21:00:00.000Z""},""authPersonName"":""ЩЕРБАКОВ СЕРГЕЙ АЛЕКСЕЕВИЧ"",""authPersonPosition"":""ГЕНЕРАЛЬНЫЙ ДИРЕКТОР""}"
3c73b78d-627b-54a5-ad04-e5fae7fae666,9705152496,9705152496,related_company,31,"ООО ""ГАЛС-УЛИЦА НИКУЛИНА""",9705143999,1207700168576,related_company,,,,,,,,2020-05-18T21:00:00.000Z,,,,,АРЖЕВИКИН АНДРЕЙ ВИКТОРОВИЧ,ГЕНЕРАЛЬНЫЙ ДИРЕКТОР,"{""inn"":""9705143999"",""ogrn"":""1207700168576"",""name"":""ООО \""ГАЛС-УЛИЦА НИКУЛИНА\"""",""registrationDate"":{""$date"":""2020-05-18T21:00:00.000Z""},""authPersonName"":""АРЖЕВИКИН АНДРЕЙ ВИКТОРОВИЧ"",""authPersonPosition"":""ГЕНЕРАЛЬНЫЙ ДИРЕКТОР""}"
3c73b78d-627b-54a5-ad04-e5fae7fae666,9705152496,9705152496,related_company,32,"ООО ""ГЛОБУС НЕДВИЖИМОСТЬ""",7707829170,1147746300570,related_company,,,,,,,,2014-03-19T20:00:00.000Z,,,,,ЦЫГАНКОВ ДЕНИС АЛЕКСЕЕВИЧ,ГЕНЕРАЛЬНЫЙ ДИРЕКТОР,"{""inn"":""7707829170"",""ogrn"":""1147746300570"",""name"":""ООО \""ГЛОБУС НЕДВИЖИМОСТЬ\"""",""registrationDate"":{""$date"":""2014-03-19T20:00:00.000Z""},""authPersonName"":""ЦЫГАНКОВ ДЕНИС АЛЕКСЕЕВИЧ"",""authPersonPosition"":""ГЕНЕРАЛЬНЫЙ ДИРЕКТОР""}"
3c73b78d-627b-54a5-ad04-e5fae7fae666,9705152496,9705152496,related_company,33,"ООО ""СЗ ""ГАЛС-МАСЛОВО""",7714477842,1217700517891,related_company,,,,,,,,2021-10-26T21:00:00.000Z,,,,,ЗУЕВ ИВАН НИКОЛАЕВИЧ,ГЕНЕРАЛЬНЫЙ ДИРЕКТОР,"{""inn"":""7714477842"",""ogrn"":""1217700517891"",""name"":""ООО \""СЗ \""ГАЛС-МАСЛОВО\"""",""registrationDate"":{""$date"":""2021-10-26T21:00:00.000Z""},""authPersonName"":""ЗУЕВ ИВАН НИКОЛАЕВИЧ"",""authPersonPosition"":""ГЕНЕРАЛЬНЫЙ ДИРЕКТОР""}"
3c73b78d-627b-54a5-ad04-e5fae7fae666,9705152496,9705152496,activity,0,,,,main,,71.12.1,"Деятельность, связанная с инженерно-техническим проектированием, управлением проектами строительства, выполнением строительного контроля и авторского надзора",,,,,,,,,,,,"{""code"":""71.12.1"",""description"":""Деятельность, связанная с инженерно-техническим проектированием, управлением проектами строительства, выполнением строительного контроля и авторского надзора""}"
3c73b78d-627b-54a5-ad04-e5fae7fae666,9705152496,9705152496,activity,1,,,,other,,71.12.6,"Деятельность в области технического регулирования, стандартизации, метрологии, аккредитации, каталогизации продукции",,,,,,,,,,,,"{""code"":""71.12.6"",""description"":""Деятельность в области технического регулирования, стандартизации, метрологии, аккредитации, каталогизации продукции""}"
3c73b78d-627b-54a5-ad04-e5fae7fae666,9705152496,9705152496,activity,2,,,,other,,68.10,Покупка и продажа собственного недвижимого имущества,,,,,,,,,,,,"{""code"":""68.10"",""description"":""Покупка и продажа собственного недвижимого имущества""}"
3c73b78d-627b-54a5-ad04-e5fae7fae666,9705152496,9705152496,activity,3,,,,other,,71.12.2,"Деятельность заказчика-застройщика, генерального подрядчика",,,,,,,,,,,,"{""code"":""71.12.2"",""description"":""Деятельность заказчика-застройщика, генерального подрядчика""}"
3c73b78d-627b-54a5-ad04-e5fae7fae666,9705152496,9705152496,activity,4,,,,other,,72.19,Научные исследования и разработки в области естественных и технических наук прочие,,,,,,,,,,,,"{""code"":""72.19"",""description"":""Научные исследования и разработки в области естественных и технических наук прочие""}"
3c73b78d-627b-54a5-ad04-e5fae7fae666,9705152496,9705152496,activity,5,,,,other,,46.49,Торговля оптовая прочими бытовыми товарами,,,,,,,,,,,,"{""code"":""46.49"",""description"":""Торговля оптовая прочими бытовыми товарами""}"
3c73b78d-627b-54a5-ad04-e5fae7fae666,9705152496,9705152496,activity,6,,,,other,,68.20,Аренда и управление собственным или арендованным недвижимым имуществом,,,,,,,,,,,,"{""code"":""68.20"",""description"":""Аренда и управление собственным или арендованным недвижимым имуществом""}"
3c73b78d-627b-54a5-ad04-e5fae7fae666,9705152496,9705152496,activity,7,,,,other,,43.11,Разборка и снос зданий,,,,,,,,,,,,"{""code"":""43.11"",""description"":""Разборка и снос зданий""}"
3c73b78d-627b-54a5-ad04-e5fae7fae666,9705152496,9705152496,activity,8,,,,other,,69.10,Деятельность в области права,,,,,,,,,,,,"{""code"":""69.10"",""description"":""Деятельность в области права""}"
3c73b78d-627b-54a5-ad04-e5fae7fae666,9705152496,9705152496,activity,9,,,,other,,68.31.3,Предоставление консультационных услуг при купле-продаже недвижимого имущества за вознаграждение или на договорной основе,,,,,,,,,,,,"{""code"":""68.31.3"",""description"":""Предоставление консультационных услуг при купле-продаже недвижимого имущества за вознаграждение или на договорной основе""}"
3c73b78d-627b-54a5-ad04-e5fae7fae666,9705152496,9705152496,activity,10,,,,other,,70.22,Консультирование по вопросам коммерческой деятельности и управления,,,,,,,,,,,,"{""code"":""70.22"",""description"":""Консультирование по вопросам коммерческой деятельности и управления""}"
3c73b78d-627b-54a5-ad04-e5fae7fae666,9705152496,9705152496,activity,11,,,,other,,73.20.1,Исследование конъюнктуры рынка,,,,,,,,,,,,"{""code"":""73.20.1"",""description"":""Исследование конъюнктуры рынка""}"
3c73b78d-627b-54a5-ad04-e5fae7fae666,9705152496,9705152496,activity,12,,,,other,,43.99.7,Работы по сборке и монтажу сборных конструкций,,,,,,,,,,,,"{""code"":""43.99.7"",""description"":""Работы по сборке и монтажу сборных конструкций""}"
3c73b78d-627b-54a5-ad04-e5fae7fae666,9705152496,9705152496,activity,13,,,,other,,71.12.5,"Деятельность в области гидрометеорологии и смежных с ней областях, мониторинга состояния окружающей среды, ее загрязнения",,,,,,,,,,,,"{""code"":""71.12.5"",""description"":""Деятельность в области гидрометеорологии и смежных с ней областях, мониторинга состояния окружающей среды, ее загрязнения""}"
3c73b78d-627b-54a5-ad04-e5fae7fae666,9705152496,9705152496,activity,14,,,,other,,68.31.4,Предоставление консультационных услуг по аренде недвижимого имущества за вознаграждение или на договорной основе,,,,,,,,,,,,"{""code"":""68.31.4"",""description"":""Предоставление консультационных услуг по аренде недвижимого имущества за вознаграждение или на договорной основе""}"
3c73b78d-627b-54a5-ad04-e5fae7fae666,9705152496,9705152496,activity,15,,,,other,,63.11.1,Деятельность по созданию и использованию баз данных и информационных ресурсов,,,,,,,,,,,,"{""code"":""63.11.1"",""description"":""Деятельность по созданию и использованию баз данных и информационных ресурсов""}"
3c73b78d-627b-54a5-ad04-e5fae7fae666,9705152496,9705152496,activity,16,,,,other,,43.21,Производство электромонтажных работ,,,,,,,,,,,,"{""code"":""43.21"",""description"":""Производство электромонтажных работ""}"
3c73b78d-627b-54a5-ad04-e5fae7fae666,9705152496,9705152496,activity,17,,,,other,,46.90,Торговля оптовая неспециализированная,,,,,,,,,,,,"{""code"":""46.90"",""description"":""Торговля оптовая неспециализированная""}"
3c73b78d-627b-54a5-ad04-e5fae7fae666,9705152496,9705152496,activity,18,,,,other,,43.12.1,Расчистка территории строительной площадки,,,,,,,,,,,,"{""code"":""43.12.1"",""description"":""Расчистка территории строительной площадки""}"
3c73b78d-627b-54a5-ad04-e5fae7fae666,9705152496,9705152496,activity,19,,,,other,,68.32.2,Управление эксплуатацией нежилого фонда за вознаграждение или на договорной основе,,,,,,,,,,,,"{""code"":""68.32.2"",""description"":""Управление эксплуатацией нежилого фонда за вознаграждение или на договорной основе""}"
3c73b78d-627b-54a5-ad04-e5fae7fae666,9705152496,9705152496,activity,20,,,,other,,64.99,"Предоставление прочих финансовых услуг, кроме услуг по страхованию и пенсионному обеспечению, не включенных в другие группировки",,,,,,,,,,,,"{""code"":""64.99"",""description"":""Предоставление прочих финансовых услуг, кроме услуг по страхованию и пенсионному обеспечению, не включенных в другие группировки""}"
3c73b78d-627b-54a5-ad04-e5fae7fae666,9705152496,9705152496,activity,21,,,,other,,68.31.32,Предоставление консультационных услуг при купле-продаже нежилого недвижимого имущества за вознаграждение или на договорной основе,,,,,,,,,,,,"{""code"":""68.31.32"",""description"":""Предоставление консультационных услуг при купле-продаже нежилого недвижимого имущества за вознаграждение или на договорной основе""}"
3c73b78d-627b-54a5-ad04-e5fae7fae666,9705152496,9705152496,activity,22,,,,other,,69.20,"Деятельность по оказанию услуг в области бухгалтерского учета, по проведению финансового аудита, по налоговому консультированию",,,,,,,,,,,,"{""code"":""69.20"",""description"":""Деятельность по оказанию услуг в области бухгалтерского учета, по проведению финансового аудита, по налоговому консультированию""}"
3c73b78d-627b-54a5-ad04-e5fae7fae666,9705152496,9705152496,activity,23,,,,other,,43.29,Производство прочих строительно-монтажных работ,,,,,,,,,,,,"{""code"":""43.29"",""description"":""Производство прочих строительно-монтажных работ""}"
3c73b78d-627b-54a5-ad04-e5fae7fae666,9705152496,9705152496,activity,24,,,,other,,43.39,Производство прочих отделочных и завершающих работ,,,,,,,,,,,,"{""code"":""43.39"",""description"":""Производство прочих отделочных и завершающих работ""}"
3c73b78d-627b-54a5-ad04-e5fae7fae666,9705152496,9705152496,activity,25,,,,other,,41.20,Строительство жилых и нежилых зданий,,,,,,,,,,,,"{""code"":""41.20"",""description"":""Строительство жилых и нежилых зданий""}"
3c73b78d-627b-54a5-ad04-e5fae7fae666,9705152496,9705152496,activity,26,,,,other,,68.31.42,Предоставление консультационных услуг по аренде нежилого недвижимого имущества за вознаграждение или на договорной основе,,,,,,,,,,,,"{""code"":""68.31.42"",""description"":""Предоставление консультационных услуг по аренде нежилого недвижимого имущества за вознаграждение или на договорной основе""}"
3c73b78d-627b-54a5-ad04-e5fae7fae666,9705152496,9705152496,tax_system,0,Общая система налогообложения,,,tax_system,,ОСНО,,,,,,,,,,,,,"{""fullName"":""Общая система налогообложения"",""shortName"":""ОСНО""}"
20b391d1-468c-5ad9-a033-76474aa2ed16,120705254031,120705254031,activity,0,,,,main,,70.22,Консультирование по вопросам коммерческой деятельности и управления,,,,,,,,,,,,"{""code"":""70.22"",""description"":""Консультирование по вопросам коммерческой деятельности и управления""}"
20b391d1-468c-5ad9-a033-76474aa2ed16,120705254031,120705254031,activity,1,,,,other,,73.11,Деятельность рекламных агентств,,,,,,,,,,,,"{""code"":""73.11"",""description"":""Деятельность рекламных агентств""}"
20b391d1-468c-5ad9-a033-76474aa2ed16,120705254031,120705254031,activity,2,,,,other,,74.10,Деятельность специализированная в области дизайна,,,,,,,,,,,,"{""code"":""74.10"",""description"":""Деятельность специализированная в области дизайна""}"
20b391d1-468c-5ad9-a033-76474aa2ed16,120705254031,120705254031,activity,3,,,,other,,82.30,Деятельность по организации конференций и выставок,,,,,,,,,,,,"{""code"":""82.30"",""description"":""Деятельность по организации конференций и выставок""}"
20b391d1-468c-5ad9-a033-76474aa2ed16,120705254031,120705254031,activity,4,,,,other,,63.11,"Деятельность по обработке данных, предоставление услуг по размещению информации и связанная с этим деятельность",,,,,,,,,,,,"{""code"":""63.11"",""description"":""Деятельность по обработке данных, предоставление услуг по размещению информации и связанная с этим деятельность""}"
20b391d1-468c-5ad9-a033-76474aa2ed16,120705254031,120705254031,activity,5,,,,other,,85.41.99,"Образование дополнительное детей и взрослых прочее, не включенное в другие группировки, кроме деятельности по организации отдыха и оздоровления детей",,,,,,,,,,,,"{""code"":""85.41.99"",""description"":""Образование дополнительное детей и взрослых прочее, не включенное в другие группировки, кроме деятельности по организации отдыха и оздоровления детей""}"
20b391d1-468c-5ad9-a033-76474aa2ed16,120705254031,120705254031,activity,6,,,,other,,62.01,Разработка компьютерного программного обеспечения,,,,,,,,,,,,"{""code"":""62.01"",""description"":""Разработка компьютерного программного обеспечения""}"
20b391d1-468c-5ad9-a033-76474aa2ed16,120705254031,120705254031,activity,7,,,,other,,62.09,"Деятельность, связанная с использованием вычислительной техники и информационных технологий, прочая",,,,,,,,,,,,"{""code"":""62.09"",""description"":""Деятельность, связанная с использованием вычислительной техники и информационных технологий, прочая""}"
20b391d1-468c-5ad9-a033-76474aa2ed16,120705254031,120705254031,activity,8,,,,other,,73.20,Исследование конъюнктуры рынка и изучение общественного мнения,,,,,,,,,,,,"{""code"":""73.20"",""description"":""Исследование конъюнктуры рынка и изучение общественного мнения""}"
20b391d1-468c-5ad9-a033-76474aa2ed16,120705254031,120705254031,activity,9,,,,other,,62.02,Деятельность консультативная и работы в области компьютерных технологий,,,,,,,,,,,,"{""code"":""62.02"",""description"":""Деятельность консультативная и работы в области компьютерных технологий""}"
c74003f6-3186-5bc9-b5c6-210103a5c4a6,9721159668,9721159668,founder,0,МЕЖЕВЫХ ВИКТОРИЯ АНДРЕЕВНА,772874439303,,founder,,,,100,100000,2025-12-07T21:00:00.000Z,True,,,,,,,,"{""name"":""МЕЖЕВЫХ ВИКТОРИЯ АНДРЕЕВНА"",""inn"":""772874439303"",""amount"":100000,""share"":100,""dateFrom"":{""$date"":""2025-12-07T21:00:00.000Z""},""active"":true}"
c74003f6-3186-5bc9-b5c6-210103a5c4a6,9721159668,9721159668,director,0,ДАУТОВА АНАСТАСИЯ АРТУРОВНА,772270625603,,director,ГЕНЕРАЛЬНЫЙ ДИРЕКТОР,,,,,2025-12-07T21:00:00.000Z,,,,,,,,,"{""name"":""ДАУТОВА АНАСТАСИЯ АРТУРОВНА"",""positionName"":""ГЕНЕРАЛЬНЫЙ ДИРЕКТОР"",""inn"":""772270625603"",""positionDate"":{""$date"":""2025-12-07T21:00:00.000Z""}}"
c74003f6-3186-5bc9-b5c6-210103a5c4a6,9721159668,9721159668,related_company,0,"ООО ""ИС""",9723172632,1227700672231,related_company,,,,,,,,2022-10-17T21:00:00.000Z,,,,,АРТАМОНОВА АННА АНАТОЛЬЕВНА,ГЕНЕРАЛЬНЫЙ ДИРЕКТОР,"{""inn"":""9723172632"",""ogrn"":""1227700672231"",""name"":""ООО \""ИС\"""",""registrationDate"":{""$date"":""2022-10-17T21:00:00.000Z""},""authPersonName"":""АРТАМОНОВА АННА АНАТОЛЬЕВНА"",""authPersonPosition"":""ГЕНЕРАЛЬНЫЙ ДИРЕКТОР""}"
c74003f6-3186-5bc9-b5c6-210103a5c4a6,9721159668,9721159668,related_company,1,"ООО ""ТД КАЛИПСО""",9721182240,1227700667776,related_company,,,,,,,,2022-10-16T21:00:00.000Z,,,,,ШИДЛОВСКАЯ МАРИНА ЕВГЕНЬЕВНА,ГЕНЕРАЛЬНЫЙ ДИРЕКТОР,"{""inn"":""9721182240"",""ogrn"":""1227700667776"",""name"":""ООО \""ТД КАЛИПСО\"""",""registrationDate"":{""$date"":""2022-10-16T21:00:00.000Z""},""authPersonName"":""ШИДЛОВСКАЯ МАРИНА ЕВГЕНЬЕВНА"",""authPersonPosition"":""ГЕНЕРАЛЬНЫЙ ДИРЕКТОР""}"
c74003f6-3186-5bc9-b5c6-210103a5c4a6,9721159668,9721159668,related_company,2,"ООО ""ПРОДУКТ-СЕРВИС""",7732512970,1077746283010,related_company,,,,,,,,2007-02-04T21:00:00.000Z,,,,,ЕВТОВИЧ ПЕТРОНИЕ null,ГЕНЕРАЛЬНЫЙ ДИРЕКТОР,"{""inn"":""7732512970"",""ogrn"":""1077746283010"",""name"":""ООО \""ПРОДУКТ-СЕРВИС\"""",""registrationDate"":{""$date"":""2007-02-04T21:00:00.000Z""},""authPersonName"":""ЕВТОВИЧ ПЕТРОНИЕ null"",""authPersonPosition"":""ГЕНЕРАЛЬНЫЙ ДИРЕКТОР""}"
c74003f6-3186-5bc9-b5c6-210103a5c4a6,9721159668,9721159668,related_company,3,"ООО ""НТС""",9704164080,1227700574518,related_company,,,,,,,,2022-09-13T21:00:00.000Z,,,,,САРКИСЯН РОМАН ГЕГАМОВИЧ,ГЕНЕРАЛЬНЫЙ ДИРЕКТОР,"{""inn"":""9704164080"",""ogrn"":""1227700574518"",""name"":""ООО \""НТС\"""",""registrationDate"":{""$date"":""2022-09-13T21:00:00.000Z""},""authPersonName"":""САРКИСЯН РОМАН ГЕГАМОВИЧ"",""authPersonPosition"":""ГЕНЕРАЛЬНЫЙ ДИРЕКТОР""}"
c74003f6-3186-5bc9-b5c6-210103a5c4a6,9721159668,9721159668,related_company,4,"ТСН ""ТСЖ ""ЗЕЛЕНЫЕ ХОЛМЫ""",5047174393,1155047010910,related_company,,,,,,,,2015-09-08T21:00:00.000Z,,,,,ШУМАКОВ АЛЕКСАНДР ИВАНОВИЧ,ПРЕДСЕДАТЕЛЬ ПРАВЛЕНИЯ ТОВАРИЩЕСТВА,"{""inn"":""5047174393"",""ogrn"":""1155047010910"",""name"":""ТСН \""ТСЖ \""ЗЕЛЕНЫЕ ХОЛМЫ\"""",""registrationDate"":{""$date"":""2015-09-08T21:00:00.000Z""},""authPersonName"":""ШУМАКОВ АЛЕКСАНДР ИВАНОВИЧ"",""authPersonPosition"":""ПРЕДСЕДАТЕЛЬ ПРАВЛЕНИЯ ТОВАРИЩЕСТВА""}"
c74003f6-3186-5bc9-b5c6-210103a5c4a6,9721159668,9721159668,related_company,5,"ООО ""ПОСБОН""",5013033242,1035002600313,related_company,,,,,,,,2003-01-04T21:00:00.000Z,,,,,ШАТСКАЯ НАТАЛИЯ СЕРГЕЕВНА,ДИРЕКТОР,"{""inn"":""5013033242"",""ogrn"":""1035002600313"",""name"":""ООО \""ПОСБОН\"""",""registrationDate"":{""$date"":""2003-01-04T21:00:00.000Z""},""authPersonName"":""ШАТСКАЯ НАТАЛИЯ СЕРГЕЕВНА"",""authPersonPosition"":""ДИРЕКТОР""}"
c74003f6-3186-5bc9-b5c6-210103a5c4a6,9721159668,9721159668,related_company,6,"ООО ""ИМПУЛЬС""",7716947204,1207700185880,related_company,,,,,,,,2020-06-07T21:00:00.000Z,,,,,ЛЕТОХОВ СЕРГЕЙ ВАЛЕРЬЕВИЧ,ГЕНЕРАЛЬНЫЙ ДИРЕКТОР,"{""inn"":""7716947204"",""ogrn"":""1207700185880"",""name"":""ООО \""ИМПУЛЬС\"""",""registrationDate"":{""$date"":""2020-06-07T21:00:00.000Z""},""authPersonName"":""ЛЕТОХОВ СЕРГЕЙ ВАЛЕРЬЕВИЧ"",""authPersonPosition"":""ГЕНЕРАЛЬНЫЙ ДИРЕКТОР""}"
c74003f6-3186-5bc9-b5c6-210103a5c4a6,9721159668,9721159668,activity,0,,,,main,,49.42,Предоставление услуг по перевозкам,,,,,,,,,,,,"{""code"":""49.42"",""description"":""Предоставление услуг по перевозкам""}"
c74003f6-3186-5bc9-b5c6-210103a5c4a6,9721159668,9721159668,activity,1,,,,other,,46.38.2,Торговля оптовая прочими пищевыми продуктами,,,,,,,,,,,,"{""code"":""46.38.2"",""description"":""Торговля оптовая прочими пищевыми продуктами""}"
c74003f6-3186-5bc9-b5c6-210103a5c4a6,9721159668,9721159668,activity,2,,,,other,,46.36,"Торговля оптовая сахаром, шоколадом и сахаристыми кондитерскими изделиями",,,,,,,,,,,,"{""code"":""46.36"",""description"":""Торговля оптовая сахаром, шоколадом и сахаристыми кондитерскими изделиями""}"
c74003f6-3186-5bc9-b5c6-210103a5c4a6,9721159668,9721159668,activity,3,,,,other,,47.81,"Торговля розничная в нестационарных торговых объектах и на рынках пищевыми продуктами, напитками и табачной продукцией",,,,,,,,,,,,"{""code"":""47.81"",""description"":""Торговля розничная в нестационарных торговых объектах и на рынках пищевыми продуктами, напитками и табачной продукцией""}"
c74003f6-3186-5bc9-b5c6-210103a5c4a6,9721159668,9721159668,activity,4,,,,other,,47.22,Торговля розничная мясом и мясными продуктами в специализированных магазинах,,,,,,,,,,,,"{""code"":""47.22"",""description"":""Торговля розничная мясом и мясными продуктами в специализированных магазинах""}"
c74003f6-3186-5bc9-b5c6-210103a5c4a6,9721159668,9721159668,activity,5,,,,other,,46.31,Торговля оптовая фруктами и овощами,,,,,,,,,,,,"{""code"":""46.31"",""description"":""Торговля оптовая фруктами и овощами""}"
c74003f6-3186-5bc9-b5c6-210103a5c4a6,9721159668,9721159668,activity,6,,,,other,,46.37,"Торговля оптовая кофе, чаем, какао и пряностями",,,,,,,,,,,,"{""code"":""46.37"",""description"":""Торговля оптовая кофе, чаем, какао и пряностями""}"
c74003f6-3186-5bc9-b5c6-210103a5c4a6,9721159668,9721159668,activity,7,,,,other,,46.39,"Торговля оптовая неспециализированная пищевыми продуктами, напитками и табачными изделиями",,,,,,,,,,,,"{""code"":""46.39"",""description"":""Торговля оптовая неспециализированная пищевыми продуктами, напитками и табачными изделиями""}"
c74003f6-3186-5bc9-b5c6-210103a5c4a6,9721159668,9721159668,activity,8,,,,other,,47.26,Торговля розничная табачными изделиями в специализированных магазинах,,,,,,,,,,,,"{""code"":""47.26"",""description"":""Торговля розничная табачными изделиями в специализированных магазинах""}"
c74003f6-3186-5bc9-b5c6-210103a5c4a6,9721159668,9721159668,activity,9,,,,other,,47.91,Торговля розничная по почте или по информационно-коммуникационной сети Интернет,,,,,,,,,,,,"{""code"":""47.91"",""description"":""Торговля розничная по почте или по информационно-коммуникационной сети Интернет""}"
c74003f6-3186-5bc9-b5c6-210103a5c4a6,9721159668,9721159668,activity,10,,,,other,,46.32,Торговля оптовая мясом и мясными продуктами,,,,,,,,,,,,"{""code"":""46.32"",""description"":""Торговля оптовая мясом и мясными продуктами""}"
c74003f6-3186-5bc9-b5c6-210103a5c4a6,9721159668,9721159668,activity,11,,,,other,,47.21,Торговля розничная фруктами и овощами в специализированных магазинах,,,,,,,,,,,,"{""code"":""47.21"",""description"":""Торговля розничная фруктами и овощами в специализированных магазинах""}"
c74003f6-3186-5bc9-b5c6-210103a5c4a6,9721159668,9721159668,activity,12,,,,other,,47.29,Торговля розничная прочими пищевыми продуктами в специализированных магазинах,,,,,,,,,,,,"{""code"":""47.29"",""description"":""Торговля розничная прочими пищевыми продуктами в специализированных магазинах""}"
c74003f6-3186-5bc9-b5c6-210103a5c4a6,9721159668,9721159668,activity,13,,,,other,,46.35,Торговля оптовая табачными изделиями,,,,,,,,,,,,"{""code"":""46.35"",""description"":""Торговля оптовая табачными изделиями""}"
c74003f6-3186-5bc9-b5c6-210103a5c4a6,9721159668,9721159668,activity,14,,,,other,,47.25,Торговля розничная напитками в специализированных магазинах,,,,,,,,,,,,"{""code"":""47.25"",""description"":""Торговля розничная напитками в специализированных магазинах""}"
c74003f6-3186-5bc9-b5c6-210103a5c4a6,9721159668,9721159668,activity,15,,,,other,,46.34,Торговля оптовая напитками,,,,,,,,,,,,"{""code"":""46.34"",""description"":""Торговля оптовая напитками""}"
c74003f6-3186-5bc9-b5c6-210103a5c4a6,9721159668,9721159668,activity,16,,,,other,,47.23,"Торговля розничная рыбой, ракообразными и моллюсками в специализированных магазинах",,,,,,,,,,,,"{""code"":""47.23"",""description"":""Торговля розничная рыбой, ракообразными и моллюсками в специализированных магазинах""}"
c74003f6-3186-5bc9-b5c6-210103a5c4a6,9721159668,9721159668,activity,17,,,,other,,46.33,"Торговля оптовая молочными продуктами, яйцами и пищевыми маслами и жирами",,,,,,,,,,,,"{""code"":""46.33"",""description"":""Торговля оптовая молочными продуктами, яйцами и пищевыми маслами и жирами""}"
c74003f6-3186-5bc9-b5c6-210103a5c4a6,9721159668,9721159668,activity,18,,,,other,,47.24,Торговля розничная хлебом и хлебобулочными изделиями и кондитерскими изделиями в специализированных магазинах,,,,,,,,,,,,"{""code"":""47.24"",""description"":""Торговля розничная хлебом и хлебобулочными изделиями и кондитерскими изделиями в специализированных магазинах""}"
c74003f6-3186-5bc9-b5c6-210103a5c4a6,9721159668,9721159668,activity,19,,,,other,,47.99,"Торговля розничная прочая вне магазинов, палаток, рынков",,,,,,,,,,,,"{""code"":""47.99"",""description"":""Торговля розничная прочая вне магазинов, палаток, рынков""}"
c74003f6-3186-5bc9-b5c6-210103a5c4a6,9721159668,9721159668,activity,20,,,,other,,46.17,"Деятельность агентов по оптовой торговле пищевыми продуктами, напитками и табачными изделиями",,,,,,,,,,,,"{""code"":""46.17"",""description"":""Деятельность агентов по оптовой торговле пищевыми продуктами, напитками и табачными изделиями""}"
c74003f6-3186-5bc9-b5c6-210103a5c4a6,9721159668,9721159668,activity,21,,,,other,,41.20,Строительство жилых и нежилых зданий,,,,,,,,,,,,"{""code"":""41.20"",""description"":""Строительство жилых и нежилых зданий""}"
c74003f6-3186-5bc9-b5c6-210103a5c4a6,9721159668,9721159668,activity,22,,,,other,,45.40,"Торговля мотоциклами, их деталями, узлами и принадлежностями; техническое обслуживание и ремонт мотоциклов",,,,,,,,,,,,"{""code"":""45.40"",""description"":""Торговля мотоциклами, их деталями, узлами и принадлежностями; техническое обслуживание и ремонт мотоциклов""}"
c74003f6-3186-5bc9-b5c6-210103a5c4a6,9721159668,9721159668,activity,23,,,,other,,53.20,Деятельность почтовой связи прочая и курьерская деятельность,,,,,,,,,,,,"{""code"":""53.20"",""description"":""Деятельность почтовой связи прочая и курьерская деятельность""}"
c74003f6-3186-5bc9-b5c6-210103a5c4a6,9721159668,9721159668,activity,24,,,,other,,50.30,Деятельность внутреннего водного пассажирского транспорта,,,,,,,,,,,,"{""code"":""50.30"",""description"":""Деятельность внутреннего водного пассажирского транспорта""}"
c74003f6-3186-5bc9-b5c6-210103a5c4a6,9721159668,9721159668,activity,25,,,,other,,49.32,Деятельность легкового такси и арендованных легковых автомобилей с водителем,,,,,,,,,,,,"{""code"":""49.32"",""description"":""Деятельность легкового такси и арендованных легковых автомобилей с водителем""}"
c74003f6-3186-5bc9-b5c6-210103a5c4a6,9721159668,9721159668,activity,26,,,,other,,46.13,Деятельность агентов по оптовой торговле лесоматериалами и строительными материалами,,,,,,,,,,,,"{""code"":""46.13"",""description"":""Деятельность агентов по оптовой торговле лесоматериалами и строительными материалами""}"
c74003f6-3186-5bc9-b5c6-210103a5c4a6,9721159668,9721159668,activity,27,,,,other,,45.31,"Торговля оптовая автомобильными деталями, узлами и принадлежностями",,,,,,,,,,,,"{""code"":""45.31"",""description"":""Торговля оптовая автомобильными деталями, узлами и принадлежностями""}"
c74003f6-3186-5bc9-b5c6-210103a5c4a6,9721159668,9721159668,activity,28,,,,other,,52.10,Деятельность по складированию и хранению,,,,,,,,,,,,"{""code"":""52.10"",""description"":""Деятельность по складированию и хранению""}"
c74003f6-3186-5bc9-b5c6-210103a5c4a6,9721159668,9721159668,activity,29,,,,other,,49.20.1,Перевозка опасных грузов,,,,,,,,,,,,"{""code"":""49.20.1"",""description"":""Перевозка опасных грузов""}"
c74003f6-3186-5bc9-b5c6-210103a5c4a6,9721159668,9721159668,activity,30,,,,other,,50.40,Деятельность внутреннего водного грузового транспорта,,,,,,,,,,,,"{""code"":""50.40"",""description"":""Деятельность внутреннего водного грузового транспорта""}"
c74003f6-3186-5bc9-b5c6-210103a5c4a6,9721159668,9721159668,activity,31,,,,other,,52.22,"Деятельность вспомогательная, связанная с водным транспортом",,,,,,,,,,,,"{""code"":""52.22"",""description"":""Деятельность вспомогательная, связанная с водным транспортом""}"
c74003f6-3186-5bc9-b5c6-210103a5c4a6,9721159668,9721159668,activity,32,,,,other,,41.10,Разработка строительных проектов,,,,,,,,,,,,"{""code"":""41.10"",""description"":""Разработка строительных проектов""}"
c74003f6-3186-5bc9-b5c6-210103a5c4a6,9721159668,9721159668,activity,33,,,,other,,46.90,Торговля оптовая неспециализированная,,,,,,,,,,,,"{""code"":""46.90"",""description"":""Торговля оптовая неспециализированная""}"
c74003f6-3186-5bc9-b5c6-210103a5c4a6,9721159668,9721159668,activity,34,,,,other,,53.10,Деятельность почтовой связи общего пользования,,,,,,,,,,,,"{""code"":""53.10"",""description"":""Деятельность почтовой связи общего пользования""}"
c74003f6-3186-5bc9-b5c6-210103a5c4a6,9721159668,9721159668,activity,35,,,,other,,45.11,Торговля легковыми автомобилями и грузовыми автомобилями малой грузоподъемности,,,,,,,,,,,,"{""code"":""45.11"",""description"":""Торговля легковыми автомобилями и грузовыми автомобилями малой грузоподъемности""}"
c74003f6-3186-5bc9-b5c6-210103a5c4a6,9721159668,9721159668,activity,36,,,,other,,46.12,"Деятельность агентов по оптовой торговле топливом, рудами, металлами и химическими веществами",,,,,,,,,,,,"{""code"":""46.12"",""description"":""Деятельность агентов по оптовой торговле топливом, рудами, металлами и химическими веществами""}"
c74003f6-3186-5bc9-b5c6-210103a5c4a6,9721159668,9721159668,activity,37,,,,other,,52.21,"Деятельность вспомогательная, связанная с сухопутным транспортом",,,,,,,,,,,,"{""code"":""52.21"",""description"":""Деятельность вспомогательная, связанная с сухопутным транспортом""}"
c74003f6-3186-5bc9-b5c6-210103a5c4a6,9721159668,9721159668,activity,38,,,,other,,52.24,Транспортная обработка грузов,,,,,,,,,,,,"{""code"":""52.24"",""description"":""Транспортная обработка грузов""}"
c74003f6-3186-5bc9-b5c6-210103a5c4a6,9721159668,9721159668,activity,39,,,,other,,52.23,"Деятельность вспомогательная, связанная с воздушным и космическим транспортом",,,,,,,,,,,,"{""code"":""52.23"",""description"":""Деятельность вспомогательная, связанная с воздушным и космическим транспортом""}"
c74003f6-3186-5bc9-b5c6-210103a5c4a6,9721159668,9721159668,activity,40,,,,other,,46.75,Торговля оптовая химическими продуктами,,,,,,,,,,,,"{""code"":""46.75"",""description"":""Торговля оптовая химическими продуктами""}"
c74003f6-3186-5bc9-b5c6-210103a5c4a6,9721159668,9721159668,activity,41,,,,other,,49.20.9,Перевозка прочих грузов,,,,,,,,,,,,"{""code"":""49.20.9"",""description"":""Перевозка прочих грузов""}"
c74003f6-3186-5bc9-b5c6-210103a5c4a6,9721159668,9721159668,activity,42,,,,other,,45.19,Торговля прочими автотранспортными средствами,,,,,,,,,,,,"{""code"":""45.19"",""description"":""Торговля прочими автотранспортными средствами""}"
c74003f6-3186-5bc9-b5c6-210103a5c4a6,9721159668,9721159668,activity,43,,,,other,,45.32,"Торговля розничная автомобильными деталями, узлами и принадлежностями",,,,,,,,,,,,"{""code"":""45.32"",""description"":""Торговля розничная автомобильными деталями, узлами и принадлежностями""}"
c74003f6-3186-5bc9-b5c6-210103a5c4a6,9721159668,9721159668,activity,44,,,,other,,51.21,Деятельность грузового воздушного транспорта,,,,,,,,,,,,"{""code"":""51.21"",""description"":""Деятельность грузового воздушного транспорта""}"
c74003f6-3186-5bc9-b5c6-210103a5c4a6,9721159668,9721159668,activity,45,,,,other,,50.20,Деятельность морского грузового транспорта,,,,,,,,,,,,"{""code"":""50.20"",""description"":""Деятельность морского грузового транспорта""}"
c74003f6-3186-5bc9-b5c6-210103a5c4a6,9721159668,9721159668,activity,46,,,,other,,49.41,Деятельность автомобильного грузового транспорта,,,,,,,,,,,,"{""code"":""49.41"",""description"":""Деятельность автомобильного грузового транспорта""}"
c74003f6-3186-5bc9-b5c6-210103a5c4a6,9721159668,9721159668,tax_system,0,Общая система налогообложения,,,tax_system,,ОСНО,,,,,,,,,,,,,"{""fullName"":""Общая система налогообложения"",""shortName"":""ОСНО""}"
4fb136e4-ddc0-55d5-9e3b-6a251fa89983,666201003180,666201003180,activity,0,,,,main,,46.52,Торговля оптовая электронным и телекоммуникационным оборудованием и его запасными частями,,,,,,,,,,,,"{""code"":""46.52"",""description"":""Торговля оптовая электронным и телекоммуникационным оборудованием и его запасными частями""}"
4fb136e4-ddc0-55d5-9e3b-6a251fa89983,666201003180,666201003180,activity,1,,,,other,,62.03,Деятельность по управлению компьютерным оборудованием,,,,,,,,,,,,"{""code"":""62.03"",""description"":""Деятельность по управлению компьютерным оборудованием""}"
4fb136e4-ddc0-55d5-9e3b-6a251fa89983,666201003180,666201003180,activity,2,,,,other,,82.99,"Деятельность по предоставлению прочих вспомогательных услуг для бизнеса, не включенная в другие группировки",,,,,,,,,,,,"{""code"":""82.99"",""description"":""Деятельность по предоставлению прочих вспомогательных услуг для бизнеса, не включенная в другие группировки""}"
4fb136e4-ddc0-55d5-9e3b-6a251fa89983,666201003180,666201003180,activity,3,,,,other,,82.92,Деятельность по упаковыванию товаров,,,,,,,,,,,,"{""code"":""82.92"",""description"":""Деятельность по упаковыванию товаров""}"
4fb136e4-ddc0-55d5-9e3b-6a251fa89983,666201003180,666201003180,activity,4,,,,other,,58.29,Издание прочих программных продуктов,,,,,,,,,,,,"{""code"":""58.29"",""description"":""Издание прочих программных продуктов""}"
4fb136e4-ddc0-55d5-9e3b-6a251fa89983,666201003180,666201003180,activity,5,,,,other,,62.02,Деятельность консультативная и работы в области компьютерных технологий,,,,,,,,,,,,"{""code"":""62.02"",""description"":""Деятельность консультативная и работы в области компьютерных технологий""}"
4fb136e4-ddc0-55d5-9e3b-6a251fa89983,666201003180,666201003180,activity,6,,,,other,,46.52.3,"Торговля оптовая аудио- и видеомагнитными лентами и дискетами, магнитными и оптическими дисками, компакт-дисками (CD), цифровыми видеодисками (DVD) и прочими техническими носителями информации без записей",,,,,,,,,,,,"{""code"":""46.52.3"",""description"":""Торговля оптовая аудио- и видеомагнитными лентами и дискетами, магнитными и оптическими дисками, компакт-дисками (CD), цифровыми видеодисками (DVD) и прочими техническими носителями информации без записей""}"
4fb136e4-ddc0-55d5-9e3b-6a251fa89983,666201003180,666201003180,activity,7,,,,other,,95.12,Ремонт коммуникационного оборудования,,,,,,,,,,,,"{""code"":""95.12"",""description"":""Ремонт коммуникационного оборудования""}"
4fb136e4-ddc0-55d5-9e3b-6a251fa89983,666201003180,666201003180,activity,8,,,,other,,46.51,"Торговля оптовая компьютерами, периферийными устройствами к компьютерам и программным обеспечением",,,,,,,,,,,,"{""code"":""46.51"",""description"":""Торговля оптовая компьютерами, периферийными устройствами к компьютерам и программным обеспечением""}"
4fb136e4-ddc0-55d5-9e3b-6a251fa89983,666201003180,666201003180,activity,9,,,,other,,82.30,Деятельность по организации конференций и выставок,,,,,,,,,,,,"{""code"":""82.30"",""description"":""Деятельность по организации конференций и выставок""}"
4fb136e4-ddc0-55d5-9e3b-6a251fa89983,666201003180,666201003180,activity,10,,,,other,,46.43.3,"Торговля оптовая грампластинками, аудио- и видеомагнитными лентами, компакт-дисками (CD) и цифровыми видеодисками (DVD) (кроме носителей без записей)",,,,,,,,,,,,"{""code"":""46.43.3"",""description"":""Торговля оптовая грампластинками, аудио- и видеомагнитными лентами, компакт-дисками (CD) и цифровыми видеодисками (DVD) (кроме носителей без записей)""}"
4fb136e4-ddc0-55d5-9e3b-6a251fa89983,666201003180,666201003180,activity,11,,,,other,,95.11,Ремонт компьютеров и периферийного компьютерного оборудования,,,,,,,,,,,,"{""code"":""95.11"",""description"":""Ремонт компьютеров и периферийного компьютерного оборудования""}"
4fb136e4-ddc0-55d5-9e3b-6a251fa89983,666201003180,666201003180,activity,12,,,,other,,18.12,Прочие виды полиграфической деятельности,,,,,,,,,,,,"{""code"":""18.12"",""description"":""Прочие виды полиграфической деятельности""}"
4fb136e4-ddc0-55d5-9e3b-6a251fa89983,666201003180,666201003180,activity,13,,,,other,,18.13,Изготовление печатных форм и подготовительная деятельность,,,,,,,,,,,,"{""code"":""18.13"",""description"":""Изготовление печатных форм и подготовительная деятельность""}"
4fb136e4-ddc0-55d5-9e3b-6a251fa89983,666201003180,666201003180,activity,14,,,,other,,46.49.49,"Торговля оптовая прочими потребительскими товарами, не включенными в другие группировки",,,,,,,,,,,,"{""code"":""46.49.49"",""description"":""Торговля оптовая прочими потребительскими товарами, не включенными в другие группировки""}"
4fb136e4-ddc0-55d5-9e3b-6a251fa89983,666201003180,666201003180,activity,15,,,,other,,62.01,Разработка компьютерного программного обеспечения,,,,,,,,,,,,"{""code"":""62.01"",""description"":""Разработка компьютерного программного обеспечения""}"
4fb136e4-ddc0-55d5-9e3b-6a251fa89983,666201003180,666201003180,activity,16,,,,other,,66.19,"Деятельность вспомогательная прочая в сфере финансовых услуг, кроме страхования и пенсионного обеспечения",,,,,,,,,,,,"{""code"":""66.19"",""description"":""Деятельность вспомогательная прочая в сфере финансовых услуг, кроме страхования и пенсионного обеспечения""}"
4fb136e4-ddc0-55d5-9e3b-6a251fa89983,666201003180,666201003180,activity,17,,,,other,,46.52.2,Торговля оптовая электронным оборудованием и его запасными частями,,,,,,,,,,,,"{""code"":""46.52.2"",""description"":""Торговля оптовая электронным оборудованием и его запасными частями""}"
4fb136e4-ddc0-55d5-9e3b-6a251fa89983,666201003180,666201003180,activity,18,,,,other,,18.14,Деятельность брошюровочно- переплетная и отделочная и сопутствующие услуги,,,,,,,,,,,,"{""code"":""18.14"",""description"":""Деятельность брошюровочно- переплетная и отделочная и сопутствующие услуги""}"
4fb136e4-ddc0-55d5-9e3b-6a251fa89983,666201003180,666201003180,activity,19,,,,other,,46.43.2,"Торговля оптовая радио-, теле- и видеоаппаратурой и аппаратурой для цифровых видеодисков (DVD)",,,,,,,,,,,,"{""code"":""46.43.2"",""description"":""Торговля оптовая радио-, теле- и видеоаппаратурой и аппаратурой для цифровых видеодисков (DVD)""}"
4fb136e4-ddc0-55d5-9e3b-6a251fa89983,666201003180,666201003180,activity,20,,,,other,,46.90,Торговля оптовая неспециализированная,,,,,,,,,,,,"{""code"":""46.90"",""description"":""Торговля оптовая неспециализированная""}"
4fb136e4-ddc0-55d5-9e3b-6a251fa89983,666201003180,666201003180,activity,21,,,,other,,46.52.1,Торговля оптовая телекоммуникационным оборудованием и его запасными частями,,,,,,,,,,,,"{""code"":""46.52.1"",""description"":""Торговля оптовая телекоммуникационным оборудованием и его запасными частями""}"
3acd71e3-f0a3-5027-97f9-5159e331a8a0,3100037306,3100037306,founder,0,ЖЕРНОВСКАЯ ОЛЬГА ЛЕОНИДОВНА,312302972836,,founder,,,,100,11000,2026-04-28T21:00:00.000Z,True,,,,,,,,"{""name"":""ЖЕРНОВСКАЯ ОЛЬГА ЛЕОНИДОВНА"",""inn"":""312302972836"",""amount"":11000,""share"":100,""dateFrom"":{""$date"":""2026-04-28T21:00:00.000Z""},""active"":true}"
3acd71e3-f0a3-5027-97f9-5159e331a8a0,3100037306,3100037306,director,0,ЖЕРНОВСКАЯ ОЛЬГА ЛЕОНИДОВНА,312302972836,,director,ДИРЕКТОР,,,,,2026-03-17T21:00:00.000Z,,,,,,,,,"{""name"":""ЖЕРНОВСКАЯ ОЛЬГА ЛЕОНИДОВНА"",""positionName"":""ДИРЕКТОР"",""inn"":""312302972836"",""positionDate"":{""$date"":""2026-03-17T21:00:00.000Z""}}"
3acd71e3-f0a3-5027-97f9-5159e331a8a0,3100037306,3100037306,related_company,0,ИП ЖЕРНОВСКАЯ ОЛЬГА ЛЕОНИДОВНА,312302972836,324310000013709,related_company,,,,,,,,,,,,,,,"{""inn"":""312302972836"",""ogrn"":""324310000013709"",""name"":""ИП ЖЕРНОВСКАЯ ОЛЬГА ЛЕОНИДОВНА""}"
3acd71e3-f0a3-5027-97f9-5159e331a8a0,3100037306,3100037306,activity,0,,,,main,,46.49,Торговля оптовая прочими бытовыми товарами,,,,,,,,,,,,"{""code"":""46.49"",""description"":""Торговля оптовая прочими бытовыми товарами""}"
3acd71e3-f0a3-5027-97f9-5159e331a8a0,3100037306,3100037306,activity,1,,,,other,,82.99,"Деятельность по предоставлению прочих вспомогательных услуг для бизнеса, не включенная в другие группировки",,,,,,,,,,,,"{""code"":""82.99"",""description"":""Деятельность по предоставлению прочих вспомогательных услуг для бизнеса, не включенная в другие группировки""}"
3acd71e3-f0a3-5027-97f9-5159e331a8a0,3100037306,3100037306,activity,2,,,,other,,46.90,Торговля оптовая неспециализированная,,,,,,,,,,,,"{""code"":""46.90"",""description"":""Торговля оптовая неспециализированная""}"
3acd71e3-f0a3-5027-97f9-5159e331a8a0,3100037306,3100037306,activity,3,,,,other,,43.39,Производство прочих отделочных и завершающих работ,,,,,,,,,,,,"{""code"":""43.39"",""description"":""Производство прочих отделочных и завершающих работ""}"
3acd71e3-f0a3-5027-97f9-5159e331a8a0,3100037306,3100037306,activity,4,,,,other,,43.21,Производство электромонтажных работ,,,,,,,,,,,,"{""code"":""43.21"",""description"":""Производство электромонтажных работ""}"
3acd71e3-f0a3-5027-97f9-5159e331a8a0,3100037306,3100037306,activity,5,,,,other,,43.29,Производство прочих строительно-монтажных работ,,,,,,,,,,,,"{""code"":""43.29"",""description"":""Производство прочих строительно-монтажных работ""}"
3acd71e3-f0a3-5027-97f9-5159e331a8a0,3100037306,3100037306,activity,6,,,,other,,43.22,"Производство санитарно-технических работ, монтаж отопительных систем и систем кондиционирования воздуха",,,,,,,,,,,,"{""code"":""43.22"",""description"":""Производство санитарно-технических работ, монтаж отопительных систем и систем кондиционирования воздуха""}"
3acd71e3-f0a3-5027-97f9-5159e331a8a0,3100037306,3100037306,activity,7,,,,other,,46.71,"Торговля оптовая твердым, жидким и газообразным топливом и подобными продуктами",,,,,,,,,,,,"{""code"":""46.71"",""description"":""Торговля оптовая твердым, жидким и газообразным топливом и подобными продуктами""}"
3acd71e3-f0a3-5027-97f9-5159e331a8a0,3100037306,3100037306,activity,8,,,,other,,46.73,"Торговля оптовая лесоматериалами, строительными материалами и санитарно-техническим оборудованием",,,,,,,,,,,,"{""code"":""46.73"",""description"":""Торговля оптовая лесоматериалами, строительными материалами и санитарно-техническим оборудованием""}"
3acd71e3-f0a3-5027-97f9-5159e331a8a0,3100037306,3100037306,activity,9,,,,other,,81.21,Деятельность по общей уборке зданий,,,,,,,,,,,,"{""code"":""81.21"",""description"":""Деятельность по общей уборке зданий""}"
3acd71e3-f0a3-5027-97f9-5159e331a8a0,3100037306,3100037306,activity,10,,,,other,,81.10,Деятельность по комплексному обслуживанию помещений,,,,,,,,,,,,"{""code"":""81.10"",""description"":""Деятельность по комплексному обслуживанию помещений""}"
3acd71e3-f0a3-5027-97f9-5159e331a8a0,3100037306,3100037306,activity,11,,,,other,,46.51,"Торговля оптовая компьютерами, периферийными устройствами к компьютерам и программным обеспечением",,,,,,,,,,,,"{""code"":""46.51"",""description"":""Торговля оптовая компьютерами, периферийными устройствами к компьютерам и программным обеспечением""}"
3acd71e3-f0a3-5027-97f9-5159e331a8a0,3100037306,3100037306,activity,12,,,,other,,41.20,Строительство жилых и нежилых зданий,,,,,,,,,,,,"{""code"":""41.20"",""description"":""Строительство жилых и нежилых зданий""}"
3acd71e3-f0a3-5027-97f9-5159e331a8a0,3100037306,3100037306,activity,13,,,,other,,46.72,Торговля оптовая металлами и металлическими рудами,,,,,,,,,,,,"{""code"":""46.72"",""description"":""Торговля оптовая металлами и металлическими рудами""}"
3acd71e3-f0a3-5027-97f9-5159e331a8a0,3100037306,3100037306,activity,14,,,,other,,43.99.5,Работы по монтажу стальных строительных конструкций,,,,,,,,,,,,"{""code"":""43.99.5"",""description"":""Работы по монтажу стальных строительных конструкций""}"
3acd71e3-f0a3-5027-97f9-5159e331a8a0,3100037306,3100037306,activity,15,,,,other,,46.69,Торговля оптовая прочими машинами и оборудованием,,,,,,,,,,,,"{""code"":""46.69"",""description"":""Торговля оптовая прочими машинами и оборудованием""}"
3acd71e3-f0a3-5027-97f9-5159e331a8a0,3100037306,3100037306,activity,16,,,,other,,46.62,Торговля оптовая станками,,,,,,,,,,,,"{""code"":""46.62"",""description"":""Торговля оптовая станками""}"
3acd71e3-f0a3-5027-97f9-5159e331a8a0,3100037306,3100037306,activity,17,,,,other,,43.99,"Работы строительные специализированные прочие, не включенные в другие группировки",,,,,,,,,,,,"{""code"":""43.99"",""description"":""Работы строительные специализированные прочие, не включенные в другие группировки""}"
3acd71e3-f0a3-5027-97f9-5159e331a8a0,3100037306,3100037306,activity,18,,,,other,,46.12,"Деятельность агентов по оптовой торговле топливом, рудами, металлами и химическими веществами",,,,,,,,,,,,"{""code"":""46.12"",""description"":""Деятельность агентов по оптовой торговле топливом, рудами, металлами и химическими веществами""}"
3acd71e3-f0a3-5027-97f9-5159e331a8a0,3100037306,3100037306,activity,19,,,,other,,45.31,"Торговля оптовая автомобильными деталями, узлами и принадлежностями",,,,,,,,,,,,"{""code"":""45.31"",""description"":""Торговля оптовая автомобильными деталями, узлами и принадлежностями""}"
3acd71e3-f0a3-5027-97f9-5159e331a8a0,3100037306,3100037306,activity,20,,,,other,,82.92,Деятельность по упаковыванию товаров,,,,,,,,,,,,"{""code"":""82.92"",""description"":""Деятельность по упаковыванию товаров""}"
3acd71e3-f0a3-5027-97f9-5159e331a8a0,3100037306,3100037306,tax_system,0,Общая система налогообложения,,,tax_system,,ОСНО,,,,,,,,,,,,,"{""fullName"":""Общая система налогообложения"",""shortName"":""ОСНО""}"
86d3d016-6766-5c10-ae7a-6b9c3c94a5d5,7813664770,7813664770,founder,0,ПАНИН АЛЕКСЕЙ ИВАНОВИЧ,471907906411,,founder,,,,100,20000,2025-10-07T21:00:00.000Z,True,,,,,,,,"{""name"":""ПАНИН АЛЕКСЕЙ ИВАНОВИЧ"",""inn"":""471907906411"",""amount"":20000,""share"":100,""dateFrom"":{""$date"":""2025-10-07T21:00:00.000Z""},""active"":true}"
86d3d016-6766-5c10-ae7a-6b9c3c94a5d5,7813664770,7813664770,director,0,СМИРНОВА ДАРИНА ВИКТОРОВНА,530202122011,,director,ГЕНЕРАЛЬНЫЙ ДИРЕКТОР,,,,,2025-10-29T21:00:00.000Z,,,,,,,,,"{""name"":""СМИРНОВА ДАРИНА ВИКТОРОВНА"",""positionName"":""ГЕНЕРАЛЬНЫЙ ДИРЕКТОР"",""inn"":""530202122011"",""positionDate"":{""$date"":""2025-10-29T21:00:00.000Z""}}"
86d3d016-6766-5c10-ae7a-6b9c3c94a5d5,7813664770,7813664770,related_company,0,"ООО""ЮКАРИ""",7842224847,1247800090560,related_company,,,,,,,,2024-09-10T21:00:00.000Z,,,,,АХМЕДОВ РАШАД МЕХРАЛИ ОГЛЫ,ГЕНЕРАЛЬНЫЙ ДИРЕКТОР,"{""inn"":""7842224847"",""ogrn"":""1247800090560"",""name"":""ООО\""ЮКАРИ\"""",""registrationDate"":{""$date"":""2024-09-10T21:00:00.000Z""},""authPersonName"":""АХМЕДОВ РАШАД МЕХРАЛИ ОГЛЫ"",""authPersonPosition"":""ГЕНЕРАЛЬНЫЙ ДИРЕКТОР""}"
86d3d016-6766-5c10-ae7a-6b9c3c94a5d5,7813664770,7813664770,related_company,1,ИП СМИРНОВА ДАРИНА ВИКТОРОВНА,530202122011,324784700237975,related_company,,,,,,,,,,,,,,,"{""inn"":""530202122011"",""ogrn"":""324784700237975"",""name"":""ИП СМИРНОВА ДАРИНА ВИКТОРОВНА""}"
86d3d016-6766-5c10-ae7a-6b9c3c94a5d5,7813664770,7813664770,related_company,2,ИП ПАНИН АЛЕКСЕЙ ИВАНОВИЧ,471907906411,324784700027635,related_company,,,,,,,,,,,,,,,"{""inn"":""471907906411"",""ogrn"":""324784700027635"",""name"":""ИП ПАНИН АЛЕКСЕЙ ИВАНОВИЧ""}"
86d3d016-6766-5c10-ae7a-6b9c3c94a5d5,7813664770,7813664770,related_company,3,ИП ПОДГОРБУНСКИХ ЕВГЕНИЙ СТАНИСЛАВОВИЧ,234505317227,325470400084766,related_company,,,,,,,,,,,,,,,"{""inn"":""234505317227"",""ogrn"":""325470400084766"",""name"":""ИП ПОДГОРБУНСКИХ ЕВГЕНИЙ СТАНИСЛАВОВИЧ""}"
86d3d016-6766-5c10-ae7a-6b9c3c94a5d5,7813664770,7813664770,related_company,4,"ООО ""ПРИМО""",2540285227,1242500012402,related_company,,,,,,,,2024-05-21T21:00:00.000Z,,,,,ПУРИКОВ ДМИТРИЙ ВЯЧЕСЛАВОВИЧ,ГЕНЕРАЛЬНЫЙ ДИРЕКТОР,"{""inn"":""2540285227"",""ogrn"":""1242500012402"",""name"":""ООО \""ПРИМО\"""",""registrationDate"":{""$date"":""2024-05-21T21:00:00.000Z""},""authPersonName"":""ПУРИКОВ ДМИТРИЙ ВЯЧЕСЛАВОВИЧ"",""authPersonPosition"":""ГЕНЕРАЛЬНЫЙ ДИРЕКТОР""}"
86d3d016-6766-5c10-ae7a-6b9c3c94a5d5,7813664770,7813664770,activity,0,,,,main,,41.20,Строительство жилых и нежилых зданий,,,,,,,,,,,,"{""code"":""41.20"",""description"":""Строительство жилых и нежилых зданий""}"
86d3d016-6766-5c10-ae7a-6b9c3c94a5d5,7813664770,7813664770,activity,1,,,,other,,43.32,Работы столярные и плотничные,,,,,,,,,,,,"{""code"":""43.32"",""description"":""Работы столярные и плотничные""}"
86d3d016-6766-5c10-ae7a-6b9c3c94a5d5,7813664770,7813664770,activity,2,,,,other,,42.22,Строительство коммунальных объектов для обеспечения электроэнергией и телекоммуникациями,,,,,,,,,,,,"{""code"":""42.22"",""description"":""Строительство коммунальных объектов для обеспечения электроэнергией и телекоммуникациями""}"
86d3d016-6766-5c10-ae7a-6b9c3c94a5d5,7813664770,7813664770,activity,3,,,,other,,43.99.4,Работы бетонные и железобетонные,,,,,,,,,,,,"{""code"":""43.99.4"",""description"":""Работы бетонные и железобетонные""}"
86d3d016-6766-5c10-ae7a-6b9c3c94a5d5,7813664770,7813664770,activity,4,,,,other,,43.34,Производство малярных и стекольных работ,,,,,,,,,,,,"{""code"":""43.34"",""description"":""Производство малярных и стекольных работ""}"
86d3d016-6766-5c10-ae7a-6b9c3c94a5d5,7813664770,7813664770,activity,5,,,,other,,71.12.2,"Деятельность заказчика-застройщика, генерального подрядчика",,,,,,,,,,,,"{""code"":""71.12.2"",""description"":""Деятельность заказчика-застройщика, генерального подрядчика""}"
86d3d016-6766-5c10-ae7a-6b9c3c94a5d5,7813664770,7813664770,activity,6,,,,other,,71.11,Деятельность в области архитектуры,,,,,,,,,,,,"{""code"":""71.11"",""description"":""Деятельность в области архитектуры""}"
86d3d016-6766-5c10-ae7a-6b9c3c94a5d5,7813664770,7813664770,activity,7,,,,other,,71.12.1,"Деятельность, связанная с инженерно-техническим проектированием, управлением проектами строительства, выполнением строительного контроля и авторского надзора",,,,,,,,,,,,"{""code"":""71.12.1"",""description"":""Деятельность, связанная с инженерно-техническим проектированием, управлением проектами строительства, выполнением строительного контроля и авторского надзора""}"
86d3d016-6766-5c10-ae7a-6b9c3c94a5d5,7813664770,7813664770,activity,8,,,,other,,42.91,Строительство водных сооружений,,,,,,,,,,,,"{""code"":""42.91"",""description"":""Строительство водных сооружений""}"
86d3d016-6766-5c10-ae7a-6b9c3c94a5d5,7813664770,7813664770,activity,9,,,,other,,43.31,Производство штукатурных работ,,,,,,,,,,,,"{""code"":""43.31"",""description"":""Производство штукатурных работ""}"
86d3d016-6766-5c10-ae7a-6b9c3c94a5d5,7813664770,7813664770,activity,10,,,,other,,43.11,Разборка и снос зданий,,,,,,,,,,,,"{""code"":""43.11"",""description"":""Разборка и снос зданий""}"
86d3d016-6766-5c10-ae7a-6b9c3c94a5d5,7813664770,7813664770,activity,11,,,,other,,43.99,"Работы строительные специализированные прочие, не включенные в другие группировки",,,,,,,,,,,,"{""code"":""43.99"",""description"":""Работы строительные специализированные прочие, не включенные в другие группировки""}"
86d3d016-6766-5c10-ae7a-6b9c3c94a5d5,7813664770,7813664770,activity,12,,,,other,,42.21,"Строительство инженерных коммуникаций для водоснабжения и водоотведения, газоснабжения",,,,,,,,,,,,"{""code"":""42.21"",""description"":""Строительство инженерных коммуникаций для водоснабжения и водоотведения, газоснабжения""}"
86d3d016-6766-5c10-ae7a-6b9c3c94a5d5,7813664770,7813664770,activity,13,,,,other,,42.99,"Строительство прочих инженерных сооружений, не включенных в другие группировки",,,,,,,,,,,,"{""code"":""42.99"",""description"":""Строительство прочих инженерных сооружений, не включенных в другие группировки""}"
86d3d016-6766-5c10-ae7a-6b9c3c94a5d5,7813664770,7813664770,activity,14,,,,other,,71.12.45,"Создание геодезической, нивелирной, гравиметрической сетей",,,,,,,,,,,,"{""code"":""71.12.45"",""description"":""Создание геодезической, нивелирной, гравиметрической сетей""}"
86d3d016-6766-5c10-ae7a-6b9c3c94a5d5,7813664770,7813664770,activity,15,,,,other,,43.12,Подготовка строительной площадки,,,,,,,,,,,,"{""code"":""43.12"",""description"":""Подготовка строительной площадки""}"
86d3d016-6766-5c10-ae7a-6b9c3c94a5d5,7813664770,7813664770,activity,16,,,,other,,43.91,Производство кровельных работ,,,,,,,,,,,,"{""code"":""43.91"",""description"":""Производство кровельных работ""}"
86d3d016-6766-5c10-ae7a-6b9c3c94a5d5,7813664770,7813664770,tax_system,0,Упрощенная система налогообложения,,,tax_system,,УСН,,,,,,,,,,,,,"{""fullName"":""Упрощенная система налогообложения"",""shortName"":""УСН""}"
3e1a38f8-86a9-57d8-ac93-4e0919ba9bec,1660266560,1660266560,founder,0,ШАРАПОВ АЙРАТ ФАЙЗРАХМАНОВИЧ,165905299620,,founder,,,,50,20000,2017-12-26T21:00:00.000Z,True,,,,,,,,"{""name"":""ШАРАПОВ АЙРАТ ФАЙЗРАХМАНОВИЧ"",""inn"":""165905299620"",""amount"":20000,""share"":50,""dateFrom"":{""$date"":""2017-12-26T21:00:00.000Z""},""active"":true}"
3e1a38f8-86a9-57d8-ac93-4e0919ba9bec,1660266560,1660266560,founder,1,ШАРАПОВ АЙРАТ ФАЙЗРАХМАНОВИЧ,165905299620,,founder,,,,100,40000,2017-12-26T21:00:00.000Z,True,,,,,,,,"{""name"":""ШАРАПОВ АЙРАТ ФАЙЗРАХМАНОВИЧ"",""inn"":""165905299620"",""amount"":40000,""share"":100,""dateFrom"":{""$date"":""2017-12-26T21:00:00.000Z""},""active"":true}"
3e1a38f8-86a9-57d8-ac93-4e0919ba9bec,1660266560,1660266560,director,0,ШАРАПОВ АЙРАТ ФАЙЗРАХМАНОВИЧ,165905299620,,director,ДИРЕКТОР,,,,,2017-12-07T21:00:00.000Z,,,,,,,,,"{""name"":""ШАРАПОВ АЙРАТ ФАЙЗРАХМАНОВИЧ"",""positionName"":""ДИРЕКТОР"",""inn"":""165905299620"",""positionDate"":{""$date"":""2017-12-07T21:00:00.000Z""}}"
3e1a38f8-86a9-57d8-ac93-4e0919ba9bec,1660266560,1660266560,related_company,0,ИП ШАРАПОВ АЙРАТ ФАЙЗРАХМАНОВИЧ,165905299620,325169000031678,related_company,,,,,,,,,,,,,,,"{""inn"":""165905299620"",""ogrn"":""325169000031678"",""name"":""ИП ШАРАПОВ АЙРАТ ФАЙЗРАХМАНОВИЧ""}"
3e1a38f8-86a9-57d8-ac93-4e0919ba9bec,1660266560,1660266560,activity,0,,,,main,,41.20,Строительство жилых и нежилых зданий,,,,,,,,,,,,"{""code"":""41.20"",""description"":""Строительство жилых и нежилых зданий""}"
3e1a38f8-86a9-57d8-ac93-4e0919ba9bec,1660266560,1660266560,activity,1,,,,other,,43.99.1,Работы гидроизоляционные,,,,,,,,,,,,"{""code"":""43.99.1"",""description"":""Работы гидроизоляционные""}"
3e1a38f8-86a9-57d8-ac93-4e0919ba9bec,1660266560,1660266560,activity,2,,,,other,,43.31,Производство штукатурных работ,,,,,,,,,,,,"{""code"":""43.31"",""description"":""Производство штукатурных работ""}"
3e1a38f8-86a9-57d8-ac93-4e0919ba9bec,1660266560,1660266560,activity,3,,,,other,,43.39,Производство прочих отделочных и завершающих работ,,,,,,,,,,,,"{""code"":""43.39"",""description"":""Производство прочих отделочных и завершающих работ""}"
3e1a38f8-86a9-57d8-ac93-4e0919ba9bec,1660266560,1660266560,activity,4,,,,other,,47.52,"Торговля розничная скобяными изделиями, лакокрасочными материалами и стеклом в специализированных магазинах",,,,,,,,,,,,"{""code"":""47.52"",""description"":""Торговля розничная скобяными изделиями, лакокрасочными материалами и стеклом в специализированных магазинах""}"
3e1a38f8-86a9-57d8-ac93-4e0919ba9bec,1660266560,1660266560,activity,5,,,,other,,43.33,Работы по устройству покрытий полов и облицовке стен,,,,,,,,,,,,"{""code"":""43.33"",""description"":""Работы по устройству покрытий полов и облицовке стен""}"
3e1a38f8-86a9-57d8-ac93-4e0919ba9bec,1660266560,1660266560,activity,6,,,,other,,43.91,Производство кровельных работ,,,,,,,,,,,,"{""code"":""43.91"",""description"":""Производство кровельных работ""}"
3e1a38f8-86a9-57d8-ac93-4e0919ba9bec,1660266560,1660266560,activity,7,,,,other,,46.73,"Торговля оптовая лесоматериалами, строительными материалами и санитарно-техническим оборудованием",,,,,,,,,,,,"{""code"":""46.73"",""description"":""Торговля оптовая лесоматериалами, строительными материалами и санитарно-техническим оборудованием""}"
3e1a38f8-86a9-57d8-ac93-4e0919ba9bec,1660266560,1660266560,activity,8,,,,other,,49.4,Деятельность автомобильного грузового транспорта и услуги по перевозкам,,,,,,,,,,,,"{""code"":""49.4"",""description"":""Деятельность автомобильного грузового транспорта и услуги по перевозкам""}"
3e1a38f8-86a9-57d8-ac93-4e0919ba9bec,1660266560,1660266560,activity,9,,,,other,,43.21,Производство электромонтажных работ,,,,,,,,,,,,"{""code"":""43.21"",""description"":""Производство электромонтажных работ""}"
3e1a38f8-86a9-57d8-ac93-4e0919ba9bec,1660266560,1660266560,activity,10,,,,other,,46.74,"Торговля оптовая скобяными изделиями, водопроводным и отопительным оборудованием и принадлежностями",,,,,,,,,,,,"{""code"":""46.74"",""description"":""Торговля оптовая скобяными изделиями, водопроводным и отопительным оборудованием и принадлежностями""}"
3e1a38f8-86a9-57d8-ac93-4e0919ba9bec,1660266560,1660266560,activity,11,,,,other,,73.11,Деятельность рекламных агентств,,,,,,,,,,,,"{""code"":""73.11"",""description"":""Деятельность рекламных агентств""}"
3e1a38f8-86a9-57d8-ac93-4e0919ba9bec,1660266560,1660266560,activity,12,,,,other,,43.99,"Работы строительные специализированные прочие, не включенные в другие группировки",,,,,,,,,,,,"{""code"":""43.99"",""description"":""Работы строительные специализированные прочие, не включенные в другие группировки""}"
3e1a38f8-86a9-57d8-ac93-4e0919ba9bec,1660266560,1660266560,activity,13,,,,other,,43.34,Производство малярных и стекольных работ,,,,,,,,,,,,"{""code"":""43.34"",""description"":""Производство малярных и стекольных работ""}"
3e1a38f8-86a9-57d8-ac93-4e0919ba9bec,1660266560,1660266560,activity,14,,,,other,,78.10,Деятельность агентств по подбору персонала,,,,,,,,,,,,"{""code"":""78.10"",""description"":""Деятельность агентств по подбору персонала""}"
3e1a38f8-86a9-57d8-ac93-4e0919ba9bec,1660266560,1660266560,activity,15,,,,other,,78.20,Деятельность агентств по временному трудоустройству,,,,,,,,,,,,"{""code"":""78.20"",""description"":""Деятельность агентств по временному трудоустройству""}"
3e1a38f8-86a9-57d8-ac93-4e0919ba9bec,1660266560,1660266560,tax_system,0,Упрощенная система налогообложения,,,tax_system,,УСН,,,,,,,,,,,,,"{""fullName"":""Упрощенная система налогообложения"",""shortName"":""УСН""}"
3ba911ed-15b4-5e00-9a32-07dee2546fa7,5261137785,5261137785,founder,0,СЕЛЕЗНЕВ АЛЕКСАНДР ПАВЛОВИЧ,526021999743,,founder,,,,100,10000,2024-11-12T21:00:00.000Z,True,,,,,,,,"{""name"":""СЕЛЕЗНЕВ АЛЕКСАНДР ПАВЛОВИЧ"",""inn"":""526021999743"",""amount"":10000,""share"":100,""dateFrom"":{""$date"":""2024-11-12T21:00:00.000Z""},""active"":true}"
3ba911ed-15b4-5e00-9a32-07dee2546fa7,5261137785,5261137785,director,0,СЕЛЕЗНЕВ АЛЕКСАНДР ПАВЛОВИЧ,526021999743,,director,ГЕНЕРАЛЬНЫЙ ДИРЕКТОР,,,,,2024-11-12T21:00:00.000Z,,,,,,,,,"{""name"":""СЕЛЕЗНЕВ АЛЕКСАНДР ПАВЛОВИЧ"",""positionName"":""ГЕНЕРАЛЬНЫЙ ДИРЕКТОР"",""inn"":""526021999743"",""positionDate"":{""$date"":""2024-11-12T21:00:00.000Z""}}"
3ba911ed-15b4-5e00-9a32-07dee2546fa7,5261137785,5261137785,related_company,0,"ООО ""СТРОИТЕЛЬНЫЕ СИСТЕМЫ ЧЕРЕПОВЕЦ""",3528347729,1263500003062,related_company,,,,,,,,2026-04-15T21:00:00.000Z,,,,,КАРПОВ ВАДИМ ГЕННАДЬЕВИЧ,ГЕНЕРАЛЬНЫЙ ДИРЕКТОР,"{""inn"":""3528347729"",""ogrn"":""1263500003062"",""name"":""ООО \""СТРОИТЕЛЬНЫЕ СИСТЕМЫ ЧЕРЕПОВЕЦ\"""",""registrationDate"":{""$date"":""2026-04-15T21:00:00.000Z""},""authPersonName"":""КАРПОВ ВАДИМ ГЕННАДЬЕВИЧ"",""authPersonPosition"":""ГЕНЕРАЛЬНЫЙ ДИРЕКТОР""}"
3ba911ed-15b4-5e00-9a32-07dee2546fa7,5261137785,5261137785,related_company,1,"ООО ""ТАЙФУН БАЛТИКА""",3912015190,1183926023511,related_company,,,,,,,,2018-09-05T21:00:00.000Z,,,,,СЕЛЕЗНЕВ ПАВЕЛ ВАЛЕРЬЕВИЧ,ГЕНЕРАЛЬНЫЙ ДИРЕКТОР,"{""inn"":""3912015190"",""ogrn"":""1183926023511"",""name"":""ООО \""ТАЙФУН БАЛТИКА\"""",""registrationDate"":{""$date"":""2018-09-05T21:00:00.000Z""},""authPersonName"":""СЕЛЕЗНЕВ ПАВЕЛ ВАЛЕРЬЕВИЧ"",""authPersonPosition"":""ГЕНЕРАЛЬНЫЙ ДИРЕКТОР""}"
3ba911ed-15b4-5e00-9a32-07dee2546fa7,5261137785,5261137785,related_company,2,"ООО ""ССК""",2367041414,1252300010797,related_company,,,,,,,,2025-03-04T21:00:00.000Z,,,,,ГЛАЗКОВ АНАТОЛИЙ АНАТОЛЬЕВИЧ,ГЕНЕРАЛЬНЫЙ ДИРЕКТОР,"{""inn"":""2367041414"",""ogrn"":""1252300010797"",""name"":""ООО \""ССК\"""",""registrationDate"":{""$date"":""2025-03-04T21:00:00.000Z""},""authPersonName"":""ГЛАЗКОВ АНАТОЛИЙ АНАТОЛЬЕВИЧ"",""authPersonPosition"":""ГЕНЕРАЛЬНЫЙ ДИРЕКТОР""}"
3ba911ed-15b4-5e00-9a32-07dee2546fa7,5261137785,5261137785,related_company,3,ИП СЕЛЕЗНЕВ АЛЕКСАНДР ПАВЛОВИЧ,526021999743,316527500054405,related_company,,,,,,,,,,,,,,,"{""inn"":""526021999743"",""ogrn"":""316527500054405"",""name"":""ИП СЕЛЕЗНЕВ АЛЕКСАНДР ПАВЛОВИЧ""}"
3ba911ed-15b4-5e00-9a32-07dee2546fa7,5261137785,5261137785,activity,0,,,,main,,46.73,"Торговля оптовая лесоматериалами, строительными материалами и санитарно-техническим оборудованием",,,,,,,,,,,,"{""code"":""46.73"",""description"":""Торговля оптовая лесоматериалами, строительными материалами и санитарно-техническим оборудованием""}"
3ba911ed-15b4-5e00-9a32-07dee2546fa7,5261137785,5261137785,activity,1,,,,other,,46.90,Торговля оптовая неспециализированная,,,,,,,,,,,,"{""code"":""46.90"",""description"":""Торговля оптовая неспециализированная""}"
3ba911ed-15b4-5e00-9a32-07dee2546fa7,5261137785,5261137785,activity,2,,,,other,,46.13,Деятельность агентов по оптовой торговле лесоматериалами и строительными материалами,,,,,,,,,,,,"{""code"":""46.13"",""description"":""Деятельность агентов по оптовой торговле лесоматериалами и строительными материалами""}"
3ba911ed-15b4-5e00-9a32-07dee2546fa7,5261137785,5261137785,activity,3,,,,other,,69.10,Деятельность в области права,,,,,,,,,,,,"{""code"":""69.10"",""description"":""Деятельность в области права""}"
3ba911ed-15b4-5e00-9a32-07dee2546fa7,5261137785,5261137785,activity,4,,,,other,,82.99,"Деятельность по предоставлению прочих вспомогательных услуг для бизнеса, не включенная в другие группировки",,,,,,,,,,,,"{""code"":""82.99"",""description"":""Деятельность по предоставлению прочих вспомогательных услуг для бизнеса, не включенная в другие группировки""}"
3ba911ed-15b4-5e00-9a32-07dee2546fa7,5261137785,5261137785,activity,5,,,,other,,20.13,Производство прочих основных неорганических химических веществ,,,,,,,,,,,,"{""code"":""20.13"",""description"":""Производство прочих основных неорганических химических веществ""}"
3ba911ed-15b4-5e00-9a32-07dee2546fa7,5261137785,5261137785,activity,6,,,,other,,43.12,Подготовка строительной площадки,,,,,,,,,,,,"{""code"":""43.12"",""description"":""Подготовка строительной площадки""}"
3ba911ed-15b4-5e00-9a32-07dee2546fa7,5261137785,5261137785,activity,7,,,,other,,22.29,Производство прочих пластмассовых изделий,,,,,,,,,,,,"{""code"":""22.29"",""description"":""Производство прочих пластмассовых изделий""}"
3ba911ed-15b4-5e00-9a32-07dee2546fa7,5261137785,5261137785,activity,8,,,,other,,70.22,Консультирование по вопросам коммерческой деятельности и управления,,,,,,,,,,,,"{""code"":""70.22"",""description"":""Консультирование по вопросам коммерческой деятельности и управления""}"
3ba911ed-15b4-5e00-9a32-07dee2546fa7,5261137785,5261137785,activity,9,,,,other,,20.16,Производство пластмасс и синтетических смол в первичных формах,,,,,,,,,,,,"{""code"":""20.16"",""description"":""Производство пластмасс и синтетических смол в первичных формах""}"
3ba911ed-15b4-5e00-9a32-07dee2546fa7,5261137785,5261137785,activity,10,,,,other,,43.21,Производство электромонтажных работ,,,,,,,,,,,,"{""code"":""43.21"",""description"":""Производство электромонтажных работ""}"
3ba911ed-15b4-5e00-9a32-07dee2546fa7,5261137785,5261137785,activity,11,,,,other,,33.12,Ремонт машин и оборудования,,,,,,,,,,,,"{""code"":""33.12"",""description"":""Ремонт машин и оборудования""}"
3ba911ed-15b4-5e00-9a32-07dee2546fa7,5261137785,5261137785,activity,12,,,,other,,46.13.2,Деятельность агентов по оптовой торговле строительными материалами,,,,,,,,,,,,"{""code"":""46.13.2"",""description"":""Деятельность агентов по оптовой торговле строительными материалами""}"
3ba911ed-15b4-5e00-9a32-07dee2546fa7,5261137785,5261137785,activity,13,,,,other,,43.11,Разборка и снос зданий,,,,,,,,,,,,"{""code"":""43.11"",""description"":""Разборка и снос зданий""}"
3ba911ed-15b4-5e00-9a32-07dee2546fa7,5261137785,5261137785,activity,14,,,,other,,43.31,Производство штукатурных работ,,,,,,,,,,,,"{""code"":""43.31"",""description"":""Производство штукатурных работ""}"
3ba911ed-15b4-5e00-9a32-07dee2546fa7,5261137785,5261137785,activity,15,,,,other,,68.32,Управление недвижимым имуществом за вознаграждение или на договорной основе,,,,,,,,,,,,"{""code"":""68.32"",""description"":""Управление недвижимым имуществом за вознаграждение или на договорной основе""}"
3ba911ed-15b4-5e00-9a32-07dee2546fa7,5261137785,5261137785,activity,16,,,,other,,68.20.2,Аренда и управление собственным или арендованным нежилым недвижимым имуществом,,,,,,,,,,,,"{""code"":""68.20.2"",""description"":""Аренда и управление собственным или арендованным нежилым недвижимым имуществом""}"
3ba911ed-15b4-5e00-9a32-07dee2546fa7,5261137785,5261137785,activity,17,,,,other,,66.19,"Деятельность вспомогательная прочая в сфере финансовых услуг, кроме страхования и пенсионного обеспечения",,,,,,,,,,,,"{""code"":""66.19"",""description"":""Деятельность вспомогательная прочая в сфере финансовых услуг, кроме страхования и пенсионного обеспечения""}"
3ba911ed-15b4-5e00-9a32-07dee2546fa7,5261137785,5261137785,activity,18,,,,other,,69.20.2,Деятельность по оказанию услуг в области бухгалтерского учета,,,,,,,,,,,,"{""code"":""69.20.2"",""description"":""Деятельность по оказанию услуг в области бухгалтерского учета""}"
3ba911ed-15b4-5e00-9a32-07dee2546fa7,5261137785,5261137785,activity,19,,,,other,,49.41,Деятельность автомобильного грузового транспорта,,,,,,,,,,,,"{""code"":""49.41"",""description"":""Деятельность автомобильного грузового транспорта""}"
3ba911ed-15b4-5e00-9a32-07dee2546fa7,5261137785,5261137785,activity,20,,,,other,,68.20.1,Аренда и управление собственным или арендованным жилым недвижимым имуществом,,,,,,,,,,,,"{""code"":""68.20.1"",""description"":""Аренда и управление собственным или арендованным жилым недвижимым имуществом""}"
3ba911ed-15b4-5e00-9a32-07dee2546fa7,5261137785,5261137785,activity,21,,,,other,,68.20,Аренда и управление собственным или арендованным недвижимым имуществом,,,,,,,,,,,,"{""code"":""68.20"",""description"":""Аренда и управление собственным или арендованным недвижимым имуществом""}"
3ba911ed-15b4-5e00-9a32-07dee2546fa7,5261137785,5261137785,activity,22,,,,other,,47.19,Торговля розничная прочая в неспециализированных магазинах,,,,,,,,,,,,"{""code"":""47.19"",""description"":""Торговля розничная прочая в неспециализированных магазинах""}"
3ba911ed-15b4-5e00-9a32-07dee2546fa7,5261137785,5261137785,activity,23,,,,other,,43.99,"Работы строительные специализированные прочие, не включенные в другие группировки",,,,,,,,,,,,"{""code"":""43.99"",""description"":""Работы строительные специализированные прочие, не включенные в другие группировки""}"
3ba911ed-15b4-5e00-9a32-07dee2546fa7,5261137785,5261137785,activity,24,,,,other,,69.20,"Деятельность по оказанию услуг в области бухгалтерского учета, по проведению финансового аудита, по налоговому консультированию",,,,,,,,,,,,"{""code"":""69.20"",""description"":""Деятельность по оказанию услуг в области бухгалтерского учета, по проведению финансового аудита, по налоговому консультированию""}"
3ba911ed-15b4-5e00-9a32-07dee2546fa7,5261137785,5261137785,activity,25,,,,other,,22.23,"Производство пластмассовых изделий, используемых в строительстве",,,,,,,,,,,,"{""code"":""22.23"",""description"":""Производство пластмассовых изделий, используемых в строительстве""}"
3ba911ed-15b4-5e00-9a32-07dee2546fa7,5261137785,5261137785,activity,26,,,,other,,33.17,Ремонт и техническое обслуживание прочих транспортных средств и оборудования,,,,,,,,,,,,"{""code"":""33.17"",""description"":""Ремонт и техническое обслуживание прочих транспортных средств и оборудования""}"
3ba911ed-15b4-5e00-9a32-07dee2546fa7,5261137785,5261137785,activity,27,,,,other,,43.39,Производство прочих отделочных и завершающих работ,,,,,,,,,,,,"{""code"":""43.39"",""description"":""Производство прочих отделочных и завершающих работ""}"
3ba911ed-15b4-5e00-9a32-07dee2546fa7,5261137785,5261137785,activity,28,,,,other,,46.13.1,Деятельность агентов по оптовой торговле лесоматериалами,,,,,,,,,,,,"{""code"":""46.13.1"",""description"":""Деятельность агентов по оптовой торговле лесоматериалами""}"
3ba911ed-15b4-5e00-9a32-07dee2546fa7,5261137785,5261137785,activity,29,,,,other,,20.14.7,Производство прочих химических органических основных веществ,,,,,,,,,,,,"{""code"":""20.14.7"",""description"":""Производство прочих химических органических основных веществ""}"
3ba911ed-15b4-5e00-9a32-07dee2546fa7,5261137785,5261137785,activity,30,,,,other,,46.74,"Торговля оптовая скобяными изделиями, водопроводным и отопительным оборудованием и принадлежностями",,,,,,,,,,,,"{""code"":""46.74"",""description"":""Торговля оптовая скобяными изделиями, водопроводным и отопительным оборудованием и принадлежностями""}"
3ba911ed-15b4-5e00-9a32-07dee2546fa7,5261137785,5261137785,activity,31,,,,other,,68.20.29,Аренда и управление собственным или арендованным прочим нежилым недвижимым имуществом,,,,,,,,,,,,"{""code"":""68.20.29"",""description"":""Аренда и управление собственным или арендованным прочим нежилым недвижимым имуществом""}"
3ba911ed-15b4-5e00-9a32-07dee2546fa7,5261137785,5261137785,activity,32,,,,other,,43.33,Работы по устройству покрытий полов и облицовке стен,,,,,,,,,,,,"{""code"":""43.33"",""description"":""Работы по устройству покрытий полов и облицовке стен""}"
3ba911ed-15b4-5e00-9a32-07dee2546fa7,5261137785,5261137785,activity,33,,,,other,,69.20.3,Деятельность в области налогового консультирования,,,,,,,,,,,,"{""code"":""69.20.3"",""description"":""Деятельность в области налогового консультирования""}"
3ba911ed-15b4-5e00-9a32-07dee2546fa7,5261137785,5261137785,activity,34,,,,other,,25.61,Обработка металлов и нанесение покрытий на металлы,,,,,,,,,,,,"{""code"":""25.61"",""description"":""Обработка металлов и нанесение покрытий на металлы""}"
3ba911ed-15b4-5e00-9a32-07dee2546fa7,5261137785,5261137785,activity,35,,,,other,,25.62,Обработка металлических изделий механическая,,,,,,,,,,,,"{""code"":""25.62"",""description"":""Обработка металлических изделий механическая""}"
3ba911ed-15b4-5e00-9a32-07dee2546fa7,5261137785,5261137785,activity,36,,,,other,,68.20.21,Аренда и управление собственным или арендованным торговым объектом недвижимого имущества,,,,,,,,,,,,"{""code"":""68.20.21"",""description"":""Аренда и управление собственным или арендованным торговым объектом недвижимого имущества""}"
3ba911ed-15b4-5e00-9a32-07dee2546fa7,5261137785,5261137785,activity,37,,,,other,,43.29,Производство прочих строительно-монтажных работ,,,,,,,,,,,,"{""code"":""43.29"",""description"":""Производство прочих строительно-монтажных работ""}"
3ba911ed-15b4-5e00-9a32-07dee2546fa7,5261137785,5261137785,activity,38,,,,other,,68.31.3,Предоставление консультационных услуг при купле-продаже недвижимого имущества за вознаграждение или на договорной основе,,,,,,,,,,,,"{""code"":""68.31.3"",""description"":""Предоставление консультационных услуг при купле-продаже недвижимого имущества за вознаграждение или на договорной основе""}"
3ba911ed-15b4-5e00-9a32-07dee2546fa7,5261137785,5261137785,activity,39,,,,other,,43.32,Работы столярные и плотничные,,,,,,,,,,,,"{""code"":""43.32"",""description"":""Работы столярные и плотничные""}"
3ba911ed-15b4-5e00-9a32-07dee2546fa7,5261137785,5261137785,branch,0,"ФИЛИАЛ ООО ""ПСК ""ТАЙФУН"" Г. ПЕНЗА",,,branch,,,,,,,,,"442370,  ПЕНЗЕНСКАЯ ОБЛАСТЬ, РП. МОКШАН, городское поселение РАБОЧИЙ ПОСЕЛОК МОКШАН, УЛ. ТРАНСПОРТНАЯ, ЗД. 48",,,,,,"{""name"":""ФИЛИАЛ ООО \""ПСК \""ТАЙФУН\"" Г. ПЕНЗА"",""address"":""442370,  ПЕНЗЕНСКАЯ ОБЛАСТЬ, РП. МОКШАН, городское поселение РАБОЧИЙ ПОСЕЛОК МОКШАН, УЛ. ТРАНСПОРТНАЯ, ЗД. 48""}"
3ba911ed-15b4-5e00-9a32-07dee2546fa7,5261137785,5261137785,tax_system,0,Общая система налогообложения,,,tax_system,,ОСНО,,,,,,,,,,,,,"{""fullName"":""Общая система налогообложения"",""shortName"":""ОСНО""}"
ed1c6e84-d967-593b-9b4e-d28688af74ef,7103029029,7103029029,founder,0,ИВАНЦОВ СЕМЕН МИХАЙЛОВИЧ,710607965206,,founder,,,,100,10000,2015-06-25T21:00:00.000Z,True,,,,,,,,"{""name"":""ИВАНЦОВ СЕМЕН МИХАЙЛОВИЧ"",""inn"":""710607965206"",""amount"":10000,""share"":100,""dateFrom"":{""$date"":""2015-06-25T21:00:00.000Z""},""active"":true}"
ed1c6e84-d967-593b-9b4e-d28688af74ef,7103029029,7103029029,director,0,ПРОХОРЦЕВ АНДРЕЙ ИГОРЕВИЧ,710700219241,,director,ДИРЕКТОР,,,,,2015-06-28T21:00:00.000Z,,,,,,,,,"{""name"":""ПРОХОРЦЕВ АНДРЕЙ ИГОРЕВИЧ"",""positionName"":""ДИРЕКТОР"",""inn"":""710700219241"",""positionDate"":{""$date"":""2015-06-28T21:00:00.000Z""}}"
ed1c6e84-d967-593b-9b4e-d28688af74ef,7103029029,7103029029,related_company,0,ИП ИВАНЦОВ СЕМЕН МИХАЙЛОВИЧ,710607965206,314715409400016,related_company,,,,,,,,,,,,,,,"{""inn"":""710607965206"",""ogrn"":""314715409400016"",""name"":""ИП ИВАНЦОВ СЕМЕН МИХАЙЛОВИЧ""}"
ed1c6e84-d967-593b-9b4e-d28688af74ef,7103029029,7103029029,related_company,1,"ООО ""ТССК ""ЦИТАДЕЛЬ""",7106529012,1137154040968,related_company,,,,,,,,2013-12-26T20:00:00.000Z,,,,,ПЛАТОНОВ СЕРГЕЙ СЕРГЕЕВИЧ,ДИРЕКТОР,"{""inn"":""7106529012"",""ogrn"":""1137154040968"",""name"":""ООО \""ТССК \""ЦИТАДЕЛЬ\"""",""registrationDate"":{""$date"":""2013-12-26T20:00:00.000Z""},""authPersonName"":""ПЛАТОНОВ СЕРГЕЙ СЕРГЕЕВИЧ"",""authPersonPosition"":""ДИРЕКТОР""}"
ed1c6e84-d967-593b-9b4e-d28688af74ef,7103029029,7103029029,related_company,2,"ООО ""ЭНЕРГО-СТАНДАРТ""",7130034405,1207100007773,related_company,,,,,,,,2020-07-08T21:00:00.000Z,,,,,ПРОХОРЦЕВ АНДРЕЙ ИГОРЕВИЧ,ГЕНЕРАЛЬНЫЙ ДИРЕКТОР,"{""inn"":""7130034405"",""ogrn"":""1207100007773"",""name"":""ООО \""ЭНЕРГО-СТАНДАРТ\"""",""registrationDate"":{""$date"":""2020-07-08T21:00:00.000Z""},""authPersonName"":""ПРОХОРЦЕВ АНДРЕЙ ИГОРЕВИЧ"",""authPersonPosition"":""ГЕНЕРАЛЬНЫЙ ДИРЕКТОР""}"
ed1c6e84-d967-593b-9b4e-d28688af74ef,7103029029,7103029029,related_company,3,"ООО ГРК ""ЦИТАДЕЛЬ""",7130030930,1167154068344,related_company,,,,,,,,2016-07-06T21:00:00.000Z,,,,,ИВАНЦОВ СЕМЕН МИХАЙЛОВИЧ,ГЕНЕРАЛЬНЫЙ ДИРЕКТОР,"{""inn"":""7130030930"",""ogrn"":""1167154068344"",""name"":""ООО ГРК \""ЦИТАДЕЛЬ\"""",""registrationDate"":{""$date"":""2016-07-06T21:00:00.000Z""},""authPersonName"":""ИВАНЦОВ СЕМЕН МИХАЙЛОВИЧ"",""authPersonPosition"":""ГЕНЕРАЛЬНЫЙ ДИРЕКТОР""}"
ed1c6e84-d967-593b-9b4e-d28688af74ef,7103029029,7103029029,related_company,4,"ООО ""НАТАША""",7105020046,1027100685809,related_company,,,,,,,,2002-10-20T20:00:00.000Z,,,,,ЕГОРОВА ОЛЬГА ВЯЧЕСЛАВОВНА,Директор,"{""inn"":""7105020046"",""ogrn"":""1027100685809"",""name"":""ООО \""НАТАША\"""",""registrationDate"":{""$date"":""2002-10-20T20:00:00.000Z""},""authPersonName"":""ЕГОРОВА ОЛЬГА ВЯЧЕСЛАВОВНА"",""authPersonPosition"":""Директор""}"
ed1c6e84-d967-593b-9b4e-d28688af74ef,7103029029,7103029029,related_company,5,"ООО ""ПРОМСКЛАД 71""",7130507570,1147154032068,related_company,,,,,,,,2014-09-17T20:00:00.000Z,,,,,ПРОХОРЦЕВ АНДРЕЙ ИГОРЕВИЧ,ГЕНЕРАЛЬНЫЙ ДИРЕКТОР,"{""inn"":""7130507570"",""ogrn"":""1147154032068"",""name"":""ООО \""ПРОМСКЛАД 71\"""",""registrationDate"":{""$date"":""2014-09-17T20:00:00.000Z""},""authPersonName"":""ПРОХОРЦЕВ АНДРЕЙ ИГОРЕВИЧ"",""authPersonPosition"":""ГЕНЕРАЛЬНЫЙ ДИРЕКТОР""}"
ed1c6e84-d967-593b-9b4e-d28688af74ef,7103029029,7103029029,related_company,6,"ООО ""М&М""",7106508206,1087154039400,related_company,,,,,,,,2008-11-04T21:00:00.000Z,,,,,ИВАНЦОВ СЕМЕН МИХАЙЛОВИЧ,ГЕНЕРАЛЬНЫЙ ДИРЕКТОР,"{""inn"":""7106508206"",""ogrn"":""1087154039400"",""name"":""ООО \""М&М\"""",""registrationDate"":{""$date"":""2008-11-04T21:00:00.000Z""},""authPersonName"":""ИВАНЦОВ СЕМЕН МИХАЙЛОВИЧ"",""authPersonPosition"":""ГЕНЕРАЛЬНЫЙ ДИРЕКТОР""}"
ed1c6e84-d967-593b-9b4e-d28688af74ef,7103029029,7103029029,activity,0,,,,main,,35.12,Передача электроэнергии и технологическое присоединение к распределительным электросетям,,,,,,,,,,,,"{""code"":""35.12"",""description"":""Передача электроэнергии и технологическое присоединение к распределительным электросетям""}"
ed1c6e84-d967-593b-9b4e-d28688af74ef,7103029029,7103029029,activity,1,,,,other,,37.00,Сбор и обработка сточных вод,,,,,,,,,,,,"{""code"":""37.00"",""description"":""Сбор и обработка сточных вод""}"
ed1c6e84-d967-593b-9b4e-d28688af74ef,7103029029,7103029029,activity,2,,,,other,,35.13,Распределение электроэнергии,,,,,,,,,,,,"{""code"":""35.13"",""description"":""Распределение электроэнергии""}"
ed1c6e84-d967-593b-9b4e-d28688af74ef,7103029029,7103029029,phone,0,,,,phone,,,,,,,,,,,487,2301649,,,"{""phoneCode"":""487"",""phoneNumber"":""2301649""}"
ed1c6e84-d967-593b-9b4e-d28688af74ef,7103029029,7103029029,phone,1,,,,phone,,,,,,,,,,,487,2343668,,,"{""phoneCode"":""487"",""phoneNumber"":""2343668""}"
ed1c6e84-d967-593b-9b4e-d28688af74ef,7103029029,7103029029,phone,2,,,,phone,,,,,,,,,,,487,2253535,,,"{""phoneCode"":""487"",""phoneNumber"":""2253535""}"
ed1c6e84-d967-593b-9b4e-d28688af74ef,7103029029,7103029029,tax_system,0,Упрощенная система налогообложения,,,tax_system,,УСН,,,,,,,,,,,,,"{""fullName"":""Упрощенная система налогообложения"",""shortName"":""УСН""}"
3e6f439a-7212-5c6b-a73c-47c57738946c,503200230096,503200230096,activity,0,,,,main,,68.20,Аренда и управление собственным или арендованным недвижимым имуществом,,,,,,,,,,,,"{""code"":""68.20"",""description"":""Аренда и управление собственным или арендованным недвижимым имуществом""}"
3e6f439a-7212-5c6b-a73c-47c57738946c,503200230096,503200230096,activity,1,,,,other,,47.19,Торговля розничная прочая в неспециализированных магазинах,,,,,,,,,,,,"{""code"":""47.19"",""description"":""Торговля розничная прочая в неспециализированных магазинах""}"
3e6f439a-7212-5c6b-a73c-47c57738946c,503200230096,503200230096,activity,2,,,,other,,47.75.1,"Торговля розничная косметическими и парфюмерными товарами, кроме мыла в специализированных магазинах",,,,,,,,,,,,"{""code"":""47.75.1"",""description"":""Торговля розничная косметическими и парфюмерными товарами, кроме мыла в специализированных магазинах""}"
3e6f439a-7212-5c6b-a73c-47c57738946c,503200230096,503200230096,activity,3,,,,other,,47.11,"Торговля розничная преимущественно пищевыми продуктами, включая напитки, и табачными изделиями в неспециализированных магазинах",,,,,,,,,,,,"{""code"":""47.11"",""description"":""Торговля розничная преимущественно пищевыми продуктами, включая напитки, и табачными изделиями в неспециализированных магазинах""}"
3e6f439a-7212-5c6b-a73c-47c57738946c,503200230096,503200230096,activity,4,,,,other,,93.29,Деятельность по организации отдыха и развлечений прочая,,,,,,,,,,,,"{""code"":""93.29"",""description"":""Деятельность по организации отдыха и развлечений прочая""}"
3e6f439a-7212-5c6b-a73c-47c57738946c,503200230096,503200230096,activity,5,,,,other,,47.91,Торговля розничная по почте или по информационно-коммуникационной сети Интернет,,,,,,,,,,,,"{""code"":""47.91"",""description"":""Торговля розничная по почте или по информационно-коммуникационной сети Интернет""}"
14d50dbe-33bc-598f-b076-664c1d5647aa,772601396114,772601396114,activity,0,,,,main,,46.90,Торговля оптовая неспециализированная,,,,,,,,,,,,"{""code"":""46.90"",""description"":""Торговля оптовая неспециализированная""}"
14d50dbe-33bc-598f-b076-664c1d5647aa,772601396114,772601396114,activity,1,,,,other,,46.73.6,Торговля оптовая прочими строительными материалами и изделиями,,,,,,,,,,,,"{""code"":""46.73.6"",""description"":""Торговля оптовая прочими строительными материалами и изделиями""}"
14d50dbe-33bc-598f-b076-664c1d5647aa,772601396114,772601396114,activity,2,,,,other,,46.74.1,Торговля оптовая скобяными изделиями,,,,,,,,,,,,"{""code"":""46.74.1"",""description"":""Торговля оптовая скобяными изделиями""}"
ad30b249-74a6-5215-b0e0-c117bc65042e,9727071240,9727071240,founder,0,АЛСУЛТАНОВ ТИМУР РУСЛАНОВИЧ,201800498625,,founder,,,,100,10000,2024-03-10T21:00:00.000Z,True,,,,,,,,"{""name"":""АЛСУЛТАНОВ ТИМУР РУСЛАНОВИЧ"",""inn"":""201800498625"",""amount"":10000,""share"":100,""dateFrom"":{""$date"":""2024-03-10T21:00:00.000Z""},""active"":true}"
ad30b249-74a6-5215-b0e0-c117bc65042e,9727071240,9727071240,director,0,АЛСУЛТАНОВ ТИМУР РУСЛАНОВИЧ,201800498625,,director,ГЕНЕРАЛЬНЫЙ ДИРЕКТОР,,,,,2024-03-10T21:00:00.000Z,,,,,,,,,"{""name"":""АЛСУЛТАНОВ ТИМУР РУСЛАНОВИЧ"",""positionName"":""ГЕНЕРАЛЬНЫЙ ДИРЕКТОР"",""inn"":""201800498625"",""positionDate"":{""$date"":""2024-03-10T21:00:00.000Z""}}"
ad30b249-74a6-5215-b0e0-c117bc65042e,9727071240,9727071240,activity,0,,,,main,,41.20,Строительство жилых и нежилых зданий,,,,,,,,,,,,"{""code"":""41.20"",""description"":""Строительство жилых и нежилых зданий""}"
ad30b249-74a6-5215-b0e0-c117bc65042e,9727071240,9727071240,activity,1,,,,other,,43.12,Подготовка строительной площадки,,,,,,,,,,,,"{""code"":""43.12"",""description"":""Подготовка строительной площадки""}"
ad30b249-74a6-5215-b0e0-c117bc65042e,9727071240,9727071240,activity,2,,,,other,,43.32,Работы столярные и плотничные,,,,,,,,,,,,"{""code"":""43.32"",""description"":""Работы столярные и плотничные""}"
ad30b249-74a6-5215-b0e0-c117bc65042e,9727071240,9727071240,activity,3,,,,other,,43.22,"Производство санитарно-технических работ, монтаж отопительных систем и систем кондиционирования воздуха",,,,,,,,,,,,"{""code"":""43.22"",""description"":""Производство санитарно-технических работ, монтаж отопительных систем и систем кондиционирования воздуха""}"
ad30b249-74a6-5215-b0e0-c117bc65042e,9727071240,9727071240,activity,4,,,,other,,43.21,Производство электромонтажных работ,,,,,,,,,,,,"{""code"":""43.21"",""description"":""Производство электромонтажных работ""}"
ad30b249-74a6-5215-b0e0-c117bc65042e,9727071240,9727071240,activity,5,,,,other,,43.91,Производство кровельных работ,,,,,,,,,,,,"{""code"":""43.91"",""description"":""Производство кровельных работ""}"
ad30b249-74a6-5215-b0e0-c117bc65042e,9727071240,9727071240,activity,6,,,,other,,43.31,Производство штукатурных работ,,,,,,,,,,,,"{""code"":""43.31"",""description"":""Производство штукатурных работ""}"
ad30b249-74a6-5215-b0e0-c117bc65042e,9727071240,9727071240,activity,7,,,,other,,41.10,Разработка строительных проектов,,,,,,,,,,,,"{""code"":""41.10"",""description"":""Разработка строительных проектов""}"
ad30b249-74a6-5215-b0e0-c117bc65042e,9727071240,9727071240,activity,8,,,,other,,43.29,Производство прочих строительно-монтажных работ,,,,,,,,,,,,"{""code"":""43.29"",""description"":""Производство прочих строительно-монтажных работ""}"
ad30b249-74a6-5215-b0e0-c117bc65042e,9727071240,9727071240,activity,9,,,,other,,43.11,Разборка и снос зданий,,,,,,,,,,,,"{""code"":""43.11"",""description"":""Разборка и снос зданий""}"
ad30b249-74a6-5215-b0e0-c117bc65042e,9727071240,9727071240,activity,10,,,,other,,43.33,Работы по устройству покрытий полов и облицовке стен,,,,,,,,,,,,"{""code"":""43.33"",""description"":""Работы по устройству покрытий полов и облицовке стен""}"
ad30b249-74a6-5215-b0e0-c117bc65042e,9727071240,9727071240,activity,11,,,,other,,43.34,Производство малярных и стекольных работ,,,,,,,,,,,,"{""code"":""43.34"",""description"":""Производство малярных и стекольных работ""}"
ad30b249-74a6-5215-b0e0-c117bc65042e,9727071240,9727071240,activity,12,,,,other,,42.99,"Строительство прочих инженерных сооружений, не включенных в другие группировки",,,,,,,,,,,,"{""code"":""42.99"",""description"":""Строительство прочих инженерных сооружений, не включенных в другие группировки""}"
ad30b249-74a6-5215-b0e0-c117bc65042e,9727071240,9727071240,activity,13,,,,other,,43.39,Производство прочих отделочных и завершающих работ,,,,,,,,,,,,"{""code"":""43.39"",""description"":""Производство прочих отделочных и завершающих работ""}"
ad30b249-74a6-5215-b0e0-c117bc65042e,9727071240,9727071240,tax_system,0,Общая система налогообложения,,,tax_system,,ОСНО,,,,,,,,,,,,,"{""fullName"":""Общая система налогообложения"",""shortName"":""ОСНО""}"
9a8fa64d-c16e-5d29-8118-3faf18595470,9703030189,9703030189,founder,0,ГАРЕЕВ РУСЛАН МАДЕХАТОВИЧ,025301782402,,founder,,,,100,10000,2026-06-01T21:00:00.000Z,True,,,,,,,,"{""name"":""ГАРЕЕВ РУСЛАН МАДЕХАТОВИЧ"",""inn"":""025301782402"",""amount"":10000,""share"":100,""dateFrom"":{""$date"":""2026-06-01T21:00:00.000Z""},""active"":true}"
9a8fa64d-c16e-5d29-8118-3faf18595470,9703030189,9703030189,director,0,ГАРЕЕВ РУСЛАН МАДЕХАТОВИЧ,025301782402,,director,ГЕНЕРАЛЬНЫЙ ДИРЕКТОР,,,,,2026-04-06T21:00:00.000Z,,,,,,,,,"{""name"":""ГАРЕЕВ РУСЛАН МАДЕХАТОВИЧ"",""positionName"":""ГЕНЕРАЛЬНЫЙ ДИРЕКТОР"",""inn"":""025301782402"",""positionDate"":{""$date"":""2026-04-06T21:00:00.000Z""}}"
9a8fa64d-c16e-5d29-8118-3faf18595470,9703030189,9703030189,related_company,0,"ООО ""РУФФАСАД""",9703247921,1267700170352,related_company,,,,,,,,2026-05-17T21:00:00.000Z,,,,,ГАРЕЕВ РУСЛАН МАДЕХАТОВИЧ,ГЕНЕРАЛЬНЫЙ ДИРЕКТОР,"{""inn"":""9703247921"",""ogrn"":""1267700170352"",""name"":""ООО \""РУФФАСАД\"""",""registrationDate"":{""$date"":""2026-05-17T21:00:00.000Z""},""authPersonName"":""ГАРЕЕВ РУСЛАН МАДЕХАТОВИЧ"",""authPersonPosition"":""ГЕНЕРАЛЬНЫЙ ДИРЕКТОР""}"
9a8fa64d-c16e-5d29-8118-3faf18595470,9703030189,9703030189,related_company,1,"ООО ""ПТК ""ТИТАН""",9710097508,1227700212475,related_company,,,,,,,,2022-04-11T21:00:00.000Z,,,,,ГАРЕЕВА ЗИЛЯ УЛЬФАТОВНА,ГЕНЕРАЛЬНЫЙ ДИРЕКТОР,"{""inn"":""9710097508"",""ogrn"":""1227700212475"",""name"":""ООО \""ПТК \""ТИТАН\"""",""registrationDate"":{""$date"":""2022-04-11T21:00:00.000Z""},""authPersonName"":""ГАРЕЕВА ЗИЛЯ УЛЬФАТОВНА"",""authPersonPosition"":""ГЕНЕРАЛЬНЫЙ ДИРЕКТОР""}"
9a8fa64d-c16e-5d29-8118-3faf18595470,9703030189,9703030189,related_company,2,ИП ГАРЕЕВ РУСЛАН МАДЕХАТОВИЧ,025301782402,325028000107678,related_company,,,,,,,,,,,,,,,"{""inn"":""025301782402"",""ogrn"":""325028000107678"",""name"":""ИП ГАРЕЕВ РУСЛАН МАДЕХАТОВИЧ""}"
9a8fa64d-c16e-5d29-8118-3faf18595470,9703030189,9703030189,activity,0,,,,main,,46.73.6,Торговля оптовая прочими строительными материалами и изделиями,,,,,,,,,,,,"{""code"":""46.73.6"",""description"":""Торговля оптовая прочими строительными материалами и изделиями""}"
9a8fa64d-c16e-5d29-8118-3faf18595470,9703030189,9703030189,activity,1,,,,other,,46.69,Торговля оптовая прочими машинами и оборудованием,,,,,,,,,,,,"{""code"":""46.69"",""description"":""Торговля оптовая прочими машинами и оборудованием""}"
9a8fa64d-c16e-5d29-8118-3faf18595470,9703030189,9703030189,activity,2,,,,other,,46.73,"Торговля оптовая лесоматериалами, строительными материалами и санитарно-техническим оборудованием",,,,,,,,,,,,"{""code"":""46.73"",""description"":""Торговля оптовая лесоматериалами, строительными материалами и санитарно-техническим оборудованием""}"
9a8fa64d-c16e-5d29-8118-3faf18595470,9703030189,9703030189,activity,3,,,,other,,41.20,Строительство жилых и нежилых зданий,,,,,,,,,,,,"{""code"":""41.20"",""description"":""Строительство жилых и нежилых зданий""}"
9a8fa64d-c16e-5d29-8118-3faf18595470,9703030189,9703030189,activity,4,,,,other,,46.74,"Торговля оптовая скобяными изделиями, водопроводным и отопительным оборудованием и принадлежностями",,,,,,,,,,,,"{""code"":""46.74"",""description"":""Торговля оптовая скобяными изделиями, водопроводным и отопительным оборудованием и принадлежностями""}"
9a8fa64d-c16e-5d29-8118-3faf18595470,9703030189,9703030189,activity,5,,,,other,,41.10,Разработка строительных проектов,,,,,,,,,,,,"{""code"":""41.10"",""description"":""Разработка строительных проектов""}"
9a8fa64d-c16e-5d29-8118-3faf18595470,9703030189,9703030189,tax_system,0,Общая система налогообложения,,,tax_system,,ОСНО,,,,,,,,,,,,,"{""fullName"":""Общая система налогообложения"",""shortName"":""ОСНО""}"
e1d9f02f-3c82-554b-ac75-aad2acdaa94d,9727128465,9727128465,founder,0,БОДРОВА ЕКАТЕРИНА ВЛАДИМИРОВНА,580603134136,,founder,,,,100,50000,2026-03-24T21:00:00.000Z,True,,,,,,,,"{""name"":""БОДРОВА ЕКАТЕРИНА ВЛАДИМИРОВНА"",""inn"":""580603134136"",""amount"":50000,""share"":100,""dateFrom"":{""$date"":""2026-03-24T21:00:00.000Z""},""active"":true}"
e1d9f02f-3c82-554b-ac75-aad2acdaa94d,9727128465,9727128465,director,0,БОДРОВА ЕКАТЕРИНА ВЛАДИМИРОВНА,580603134136,,director,ГЕНЕРАЛЬНЫЙ ДИРЕКТОР,,,,,2026-03-24T21:00:00.000Z,,,,,,,,,"{""name"":""БОДРОВА ЕКАТЕРИНА ВЛАДИМИРОВНА"",""positionName"":""ГЕНЕРАЛЬНЫЙ ДИРЕКТОР"",""inn"":""580603134136"",""positionDate"":{""$date"":""2026-03-24T21:00:00.000Z""}}"
e1d9f02f-3c82-554b-ac75-aad2acdaa94d,9727128465,9727128465,activity,0,,,,main,,43.39,Производство прочих отделочных и завершающих работ,,,,,,,,,,,,"{""code"":""43.39"",""description"":""Производство прочих отделочных и завершающих работ""}"
e1d9f02f-3c82-554b-ac75-aad2acdaa94d,9727128465,9727128465,activity,1,,,,other,,49.42,Предоставление услуг по перевозкам,,,,,,,,,,,,"{""code"":""49.42"",""description"":""Предоставление услуг по перевозкам""}"
e1d9f02f-3c82-554b-ac75-aad2acdaa94d,9727128465,9727128465,activity,2,,,,other,,96.09,"Предоставление прочих персональных услуг, не включенных в другие группировки",,,,,,,,,,,,"{""code"":""96.09"",""description"":""Предоставление прочих персональных услуг, не включенных в другие группировки""}"
e1d9f02f-3c82-554b-ac75-aad2acdaa94d,9727128465,9727128465,activity,3,,,,other,,46.90,Торговля оптовая неспециализированная,,,,,,,,,,,,"{""code"":""46.90"",""description"":""Торговля оптовая неспециализированная""}"
e1d9f02f-3c82-554b-ac75-aad2acdaa94d,9727128465,9727128465,activity,4,,,,other,,52.24,Транспортная обработка грузов,,,,,,,,,,,,"{""code"":""52.24"",""description"":""Транспортная обработка грузов""}"
e1d9f02f-3c82-554b-ac75-aad2acdaa94d,9727128465,9727128465,activity,5,,,,other,,43.31,Производство штукатурных работ,,,,,,,,,,,,"{""code"":""43.31"",""description"":""Производство штукатурных работ""}"
e1d9f02f-3c82-554b-ac75-aad2acdaa94d,9727128465,9727128465,activity,6,,,,other,,53.20.31,Деятельность по курьерской доставке различными видами транспорта,,,,,,,,,,,,"{""code"":""53.20.31"",""description"":""Деятельность по курьерской доставке различными видами транспорта""}"
e1d9f02f-3c82-554b-ac75-aad2acdaa94d,9727128465,9727128465,activity,7,,,,other,,52.10,Деятельность по складированию и хранению,,,,,,,,,,,,"{""code"":""52.10"",""description"":""Деятельность по складированию и хранению""}"
e1d9f02f-3c82-554b-ac75-aad2acdaa94d,9727128465,9727128465,activity,8,,,,other,,43.22,"Производство санитарно-технических работ, монтаж отопительных систем и систем кондиционирования воздуха",,,,,,,,,,,,"{""code"":""43.22"",""description"":""Производство санитарно-технических работ, монтаж отопительных систем и систем кондиционирования воздуха""}"
e1d9f02f-3c82-554b-ac75-aad2acdaa94d,9727128465,9727128465,activity,9,,,,other,,41.20,Строительство жилых и нежилых зданий,,,,,,,,,,,,"{""code"":""41.20"",""description"":""Строительство жилых и нежилых зданий""}"
e1d9f02f-3c82-554b-ac75-aad2acdaa94d,9727128465,9727128465,activity,10,,,,other,,43.21,Производство электромонтажных работ,,,,,,,,,,,,"{""code"":""43.21"",""description"":""Производство электромонтажных работ""}"
e1d9f02f-3c82-554b-ac75-aad2acdaa94d,9727128465,9727128465,activity,11,,,,other,,43.99,"Работы строительные специализированные прочие, не включенные в другие группировки",,,,,,,,,,,,"{""code"":""43.99"",""description"":""Работы строительные специализированные прочие, не включенные в другие группировки""}"
e1d9f02f-3c82-554b-ac75-aad2acdaa94d,9727128465,9727128465,activity,12,,,,other,,43.12,Подготовка строительной площадки,,,,,,,,,,,,"{""code"":""43.12"",""description"":""Подготовка строительной площадки""}"
e1d9f02f-3c82-554b-ac75-aad2acdaa94d,9727128465,9727128465,activity,13,,,,other,,43.11,Разборка и снос зданий,,,,,,,,,,,,"{""code"":""43.11"",""description"":""Разборка и снос зданий""}"
e1d9f02f-3c82-554b-ac75-aad2acdaa94d,9727128465,9727128465,activity,14,,,,other,,43.33,Работы по устройству покрытий полов и облицовке стен,,,,,,,,,,,,"{""code"":""43.33"",""description"":""Работы по устройству покрытий полов и облицовке стен""}"
e1d9f02f-3c82-554b-ac75-aad2acdaa94d,9727128465,9727128465,activity,15,,,,other,,47.52.79,"Торговля розничная прочими строительными материалами, не включенными в другие группировки, в специализированных магазинах",,,,,,,,,,,,"{""code"":""47.52.79"",""description"":""Торговля розничная прочими строительными материалами, не включенными в другие группировки, в специализированных магазинах""}"
e1d9f02f-3c82-554b-ac75-aad2acdaa94d,9727128465,9727128465,activity,16,,,,other,,74.10,Деятельность специализированная в области дизайна,,,,,,,,,,,,"{""code"":""74.10"",""description"":""Деятельность специализированная в области дизайна""}"
e1d9f02f-3c82-554b-ac75-aad2acdaa94d,9727128465,9727128465,activity,17,,,,other,,47.19,Торговля розничная прочая в неспециализированных магазинах,,,,,,,,,,,,"{""code"":""47.19"",""description"":""Торговля розничная прочая в неспециализированных магазинах""}"
e1d9f02f-3c82-554b-ac75-aad2acdaa94d,9727128465,9727128465,activity,18,,,,other,,47.99,"Торговля розничная прочая вне магазинов, палаток, рынков",,,,,,,,,,,,"{""code"":""47.99"",""description"":""Торговля розничная прочая вне магазинов, палаток, рынков""}"
e1d9f02f-3c82-554b-ac75-aad2acdaa94d,9727128465,9727128465,activity,19,,,,other,,46.73,"Торговля оптовая лесоматериалами, строительными материалами и санитарно-техническим оборудованием",,,,,,,,,,,,"{""code"":""46.73"",""description"":""Торговля оптовая лесоматериалами, строительными материалами и санитарно-техническим оборудованием""}"
e1d9f02f-3c82-554b-ac75-aad2acdaa94d,9727128465,9727128465,activity,20,,,,other,,46.13,Деятельность агентов по оптовой торговле лесоматериалами и строительными материалами,,,,,,,,,,,,"{""code"":""46.13"",""description"":""Деятельность агентов по оптовой торговле лесоматериалами и строительными материалами""}"
e1d9f02f-3c82-554b-ac75-aad2acdaa94d,9727128465,9727128465,activity,21,,,,other,,43.32,Работы столярные и плотничные,,,,,,,,,,,,"{""code"":""43.32"",""description"":""Работы столярные и плотничные""}"
e1d9f02f-3c82-554b-ac75-aad2acdaa94d,9727128465,9727128465,activity,22,,,,other,,43.29,Производство прочих строительно-монтажных работ,,,,,,,,,,,,"{""code"":""43.29"",""description"":""Производство прочих строительно-монтажных работ""}"
e1d9f02f-3c82-554b-ac75-aad2acdaa94d,9727128465,9727128465,activity,23,,,,other,,43.91,Производство кровельных работ,,,,,,,,,,,,"{""code"":""43.91"",""description"":""Производство кровельных работ""}"
e1d9f02f-3c82-554b-ac75-aad2acdaa94d,9727128465,9727128465,activity,24,,,,other,,41.10,Разработка строительных проектов,,,,,,,,,,,,"{""code"":""41.10"",""description"":""Разработка строительных проектов""}"
e1d9f02f-3c82-554b-ac75-aad2acdaa94d,9727128465,9727128465,activity,25,,,,other,,43.34,Производство малярных и стекольных работ,,,,,,,,,,,,"{""code"":""43.34"",""description"":""Производство малярных и стекольных работ""}"
e1d9f02f-3c82-554b-ac75-aad2acdaa94d,9727128465,9727128465,tax_system,0,Общая система налогообложения,,,tax_system,,ОСНО,,,,,,,,,,,,,"{""fullName"":""Общая система налогообложения"",""shortName"":""ОСНО""}"
745ab158-ee00-5462-b373-f61f2290bc47,3711039473,3711039473,founder,0,ПОТАПЕНКО АРТЁМ ВИКТОРОВИЧ,370260725555,,founder,,,,100,10000,2015-09-23T21:00:00.000Z,True,,,,,,,,"{""name"":""ПОТАПЕНКО АРТЁМ ВИКТОРОВИЧ"",""inn"":""370260725555"",""amount"":10000,""share"":100,""dateFrom"":{""$date"":""2015-09-23T21:00:00.000Z""},""active"":true}"
745ab158-ee00-5462-b373-f61f2290bc47,3711039473,3711039473,founder,1,ПОТАПЕНКО АРТЁМ ВИКТОРОВИЧ,370260725555,,founder,,,,100,100000000,2015-09-23T21:00:00.000Z,True,,,,,,,,"{""name"":""ПОТАПЕНКО АРТЁМ ВИКТОРОВИЧ"",""inn"":""370260725555"",""amount"":100000000,""share"":100,""dateFrom"":{""$date"":""2015-09-23T21:00:00.000Z""},""active"":true}"
745ab158-ee00-5462-b373-f61f2290bc47,3711039473,3711039473,director,0,МИХАЙЛЮК АЛЕКСАНДР АЛЕКСАНДРОВИЧ,713201968240,,director,ДИРЕКТОР,,,,,2026-06-07T21:00:00.000Z,,,,,,,,,"{""name"":""МИХАЙЛЮК АЛЕКСАНДР АЛЕКСАНДРОВИЧ"",""positionName"":""ДИРЕКТОР"",""inn"":""713201968240"",""positionDate"":{""$date"":""2026-06-07T21:00:00.000Z""}}"
745ab158-ee00-5462-b373-f61f2290bc47,3711039473,3711039473,related_company,0,"ООО ""ТЕПЛОПРОМ ПЛЮС""",3702263775,1213700013119,related_company,,,,,,,,2021-10-06T21:00:00.000Z,,,,,ГАЛАЙ СЕРГЕЙ НИКОЛАЕВИЧ,ДИРЕКТОР,"{""inn"":""3702263775"",""ogrn"":""1213700013119"",""name"":""ООО \""ТЕПЛОПРОМ ПЛЮС\"""",""registrationDate"":{""$date"":""2021-10-06T21:00:00.000Z""},""authPersonName"":""ГАЛАЙ СЕРГЕЙ НИКОЛАЕВИЧ"",""authPersonPosition"":""ДИРЕКТОР""}"
745ab158-ee00-5462-b373-f61f2290bc47,3711039473,3711039473,related_company,1,"ООО ""СОИНТЕК""",3711026900,1103711000656,related_company,,,,,,,,2010-04-28T20:00:00.000Z,,,,,ПОТАПЕНКО АРТЁМ ВИКТОРОВИЧ,ДИРЕКТОР,"{""inn"":""3711026900"",""ogrn"":""1103711000656"",""name"":""ООО \""СОИНТЕК\"""",""registrationDate"":{""$date"":""2010-04-28T20:00:00.000Z""},""authPersonName"":""ПОТАПЕНКО АРТЁМ ВИКТОРОВИЧ"",""authPersonPosition"":""ДИРЕКТОР""}"
745ab158-ee00-5462-b373-f61f2290bc47,3711039473,3711039473,related_company,2,"ООО ""ЗЕРНОПРОДУКТ""",7113067263,1077142000650,related_company,,,,,,,,2007-07-18T20:00:00.000Z,,,,,МИХАЙЛЮК АЛЕКСАНДР АЛЕКСАНДРОВИЧ,ДИРЕКТОР,"{""inn"":""7113067263"",""ogrn"":""1077142000650"",""name"":""ООО \""ЗЕРНОПРОДУКТ\"""",""registrationDate"":{""$date"":""2007-07-18T20:00:00.000Z""},""authPersonName"":""МИХАЙЛЮК АЛЕКСАНДР АЛЕКСАНДРОВИЧ"",""authPersonPosition"":""ДИРЕКТОР""}"
745ab158-ee00-5462-b373-f61f2290bc47,3711039473,3711039473,related_company,3,"ООО ""ТЕХСНАБИНВЕСТ""",3702012041,1033700059480,related_company,,,,,,,,2003-01-30T21:00:00.000Z,,,,,ПОТАПЕНКО АРТЁМ ВИКТОРОВИЧ,ГЕНЕРАЛЬНЫЙ ДИРЕКТОР,"{""inn"":""3702012041"",""ogrn"":""1033700059480"",""name"":""ООО \""ТЕХСНАБИНВЕСТ\"""",""registrationDate"":{""$date"":""2003-01-30T21:00:00.000Z""},""authPersonName"":""ПОТАПЕНКО АРТЁМ ВИКТОРОВИЧ"",""authPersonPosition"":""ГЕНЕРАЛЬНЫЙ ДИРЕКТОР""}"
745ab158-ee00-5462-b373-f61f2290bc47,3711039473,3711039473,related_company,4,"ООО ""СК ЛИДЕР ИНВЕСТ""",3700018827,1243700003535,related_company,,,,,,,,2024-04-10T21:00:00.000Z,,,,,ГРУЗДЕВ НИКОЛАЙ ВАЛЕРЬЕВИЧ,ДИРЕКТОР,"{""inn"":""3700018827"",""ogrn"":""1243700003535"",""name"":""ООО \""СК ЛИДЕР ИНВЕСТ\"""",""registrationDate"":{""$date"":""2024-04-10T21:00:00.000Z""},""authPersonName"":""ГРУЗДЕВ НИКОЛАЙ ВАЛЕРЬЕВИЧ"",""authPersonPosition"":""ДИРЕКТОР""}"
745ab158-ee00-5462-b373-f61f2290bc47,3711039473,3711039473,related_company,5,"ООО ""САВТЕКС""",3702240746,1203700005960,related_company,,,,,,,,2020-03-19T21:00:00.000Z,,,,,ПОТАПЕНКО АРТЁМ ВИКТОРОВИЧ,ДИРЕКТОР,"{""inn"":""3702240746"",""ogrn"":""1203700005960"",""name"":""ООО \""САВТЕКС\"""",""registrationDate"":{""$date"":""2020-03-19T21:00:00.000Z""},""authPersonName"":""ПОТАПЕНКО АРТЁМ ВИКТОРОВИЧ"",""authPersonPosition"":""ДИРЕКТОР""}"
745ab158-ee00-5462-b373-f61f2290bc47,3711039473,3711039473,related_company,6,ИП ПОТАПЕНКО АРТЁМ ВИКТОРОВИЧ,370260725555,316370200097435,related_company,,,,,,,,,,,,,,,"{""inn"":""370260725555"",""ogrn"":""316370200097435"",""name"":""ИП ПОТАПЕНКО АРТЁМ ВИКТОРОВИЧ""}"
745ab158-ee00-5462-b373-f61f2290bc47,3711039473,3711039473,activity,0,,,,main,,14.12,Производство спецодежды,,,,,,,,,,,,"{""code"":""14.12"",""description"":""Производство спецодежды""}"
745ab158-ee00-5462-b373-f61f2290bc47,3711039473,3711039473,activity,1,,,,other,,47.51,Торговля розничная текстильными изделиями в специализированных магазинах,,,,,,,,,,,,"{""code"":""47.51"",""description"":""Торговля розничная текстильными изделиями в специализированных магазинах""}"
745ab158-ee00-5462-b373-f61f2290bc47,3711039473,3711039473,activity,2,,,,other,,46.41,Торговля оптовая текстильными изделиями,,,,,,,,,,,,"{""code"":""46.41"",""description"":""Торговля оптовая текстильными изделиями""}"
745ab158-ee00-5462-b373-f61f2290bc47,3711039473,3711039473,activity,3,,,,other,,46.41.2,Торговля оптовая галантерейными изделиями,,,,,,,,,,,,"{""code"":""46.41.2"",""description"":""Торговля оптовая галантерейными изделиями""}"
745ab158-ee00-5462-b373-f61f2290bc47,3711039473,3711039473,activity,4,,,,other,,13.92,"Производство готовых текстильных изделий, кроме одежды",,,,,,,,,,,,"{""code"":""13.92"",""description"":""Производство готовых текстильных изделий, кроме одежды""}"
745ab158-ee00-5462-b373-f61f2290bc47,3711039473,3711039473,activity,5,,,,other,,47.71,Торговля розничная одеждой в специализированных магазинах,,,,,,,,,,,,"{""code"":""47.71"",""description"":""Торговля розничная одеждой в специализированных магазинах""}"
745ab158-ee00-5462-b373-f61f2290bc47,3711039473,3711039473,activity,6,,,,other,,45.31,"Торговля оптовая автомобильными деталями, узлами и принадлежностями",,,,,,,,,,,,"{""code"":""45.31"",""description"":""Торговля оптовая автомобильными деталями, узлами и принадлежностями""}"
745ab158-ee00-5462-b373-f61f2290bc47,3711039473,3711039473,activity,7,,,,other,,49.4,Деятельность автомобильного грузового транспорта и услуги по перевозкам,,,,,,,,,,,,"{""code"":""49.4"",""description"":""Деятельность автомобильного грузового транспорта и услуги по перевозкам""}"
745ab158-ee00-5462-b373-f61f2290bc47,3711039473,3711039473,activity,8,,,,other,,46.42,Торговля оптовая одеждой и обувью,,,,,,,,,,,,"{""code"":""46.42"",""description"":""Торговля оптовая одеждой и обувью""}"
745ab158-ee00-5462-b373-f61f2290bc47,3711039473,3711039473,activity,9,,,,other,,46.64,"Торговля оптовая машинами и оборудованием для текстильного, швейного и трикотажного производств",,,,,,,,,,,,"{""code"":""46.64"",""description"":""Торговля оптовая машинами и оборудованием для текстильного, швейного и трикотажного производств""}"
745ab158-ee00-5462-b373-f61f2290bc47,3711039473,3711039473,activity,10,,,,other,,46.76,Торговля оптовая прочими промежуточными продуктами,,,,,,,,,,,,"{""code"":""46.76"",""description"":""Торговля оптовая прочими промежуточными продуктами""}"
745ab158-ee00-5462-b373-f61f2290bc47,3711039473,3711039473,activity,11,,,,other,,13.10,Подготовка и прядение текстильных волокон,,,,,,,,,,,,"{""code"":""13.10"",""description"":""Подготовка и прядение текстильных волокон""}"
745ab158-ee00-5462-b373-f61f2290bc47,3711039473,3711039473,activity,12,,,,other,,13.20,Производство текстильных тканей,,,,,,,,,,,,"{""code"":""13.20"",""description"":""Производство текстильных тканей""}"
745ab158-ee00-5462-b373-f61f2290bc47,3711039473,3711039473,activity,13,,,,other,,13.30,Отделка тканей и текстильных изделий,,,,,,,,,,,,"{""code"":""13.30"",""description"":""Отделка тканей и текстильных изделий""}"
745ab158-ee00-5462-b373-f61f2290bc47,3711039473,3711039473,activity,14,,,,other,,14.12,Производство спецодежды,,,,,,,,,,,,"{""code"":""14.12"",""description"":""Производство спецодежды""}"
745ab158-ee00-5462-b373-f61f2290bc47,3711039473,3711039473,activity,15,,,,other,,68.20,Аренда и управление собственным или арендованным недвижимым имуществом,,,,,,,,,,,,"{""code"":""68.20"",""description"":""Аренда и управление собственным или арендованным недвижимым имуществом""}"
745ab158-ee00-5462-b373-f61f2290bc47,3711039473,3711039473,activity,16,,,,other,,14.19,Производство прочей одежды и аксессуаров одежды,,,,,,,,,,,,"{""code"":""14.19"",""description"":""Производство прочей одежды и аксессуаров одежды""}"
745ab158-ee00-5462-b373-f61f2290bc47,3711039473,3711039473,activity,17,,,,other,,13.20.2,Производство хлопчатобумажных тканей,,,,,,,,,,,,"{""code"":""13.20.2"",""description"":""Производство хлопчатобумажных тканей""}"
745ab158-ee00-5462-b373-f61f2290bc47,3711039473,3711039473,activity,18,,,,other,,68.20.29,Аренда и управление собственным или арендованным прочим нежилым недвижимым имуществом,,,,,,,,,,,,"{""code"":""68.20.29"",""description"":""Аренда и управление собственным или арендованным прочим нежилым недвижимым имуществом""}"
745ab158-ee00-5462-b373-f61f2290bc47,3711039473,3711039473,activity,19,,,,other,,13.30.1,"Отбеливание и окрашивание текстиля, волокон, тканей и текстильных изделий, включая готовую одежду",,,,,,,,,,,,"{""code"":""13.30.1"",""description"":""Отбеливание и окрашивание текстиля, волокон, тканей и текстильных изделий, включая готовую одежду""}"
745ab158-ee00-5462-b373-f61f2290bc47,3711039473,3711039473,activity,20,,,,other,,14.19.13,"Производство трикотажных или вязаных перчаток, рукавиц (варежек) и митенок",,,,,,,,,,,,"{""code"":""14.19.13"",""description"":""Производство трикотажных или вязаных перчаток, рукавиц (варежек) и митенок""}"
745ab158-ee00-5462-b373-f61f2290bc47,3711039473,3711039473,phone,0,,,,phone,,,,,,,,,,,920,3581030,,,"{""phoneCode"":""920"",""phoneNumber"":""3581030""}"
745ab158-ee00-5462-b373-f61f2290bc47,3711039473,3711039473,phone,1,,,,phone,,,,,,,,,,,920,3601777,,,"{""phoneCode"":""920"",""phoneNumber"":""3601777""}"
745ab158-ee00-5462-b373-f61f2290bc47,3711039473,3711039473,phone,2,,,,phone,,,,,,,,,,,930,3417174,,,"{""phoneCode"":""930"",""phoneNumber"":""3417174""}"
745ab158-ee00-5462-b373-f61f2290bc47,3711039473,3711039473,phone,3,,,,phone,,,,,,,,,,,930,3548555,,,"{""phoneCode"":""930"",""phoneNumber"":""3548555""}"
745ab158-ee00-5462-b373-f61f2290bc47,3711039473,3711039473,tax_system,0,Общая система налогообложения,,,tax_system,,ОСНО,,,,,,,,,,,,,"{""fullName"":""Общая система налогообложения"",""shortName"":""ОСНО""}"
14a77196-646e-552a-aabf-5949d0983a33,615513451530,615513451530,activity,0,,,,main,,46.49,Торговля оптовая прочими бытовыми товарами,,,,,,,,,,,,"{""code"":""46.49"",""description"":""Торговля оптовая прочими бытовыми товарами""}"
14a77196-646e-552a-aabf-5949d0983a33,615513451530,615513451530,activity,1,,,,other,,62.09,"Деятельность, связанная с использованием вычислительной техники и информационных технологий, прочая",,,,,,,,,,,,"{""code"":""62.09"",""description"":""Деятельность, связанная с использованием вычислительной техники и информационных технологий, прочая""}"
14a77196-646e-552a-aabf-5949d0983a33,615513451530,615513451530,activity,2,,,,other,,47.99,"Торговля розничная прочая вне магазинов, палаток, рынков",,,,,,,,,,,,"{""code"":""47.99"",""description"":""Торговля розничная прочая вне магазинов, палаток, рынков""}"
14a77196-646e-552a-aabf-5949d0983a33,615513451530,615513451530,activity,3,,,,other,,45.32,"Торговля розничная автомобильными деталями, узлами и принадлежностями",,,,,,,,,,,,"{""code"":""45.32"",""description"":""Торговля розничная автомобильными деталями, узлами и принадлежностями""}"
14a77196-646e-552a-aabf-5949d0983a33,615513451530,615513451530,activity,4,,,,other,,45.31,"Торговля оптовая автомобильными деталями, узлами и принадлежностями",,,,,,,,,,,,"{""code"":""45.31"",""description"":""Торговля оптовая автомобильными деталями, узлами и принадлежностями""}"
14a77196-646e-552a-aabf-5949d0983a33,615513451530,615513451530,activity,5,,,,other,,46.49,Торговля оптовая прочими бытовыми товарами,,,,,,,,,,,,"{""code"":""46.49"",""description"":""Торговля оптовая прочими бытовыми товарами""}"
14a77196-646e-552a-aabf-5949d0983a33,615513451530,615513451530,activity,6,,,,other,,47.52,"Торговля розничная скобяными изделиями, лакокрасочными материалами и стеклом в специализированных магазинах",,,,,,,,,,,,"{""code"":""47.52"",""description"":""Торговля розничная скобяными изделиями, лакокрасочными материалами и стеклом в специализированных магазинах""}"
14a77196-646e-552a-aabf-5949d0983a33,615513451530,615513451530,activity,7,,,,other,,47.19,Торговля розничная прочая в неспециализированных магазинах,,,,,,,,,,,,"{""code"":""47.19"",""description"":""Торговля розничная прочая в неспециализированных магазинах""}"
14a77196-646e-552a-aabf-5949d0983a33,615513451530,615513451530,activity,8,,,,other,,46.74,"Торговля оптовая скобяными изделиями, водопроводным и отопительным оборудованием и принадлежностями",,,,,,,,,,,,"{""code"":""46.74"",""description"":""Торговля оптовая скобяными изделиями, водопроводным и отопительным оборудованием и принадлежностями""}"
14a77196-646e-552a-aabf-5949d0983a33,615513451530,615513451530,activity,9,,,,other,,47.78,Торговля розничная прочая в специализированных магазинах,,,,,,,,,,,,"{""code"":""47.78"",""description"":""Торговля розничная прочая в специализированных магазинах""}"
14a77196-646e-552a-aabf-5949d0983a33,615513451530,615513451530,activity,10,,,,other,,46.43,Торговля оптовая бытовыми электротоварами,,,,,,,,,,,,"{""code"":""46.43"",""description"":""Торговля оптовая бытовыми электротоварами""}"
14a77196-646e-552a-aabf-5949d0983a33,615513451530,615513451530,activity,11,,,,other,,47.89,Торговля розничная в нестационарных торговых объектах и на рынках прочими товарами,,,,,,,,,,,,"{""code"":""47.89"",""description"":""Торговля розничная в нестационарных торговых объектах и на рынках прочими товарами""}"
14a77196-646e-552a-aabf-5949d0983a33,615513451530,615513451530,activity,12,,,,other,,46.44,Торговля оптовая изделиями из керамики и стекла и чистящими средствами,,,,,,,,,,,,"{""code"":""46.44"",""description"":""Торговля оптовая изделиями из керамики и стекла и чистящими средствами""}"
14a77196-646e-552a-aabf-5949d0983a33,615513451530,615513451530,activity,13,,,,other,,49.42,Предоставление услуг по перевозкам,,,,,,,,,,,,"{""code"":""49.42"",""description"":""Предоставление услуг по перевозкам""}"
14a77196-646e-552a-aabf-5949d0983a33,615513451530,615513451530,activity,14,,,,other,,46.61.2,Торговля оптовая садово-огородной техникой и инвентарем,,,,,,,,,,,,"{""code"":""46.61.2"",""description"":""Торговля оптовая садово-огородной техникой и инвентарем""}"
14a77196-646e-552a-aabf-5949d0983a33,615513451530,615513451530,activity,15,,,,other,,47.59,"Торговля розничная мебелью, осветительными приборами и прочими бытовыми изделиями в специализированных магазинах",,,,,,,,,,,,"{""code"":""47.59"",""description"":""Торговля розничная мебелью, осветительными приборами и прочими бытовыми изделиями в специализированных магазинах""}"
14a77196-646e-552a-aabf-5949d0983a33,615513451530,615513451530,activity,16,,,,other,,46.90,Торговля оптовая неспециализированная,,,,,,,,,,,,"{""code"":""46.90"",""description"":""Торговля оптовая неспециализированная""}"
14a77196-646e-552a-aabf-5949d0983a33,615513451530,615513451530,activity,17,,,,other,,46.41.1,"Торговля оптовая текстильными изделиями, кроме текстильных галантерейных изделий",,,,,,,,,,,,"{""code"":""46.41.1"",""description"":""Торговля оптовая текстильными изделиями, кроме текстильных галантерейных изделий""}"
14a77196-646e-552a-aabf-5949d0983a33,615513451530,615513451530,activity,18,,,,other,,47.91,Торговля розничная по почте или по информационно-коммуникационной сети Интернет,,,,,,,,,,,,"{""code"":""47.91"",""description"":""Торговля розничная по почте или по информационно-коммуникационной сети Интернет""}"
4c66584d-4c34-5d00-b2e6-10250f9b938d,5029069967,5029069967,founder,0,КОММАНДИТНОЕ ТОВАРИЩЕСТВО СЕНАРИ ХОЛДИНГ ЛП,,,founder,,,,99,5979981372,2023-11-30T21:00:00.000Z,True,,,,,,,,"{""name"":""КОММАНДИТНОЕ ТОВАРИЩЕСТВО СЕНАРИ ХОЛДИНГ ЛП"",""amount"":{""$numberLong"":""5979981372""},""share"":99,""dateFrom"":{""$date"":""2023-11-30T21:00:00.000Z""},""active"":true}"
4c66584d-4c34-5d00-b2e6-10250f9b938d,5029069967,5029069967,founder,1,"АКЦИОНЕРНОЕ ОБЩЕСТВО ""ГРУП АДЕО""",,,founder,,,,0,418628,2008-12-16T21:00:00.000Z,True,,,,,,,,"{""name"":""АКЦИОНЕРНОЕ ОБЩЕСТВО \""ГРУП АДЕО\"""",""amount"":418628,""share"":0,""dateFrom"":{""$date"":""2008-12-16T21:00:00.000Z""},""active"":true}"
4c66584d-4c34-5d00-b2e6-10250f9b938d,5029069967,5029069967,director,0,"ДЕФАССЬЕ ЛОРАН, ЛУИ, КЛОД ",772583829309,,director,ГЕНЕРАЛЬНЫЙ ДИРЕКТОР,,,,,2021-12-06T21:00:00.000Z,,,,,,,,,"{""name"":""ДЕФАССЬЕ ЛОРАН, ЛУИ, КЛОД "",""positionName"":""ГЕНЕРАЛЬНЫЙ ДИРЕКТОР"",""inn"":""772583829309"",""positionDate"":{""$date"":""2021-12-06T21:00:00.000Z""}}"
4c66584d-4c34-5d00-b2e6-10250f9b938d,5029069967,5029069967,related_company,0,"ООО ""ПРО ВОСТОК""",7725498851,1187746914959,related_company,,,,,,,,2018-11-05T21:00:00.000Z,,,,,"ДЕФАССЬЕ ЛОРАН, ЛУИ, КЛОД null",ГЕНЕРАЛЬНЫЙ ДИРЕКТОР,"{""inn"":""7725498851"",""ogrn"":""1187746914959"",""name"":""ООО \""ПРО ВОСТОК\"""",""registrationDate"":{""$date"":""2018-11-05T21:00:00.000Z""},""authPersonName"":""ДЕФАССЬЕ ЛОРАН, ЛУИ, КЛОД null"",""authPersonPosition"":""ГЕНЕРАЛЬНЫЙ ДИРЕКТОР""}"
4c66584d-4c34-5d00-b2e6-10250f9b938d,5029069967,5029069967,activity,0,,,,main,,47.59,"Торговля розничная мебелью, осветительными приборами и прочими бытовыми изделиями в специализированных магазинах",,,,,,,,,,,,"{""code"":""47.59"",""description"":""Торговля розничная мебелью, осветительными приборами и прочими бытовыми изделиями в специализированных магазинах""}"
4c66584d-4c34-5d00-b2e6-10250f9b938d,5029069967,5029069967,activity,1,,,,other,,13.92,"Производство готовых текстильных изделий, кроме одежды",,,,,,,,,,,,"{""code"":""13.92"",""description"":""Производство готовых текстильных изделий, кроме одежды""}"
4c66584d-4c34-5d00-b2e6-10250f9b938d,5029069967,5029069967,activity,2,,,,other,,46.44.1,Торговля оптовая изделиями из керамики и стекла,,,,,,,,,,,,"{""code"":""46.44.1"",""description"":""Торговля оптовая изделиями из керамики и стекла""}"
4c66584d-4c34-5d00-b2e6-10250f9b938d,5029069967,5029069967,activity,3,,,,other,,43.34,Производство малярных и стекольных работ,,,,,,,,,,,,"{""code"":""43.34"",""description"":""Производство малярных и стекольных работ""}"
4c66584d-4c34-5d00-b2e6-10250f9b938d,5029069967,5029069967,activity,4,,,,other,,46.73,"Торговля оптовая лесоматериалами, строительными материалами и санитарно-техническим оборудованием",,,,,,,,,,,,"{""code"":""46.73"",""description"":""Торговля оптовая лесоматериалами, строительными материалами и санитарно-техническим оборудованием""}"
4c66584d-4c34-5d00-b2e6-10250f9b938d,5029069967,5029069967,activity,5,,,,other,,46.90,Торговля оптовая неспециализированная,,,,,,,,,,,,"{""code"":""46.90"",""description"":""Торговля оптовая неспециализированная""}"
4c66584d-4c34-5d00-b2e6-10250f9b938d,5029069967,5029069967,activity,6,,,,other,,47.52.72,Торговля розничная кирпичом в специализированных магазинах,,,,,,,,,,,,"{""code"":""47.52.72"",""description"":""Торговля розничная кирпичом в специализированных магазинах""}"
4c66584d-4c34-5d00-b2e6-10250f9b938d,5029069967,5029069967,activity,7,,,,other,,47.59.2,"Торговля розничная различной домашней утварью, ножевыми изделиями, посудой, изделиями из стекла и керамики, в том числе фарфора и фаянса в специализированных магазинах",,,,,,,,,,,,"{""code"":""47.59.2"",""description"":""Торговля розничная различной домашней утварью, ножевыми изделиями, посудой, изделиями из стекла и керамики, в том числе фарфора и фаянса в специализированных магазинах""}"
4c66584d-4c34-5d00-b2e6-10250f9b938d,5029069967,5029069967,activity,8,,,,other,,47.52.5,Торговля розничная санитарно-техническим оборудованием в специализированных магазинах,,,,,,,,,,,,"{""code"":""47.52.5"",""description"":""Торговля розничная санитарно-техническим оборудованием в специализированных магазинах""}"
4c66584d-4c34-5d00-b2e6-10250f9b938d,5029069967,5029069967,activity,9,,,,other,,47.91,Торговля розничная по почте или по информационно-коммуникационной сети Интернет,,,,,,,,,,,,"{""code"":""47.91"",""description"":""Торговля розничная по почте или по информационно-коммуникационной сети Интернет""}"
4c66584d-4c34-5d00-b2e6-10250f9b938d,5029069967,5029069967,activity,10,,,,other,,52.29,"Деятельность вспомогательная прочая, связанная с перевозками",,,,,,,,,,,,"{""code"":""52.29"",""description"":""Деятельность вспомогательная прочая, связанная с перевозками""}"
4c66584d-4c34-5d00-b2e6-10250f9b938d,5029069967,5029069967,activity,11,,,,other,,95.22.1,Ремонт бытовой техники,,,,,,,,,,,,"{""code"":""95.22.1"",""description"":""Ремонт бытовой техники""}"
4c66584d-4c34-5d00-b2e6-10250f9b938d,5029069967,5029069967,activity,12,,,,other,,16.29.14,"Производство деревянных рам для картин, фотографий, зеркал или аналогичных предметов и прочих изделий из дерева",,,,,,,,,,,,"{""code"":""16.29.14"",""description"":""Производство деревянных рам для картин, фотографий, зеркал или аналогичных предметов и прочих изделий из дерева""}"
4c66584d-4c34-5d00-b2e6-10250f9b938d,5029069967,5029069967,activity,13,,,,other,,47.19,Торговля розничная прочая в неспециализированных магазинах,,,,,,,,,,,,"{""code"":""47.19"",""description"":""Торговля розничная прочая в неспециализированных магазинах""}"
4c66584d-4c34-5d00-b2e6-10250f9b938d,5029069967,5029069967,activity,14,,,,other,,46.47.1,Торговля оптовая бытовой мебелью,,,,,,,,,,,,"{""code"":""46.47.1"",""description"":""Торговля оптовая бытовой мебелью""}"
4c66584d-4c34-5d00-b2e6-10250f9b938d,5029069967,5029069967,activity,15,,,,other,,46.43.1,Торговля оптовая электрической бытовой техникой,,,,,,,,,,,,"{""code"":""46.43.1"",""description"":""Торговля оптовая электрической бытовой техникой""}"
4c66584d-4c34-5d00-b2e6-10250f9b938d,5029069967,5029069967,activity,16,,,,other,,46.73.7,Торговля оптовая обоями,,,,,,,,,,,,"{""code"":""46.73.7"",""description"":""Торговля оптовая обоями""}"
4c66584d-4c34-5d00-b2e6-10250f9b938d,5029069967,5029069967,activity,17,,,,other,,47.54,Торговля розничная бытовыми электротоварами в специализированных магазинах,,,,,,,,,,,,"{""code"":""47.54"",""description"":""Торговля розничная бытовыми электротоварами в специализированных магазинах""}"
4c66584d-4c34-5d00-b2e6-10250f9b938d,5029069967,5029069967,activity,18,,,,other,,47.52.6,Торговля розничная садово-огородной техникой и инвентарем в специализированных магазинах,,,,,,,,,,,,"{""code"":""47.52.6"",""description"":""Торговля розничная садово-огородной техникой и инвентарем в специализированных магазинах""}"
4c66584d-4c34-5d00-b2e6-10250f9b938d,5029069967,5029069967,activity,19,,,,other,,47.76.1,"Торговля розничная цветами и другими растениями, семенами и удобрениями в специализированных магазинах",,,,,,,,,,,,"{""code"":""47.76.1"",""description"":""Торговля розничная цветами и другими растениями, семенами и удобрениями в специализированных магазинах""}"
4c66584d-4c34-5d00-b2e6-10250f9b938d,5029069967,5029069967,activity,20,,,,other,,70.10.2,Деятельность по управлению холдинг-компаниями,,,,,,,,,,,,"{""code"":""70.10.2"",""description"":""Деятельность по управлению холдинг-компаниями""}"
4c66584d-4c34-5d00-b2e6-10250f9b938d,5029069967,5029069967,activity,21,,,,other,,52.10,Деятельность по складированию и хранению,,,,,,,,,,,,"{""code"":""52.10"",""description"":""Деятельность по складированию и хранению""}"
4c66584d-4c34-5d00-b2e6-10250f9b938d,5029069967,5029069967,activity,22,,,,other,,43.32,Работы столярные и плотничные,,,,,,,,,,,,"{""code"":""43.32"",""description"":""Работы столярные и плотничные""}"
4c66584d-4c34-5d00-b2e6-10250f9b938d,5029069967,5029069967,activity,23,,,,other,,46.43.2,"Торговля оптовая радио-, теле- и видеоаппаратурой и аппаратурой для цифровых видеодисков (DVD)",,,,,,,,,,,,"{""code"":""46.43.2"",""description"":""Торговля оптовая радио-, теле- и видеоаппаратурой и аппаратурой для цифровых видеодисков (DVD)""}"
4c66584d-4c34-5d00-b2e6-10250f9b938d,5029069967,5029069967,activity,24,,,,other,,46.47.3,Торговля оптовая коврами и ковровыми изделиями,,,,,,,,,,,,"{""code"":""46.47.3"",""description"":""Торговля оптовая коврами и ковровыми изделиями""}"
4c66584d-4c34-5d00-b2e6-10250f9b938d,5029069967,5029069967,activity,25,,,,other,,47.43,Торговля розничная аудио- и видеотехникой в специализированных магазинах,,,,,,,,,,,,"{""code"":""47.43"",""description"":""Торговля розничная аудио- и видеотехникой в специализированных магазинах""}"
4c66584d-4c34-5d00-b2e6-10250f9b938d,5029069967,5029069967,activity,26,,,,other,,46.74,"Торговля оптовая скобяными изделиями, водопроводным и отопительным оборудованием и принадлежностями",,,,,,,,,,,,"{""code"":""46.74"",""description"":""Торговля оптовая скобяными изделиями, водопроводным и отопительным оборудованием и принадлежностями""}"
4c66584d-4c34-5d00-b2e6-10250f9b938d,5029069967,5029069967,activity,27,,,,other,,47.52.71,Торговля розничная пиломатериалами в специализированных магазинах,,,,,,,,,,,,"{""code"":""47.52.71"",""description"":""Торговля розничная пиломатериалами в специализированных магазинах""}"
4c66584d-4c34-5d00-b2e6-10250f9b938d,5029069967,5029069967,activity,28,,,,other,,47.59.1,Торговля розничная мебелью в специализированных магазинах,,,,,,,,,,,,"{""code"":""47.59.1"",""description"":""Торговля розничная мебелью в специализированных магазинах""}"
4c66584d-4c34-5d00-b2e6-10250f9b938d,5029069967,5029069967,activity,29,,,,other,,47.78.9,"Торговля розничная непродовольственными товарами, не включенными в другие группировки, в специализированных магазинах",,,,,,,,,,,,"{""code"":""47.78.9"",""description"":""Торговля розничная непродовольственными товарами, не включенными в другие группировки, в специализированных магазинах""}"
4c66584d-4c34-5d00-b2e6-10250f9b938d,5029069967,5029069967,activity,30,,,,other,,52.24,Транспортная обработка грузов,,,,,,,,,,,,"{""code"":""52.24"",""description"":""Транспортная обработка грузов""}"
4c66584d-4c34-5d00-b2e6-10250f9b938d,5029069967,5029069967,activity,31,,,,other,,70.22,Консультирование по вопросам коммерческой деятельности и управления,,,,,,,,,,,,"{""code"":""70.22"",""description"":""Консультирование по вопросам коммерческой деятельности и управления""}"
4c66584d-4c34-5d00-b2e6-10250f9b938d,5029069967,5029069967,activity,32,,,,other,,62.09,"Деятельность, связанная с использованием вычислительной техники и информационных технологий, прочая",,,,,,,,,,,,"{""code"":""62.09"",""description"":""Деятельность, связанная с использованием вычислительной техники и информационных технологий, прочая""}"
4c66584d-4c34-5d00-b2e6-10250f9b938d,5029069967,5029069967,activity,33,,,,other,,37.00,Сбор и обработка сточных вод,,,,,,,,,,,,"{""code"":""37.00"",""description"":""Сбор и обработка сточных вод""}"
4c66584d-4c34-5d00-b2e6-10250f9b938d,5029069967,5029069967,activity,34,,,,other,,47.59,"Торговля розничная мебелью, осветительными приборами и прочими бытовыми изделиями в специализированных магазинах",,,,,,,,,,,,"{""code"":""47.59"",""description"":""Торговля розничная мебелью, осветительными приборами и прочими бытовыми изделиями в специализированных магазинах""}"
4c66584d-4c34-5d00-b2e6-10250f9b938d,5029069967,5029069967,phone,0,,,,phone,,,,,,,,,,,495,9375298,,,"{""phoneCode"":""495"",""phoneNumber"":""9375298""}"
4c66584d-4c34-5d00-b2e6-10250f9b938d,5029069967,5029069967,phone,1,,,,phone,,,,,,,,,,,3952,780624,,,"{""phoneCode"":""3952"",""phoneNumber"":""780624""}"
4c66584d-4c34-5d00-b2e6-10250f9b938d,5029069967,5029069967,phone,2,,,,phone,,,,,,,,,,,482,2620380,,,"{""phoneCode"":""482"",""phoneNumber"":""2620380""}"
4c66584d-4c34-5d00-b2e6-10250f9b938d,5029069967,5029069967,phone,3,,,,phone,,,,,,,,,,,495,1011017,,,"{""phoneCode"":""495"",""phoneNumber"":""1011017""}"
4c66584d-4c34-5d00-b2e6-10250f9b938d,5029069967,5029069967,phone,4,,,,phone,,,,,,,,,,,391,2570541,,,"{""phoneCode"":""391"",""phoneNumber"":""2570541""}"
4c66584d-4c34-5d00-b2e6-10250f9b938d,5029069967,5029069967,phone,5,,,,phone,,,,,,,,,,,494,2496277,,,"{""phoneCode"":""494"",""phoneNumber"":""2496277""}"
4c66584d-4c34-5d00-b2e6-10250f9b938d,5029069967,5029069967,phone,6,,,,phone,,,,,,,,,,,495,1394323,,,"{""phoneCode"":""495"",""phoneNumber"":""1394323""}"
4c66584d-4c34-5d00-b2e6-10250f9b938d,5029069967,5029069967,phone,7,,,,phone,,,,,,,,,,,495,9610228,,,"{""phoneCode"":""495"",""phoneNumber"":""9610228""}"
4c66584d-4c34-5d00-b2e6-10250f9b938d,5029069967,5029069967,phone,8,,,,phone,,,,,,,,,,,499,9288402,,,"{""phoneCode"":""499"",""phoneNumber"":""9288402""}"
4c66584d-4c34-5d00-b2e6-10250f9b938d,5029069967,5029069967,phone,9,,,,phone,,,,,,,,,,,800,7000099,,,"{""phoneCode"":""800"",""phoneNumber"":""7000099""}"
4c66584d-4c34-5d00-b2e6-10250f9b938d,5029069967,5029069967,phone,10,,,,phone,,,,,,,,,,,926,4666760,,,"{""phoneCode"":""926"",""phoneNumber"":""4666760""}"
4c66584d-4c34-5d00-b2e6-10250f9b938d,5029069967,5029069967,phone,11,,,,phone,,,,,,,,,,,495,9610161,,,"{""phoneCode"":""495"",""phoneNumber"":""9610161""}"
4c66584d-4c34-5d00-b2e6-10250f9b938d,5029069967,5029069967,phone,12,,,,phone,,,,,,,,,,,495,9610160,,,"{""phoneCode"":""495"",""phoneNumber"":""9610160""}"
4c66584d-4c34-5d00-b2e6-10250f9b938d,5029069967,5029069967,phone,13,,,,phone,,,,,,,,,,,812,4932383,,,"{""phoneCode"":""812"",""phoneNumber"":""4932383""}"
4c66584d-4c34-5d00-b2e6-10250f9b938d,5029069967,5029069967,phone,14,,,,phone,,,,,,,,,,,812,4488730,,,"{""phoneCode"":""812"",""phoneNumber"":""4488730""}"
4c66584d-4c34-5d00-b2e6-10250f9b938d,5029069967,5029069967,phone,15,,,,phone,,,,,,,,,,,499,9288402,,,"{""phoneCode"":""499"",""phoneNumber"":""9288402""}"
4c66584d-4c34-5d00-b2e6-10250f9b938d,5029069967,5029069967,tax_system,0,Общая система налогообложения,,,tax_system,,ОСНО,,,,,,,,,,,,,"{""fullName"":""Общая система налогообложения"",""shortName"":""ОСНО""}"
13aeae32-9ff4-57a1-ae06-9b24c193afd3,7816085851,7816085851,founder,0,РАХМАНОВ АНВАР АЗАДОВИЧ,781010362280,,founder,,,,1,100,2026-06-14T21:00:00.000Z,True,,,,,,,,"{""name"":""РАХМАНОВ АНВАР АЗАДОВИЧ"",""inn"":""781010362280"",""amount"":100,""share"":1,""dateFrom"":{""$date"":""2026-06-14T21:00:00.000Z""},""active"":true}"
13aeae32-9ff4-57a1-ae06-9b24c193afd3,7816085851,7816085851,founder,1,"ОБЩЕСТВО С ОГРАНИЧЕННОЙ ОТВЕТСТВЕННОСТЬЮ ""СТОУН""",7805686988,,founder,,,,99,9900,2019-06-30T21:00:00.000Z,True,,,,,,,,"{""name"":""ОБЩЕСТВО С ОГРАНИЧЕННОЙ ОТВЕТСТВЕННОСТЬЮ \""СТОУН\"""",""inn"":""7805686988"",""amount"":9900,""share"":99,""dateFrom"":{""$date"":""2019-06-30T21:00:00.000Z""},""active"":true}"
13aeae32-9ff4-57a1-ae06-9b24c193afd3,7816085851,7816085851,director,0,СТЕПАНОВ ИГОРЬ ИГОРЕВИЧ,601301181782,,director,ГЕНЕРАЛЬНЫЙ ДИРЕКТОР,,,,,2025-10-07T21:00:00.000Z,,,,,,,,,"{""name"":""СТЕПАНОВ ИГОРЬ ИГОРЕВИЧ"",""positionName"":""ГЕНЕРАЛЬНЫЙ ДИРЕКТОР"",""inn"":""601301181782"",""positionDate"":{""$date"":""2025-10-07T21:00:00.000Z""}}"
13aeae32-9ff4-57a1-ae06-9b24c193afd3,7816085851,7816085851,related_company,0,"ООО ""УК ""ПРЕИМУЩЕСТВО""",7731297208,5157746035398,related_company,,,,,,,,2015-11-10T21:00:00.000Z,,,,,КУЗНЕЦОВ ДМИТРИЙ ГЕННАДЬЕВИЧ,ГЕНЕРАЛЬНЫЙ ДИРЕКТОР,"{""inn"":""7731297208"",""ogrn"":""5157746035398"",""name"":""ООО \""УК \""ПРЕИМУЩЕСТВО\"""",""registrationDate"":{""$date"":""2015-11-10T21:00:00.000Z""},""authPersonName"":""КУЗНЕЦОВ ДМИТРИЙ ГЕННАДЬЕВИЧ"",""authPersonPosition"":""ГЕНЕРАЛЬНЫЙ ДИРЕКТОР""}"
13aeae32-9ff4-57a1-ae06-9b24c193afd3,7816085851,7816085851,related_company,1,"ООО ""УК ""РЖЕВСКИЙ ПАРК""",4706085451,1254700000367,related_company,,,,,,,,2025-01-14T21:00:00.000Z,,,,,СТЕПАНОВ ИГОРЬ ИГОРЕВИЧ,ГЕНЕРАЛЬНЫЙ ДИРЕКТОР,"{""inn"":""4706085451"",""ogrn"":""1254700000367"",""name"":""ООО \""УК \""РЖЕВСКИЙ ПАРК\"""",""registrationDate"":{""$date"":""2025-01-14T21:00:00.000Z""},""authPersonName"":""СТЕПАНОВ ИГОРЬ ИГОРЕВИЧ"",""authPersonPosition"":""ГЕНЕРАЛЬНЫЙ ДИРЕКТОР""}"
13aeae32-9ff4-57a1-ae06-9b24c193afd3,7816085851,7816085851,related_company,2,"ООО ""ЛЖС""",7838109947,1227800155362,related_company,,,,,,,,2022-11-29T21:00:00.000Z,,,,,СУДЕРЕВСКАЯ ОКСАНА СЕРГЕЕВНА,ГЕНЕРАЛЬНЫЙ ДИРЕКТОР,"{""inn"":""7838109947"",""ogrn"":""1227800155362"",""name"":""ООО \""ЛЖС\"""",""registrationDate"":{""$date"":""2022-11-29T21:00:00.000Z""},""authPersonName"":""СУДЕРЕВСКАЯ ОКСАНА СЕРГЕЕВНА"",""authPersonPosition"":""ГЕНЕРАЛЬНЫЙ ДИРЕКТОР""}"
13aeae32-9ff4-57a1-ae06-9b24c193afd3,7816085851,7816085851,related_company,3,"ООО ""ЖКС №2 ПРИМОРСКОГО РАЙОНА""",7814414349,1089847299090,related_company,,,,,,,,2008-07-29T20:00:00.000Z,,,,,СТЕПАНОВ ИГОРЬ ИГОРЕВИЧ,ГЕНЕРАЛЬНЫЙ ДИРЕКТОР,"{""inn"":""7814414349"",""ogrn"":""1089847299090"",""name"":""ООО \""ЖКС №2 ПРИМОРСКОГО РАЙОНА\"""",""registrationDate"":{""$date"":""2008-07-29T20:00:00.000Z""},""authPersonName"":""СТЕПАНОВ ИГОРЬ ИГОРЕВИЧ"",""authPersonPosition"":""ГЕНЕРАЛЬНЫЙ ДИРЕКТОР""}"
13aeae32-9ff4-57a1-ae06-9b24c193afd3,7816085851,7816085851,related_company,4,"ООО ""БАЗИС""",7801314379,1167847305845,related_company,,,,,,,,2016-07-26T21:00:00.000Z,,,,,РАХМАНОВ АНВАР АЗАДОВИЧ,ГЕНЕРАЛЬНЫЙ ДИРЕКТОР,"{""inn"":""7801314379"",""ogrn"":""1167847305845"",""name"":""ООО \""БАЗИС\"""",""registrationDate"":{""$date"":""2016-07-26T21:00:00.000Z""},""authPersonName"":""РАХМАНОВ АНВАР АЗАДОВИЧ"",""authPersonPosition"":""ГЕНЕРАЛЬНЫЙ ДИРЕКТОР""}"
13aeae32-9ff4-57a1-ae06-9b24c193afd3,7816085851,7816085851,related_company,5,"ООО ""ГАРАЖИ И СТОЯНКИ""",7806567800,1197847242966,related_company,,,,,,,,2019-12-09T21:00:00.000Z,,,,,ШАРЛАЕВ СЕРГЕЙ БОРИСОВИЧ,ГЕНЕРАЛЬНЫЙ ДИРЕКТОР,"{""inn"":""7806567800"",""ogrn"":""1197847242966"",""name"":""ООО \""ГАРАЖИ И СТОЯНКИ\"""",""registrationDate"":{""$date"":""2019-12-09T21:00:00.000Z""},""authPersonName"":""ШАРЛАЕВ СЕРГЕЙ БОРИСОВИЧ"",""authPersonPosition"":""ГЕНЕРАЛЬНЫЙ ДИРЕКТОР""}"
13aeae32-9ff4-57a1-ae06-9b24c193afd3,7816085851,7816085851,related_company,6,"ООО ""УК ""АЛЬФАНД""",9725209373,1267700251741,related_company,,,,,,,,2026-07-26T21:00:00.000Z,,,,,БАКРИН ЕВГЕНИЙ АЛЕКСАНДРОВИЧ,ГЕНЕРАЛЬНЫЙ ДИРЕКТОР,"{""inn"":""9725209373"",""ogrn"":""1267700251741"",""name"":""ООО \""УК \""АЛЬФАНД\"""",""registrationDate"":{""$date"":""2026-07-26T21:00:00.000Z""},""authPersonName"":""БАКРИН ЕВГЕНИЙ АЛЕКСАНДРОВИЧ"",""authPersonPosition"":""ГЕНЕРАЛЬНЫЙ ДИРЕКТОР""}"
13aeae32-9ff4-57a1-ae06-9b24c193afd3,7816085851,7816085851,related_company,7,"ООО ""УК ""КОМФОРТ СЕРВИС""",7802440182,1089847272613,related_company,,,,,,,,2008-07-09T20:00:00.000Z,,,,,ТКАЧЕНКО АНТОН ВИТАЛЬЕВИЧ,ГЕНЕРАЛЬНЫЙ ДИРЕКТОР,"{""inn"":""7802440182"",""ogrn"":""1089847272613"",""name"":""ООО \""УК \""КОМФОРТ СЕРВИС\"""",""registrationDate"":{""$date"":""2008-07-09T20:00:00.000Z""},""authPersonName"":""ТКАЧЕНКО АНТОН ВИТАЛЬЕВИЧ"",""authPersonPosition"":""ГЕНЕРАЛЬНЫЙ ДИРЕКТОР""}"
13aeae32-9ff4-57a1-ae06-9b24c193afd3,7816085851,7816085851,related_company,8,"ООО ""ЧАГОДОЩЕНСКИЙ СТЕКЛОЗАВОД И К"", ООО ""ЧСЗ И К""",3522002573,1023501689672,related_company,,,,,,,,2002-10-03T20:00:00.000Z,,,,,ДЖАЛАГОНИЯ ДАВИД ДМИТРИЕВИЧ,ГЕНЕРАЛЬНЫЙ ДИРЕКТОР,"{""inn"":""3522002573"",""ogrn"":""1023501689672"",""name"":""ООО \""ЧАГОДОЩЕНСКИЙ СТЕКЛОЗАВОД И К\"", ООО \""ЧСЗ И К\"""",""registrationDate"":{""$date"":""2002-10-03T20:00:00.000Z""},""authPersonName"":""ДЖАЛАГОНИЯ ДАВИД ДМИТРИЕВИЧ"",""authPersonPosition"":""ГЕНЕРАЛЬНЫЙ ДИРЕКТОР""}"
13aeae32-9ff4-57a1-ae06-9b24c193afd3,7816085851,7816085851,related_company,9,"ООО ""УК ""ЭТАЛОН СЕРВИС""",7802747103,1117847130356,related_company,,,,,,,,2011-04-10T20:00:00.000Z,,,,,ЩЕРБОВИЧ ЯНА ВИКТОРОВНА,ГЕНЕРАЛЬНЫЙ ДИРЕКТОР,"{""inn"":""7802747103"",""ogrn"":""1117847130356"",""name"":""ООО \""УК \""ЭТАЛОН СЕРВИС\"""",""registrationDate"":{""$date"":""2011-04-10T20:00:00.000Z""},""authPersonName"":""ЩЕРБОВИЧ ЯНА ВИКТОРОВНА"",""authPersonPosition"":""ГЕНЕРАЛЬНЫЙ ДИРЕКТОР""}"
13aeae32-9ff4-57a1-ae06-9b24c193afd3,7816085851,7816085851,related_company,10,"ООО ""СТОУН""",7805686988,1167847426196,related_company,,,,,,,,2016-11-01T21:00:00.000Z,,,,,КОРОЛЬ АЛЕКСАНДР БРОНИСЛАВОВИЧ,ВРИО ГЕНЕРАЛЬНОГО ДИРЕКТОРА,"{""inn"":""7805686988"",""ogrn"":""1167847426196"",""name"":""ООО \""СТОУН\"""",""registrationDate"":{""$date"":""2016-11-01T21:00:00.000Z""},""authPersonName"":""КОРОЛЬ АЛЕКСАНДР БРОНИСЛАВОВИЧ"",""authPersonPosition"":""ВРИО ГЕНЕРАЛЬНОГО ДИРЕКТОРА""}"
13aeae32-9ff4-57a1-ae06-9b24c193afd3,7816085851,7816085851,activity,0,,,,main,,68.32.1,Управление эксплуатацией жилого фонда за вознаграждение или на договорной основе,,,,,,,,,,,,"{""code"":""68.32.1"",""description"":""Управление эксплуатацией жилого фонда за вознаграждение или на договорной основе""}"
13aeae32-9ff4-57a1-ae06-9b24c193afd3,7816085851,7816085851,activity,1,,,,other,,33.20,Монтаж промышленных машин и оборудования,,,,,,,,,,,,"{""code"":""33.20"",""description"":""Монтаж промышленных машин и оборудования""}"
13aeae32-9ff4-57a1-ae06-9b24c193afd3,7816085851,7816085851,activity,2,,,,other,,69.20.2,Деятельность по оказанию услуг в области бухгалтерского учета,,,,,,,,,,,,"{""code"":""69.20.2"",""description"":""Деятельность по оказанию услуг в области бухгалтерского учета""}"
13aeae32-9ff4-57a1-ae06-9b24c193afd3,7816085851,7816085851,activity,3,,,,other,,35.30.4,Обеспечение работоспособности котельных,,,,,,,,,,,,"{""code"":""35.30.4"",""description"":""Обеспечение работоспособности котельных""}"
13aeae32-9ff4-57a1-ae06-9b24c193afd3,7816085851,7816085851,activity,4,,,,other,,33.14,Ремонт электрического оборудования,,,,,,,,,,,,"{""code"":""33.14"",""description"":""Ремонт электрического оборудования""}"
13aeae32-9ff4-57a1-ae06-9b24c193afd3,7816085851,7816085851,activity,5,,,,other,,35.30.5,Обеспечение работоспособности тепловых сетей,,,,,,,,,,,,"{""code"":""35.30.5"",""description"":""Обеспечение работоспособности тепловых сетей""}"
13aeae32-9ff4-57a1-ae06-9b24c193afd3,7816085851,7816085851,activity,6,,,,other,,68.32,Управление недвижимым имуществом за вознаграждение или на договорной основе,,,,,,,,,,,,"{""code"":""68.32"",""description"":""Управление недвижимым имуществом за вознаграждение или на договорной основе""}"
13aeae32-9ff4-57a1-ae06-9b24c193afd3,7816085851,7816085851,phone,0,,,,phone,,,,,,,,,,,812,3204827,,,"{""phoneCode"":""812"",""phoneNumber"":""3204827""}"
13aeae32-9ff4-57a1-ae06-9b24c193afd3,7816085851,7816085851,phone,1,,,,phone,,,,,,,,,,,921,4325190,,,"{""phoneCode"":""921"",""phoneNumber"":""4325190""}"
13aeae32-9ff4-57a1-ae06-9b24c193afd3,7816085851,7816085851,phone,2,,,,phone,,,,,,,,,,,921,3076766,,,"{""phoneCode"":""921"",""phoneNumber"":""3076766""}"
13aeae32-9ff4-57a1-ae06-9b24c193afd3,7816085851,7816085851,phone,3,,,,phone,,,,,,,,,,,921,4047695,,,"{""phoneCode"":""921"",""phoneNumber"":""4047695""}"
13aeae32-9ff4-57a1-ae06-9b24c193afd3,7816085851,7816085851,phone,4,,,,phone,,,,,,,,,,,921,9737154,,,"{""phoneCode"":""921"",""phoneNumber"":""9737154""}"
13aeae32-9ff4-57a1-ae06-9b24c193afd3,7816085851,7816085851,phone,5,,,,phone,,,,,,,,,,,931,3410574,,,"{""phoneCode"":""931"",""phoneNumber"":""3410574""}"
13aeae32-9ff4-57a1-ae06-9b24c193afd3,7816085851,7816085851,phone,6,,,,phone,,,,,,,,,,,921,3185745,,,"{""phoneCode"":""921"",""phoneNumber"":""3185745""}"
13aeae32-9ff4-57a1-ae06-9b24c193afd3,7816085851,7816085851,phone,7,,,,phone,,,,,,,,,,,921,3076861,,,"{""phoneCode"":""921"",""phoneNumber"":""3076861""}"
13aeae32-9ff4-57a1-ae06-9b24c193afd3,7816085851,7816085851,phone,8,,,,phone,,,,,,,,,,,921,4541439,,,"{""phoneCode"":""921"",""phoneNumber"":""4541439""}"
13aeae32-9ff4-57a1-ae06-9b24c193afd3,7816085851,7816085851,phone,9,,,,phone,,,,,,,,,,,921,9249506,,,"{""phoneCode"":""921"",""phoneNumber"":""9249506""}"
13aeae32-9ff4-57a1-ae06-9b24c193afd3,7816085851,7816085851,phone,10,,,,phone,,,,,,,,,,,921,6336360,,,"{""phoneCode"":""921"",""phoneNumber"":""6336360""}"
13aeae32-9ff4-57a1-ae06-9b24c193afd3,7816085851,7816085851,phone,11,,,,phone,,,,,,,,,,,921,8552477,,,"{""phoneCode"":""921"",""phoneNumber"":""8552477""}"
13aeae32-9ff4-57a1-ae06-9b24c193afd3,7816085851,7816085851,phone,12,,,,phone,,,,,,,,,,,931,3410578,,,"{""phoneCode"":""931"",""phoneNumber"":""3410578""}"
13aeae32-9ff4-57a1-ae06-9b24c193afd3,7816085851,7816085851,phone,13,,,,phone,,,,,,,,,,,921,8927051,,,"{""phoneCode"":""921"",""phoneNumber"":""8927051""}"
13aeae32-9ff4-57a1-ae06-9b24c193afd3,7816085851,7816085851,phone,14,,,,phone,,,,,,,,,,,921,4097473,,,"{""phoneCode"":""921"",""phoneNumber"":""4097473""}"
13aeae32-9ff4-57a1-ae06-9b24c193afd3,7816085851,7816085851,tax_system,0,Упрощенная система налогообложения,,,tax_system,,УСН,,,,,,,,,,,,,"{""fullName"":""Упрощенная система налогообложения"",""shortName"":""УСН""}"
4a6a18e9-e277-51c2-92ce-7a7a7d828454,1901132406,1901132406,director,0,ПАНОВА ЛЮДМИЛА МИХАЙЛОВНА,507305221071,,director,ДИРЕКТОР,,,,,2021-09-09T21:00:00.000Z,,,,,,,,,"{""name"":""ПАНОВА ЛЮДМИЛА МИХАЙЛОВНА"",""positionName"":""ДИРЕКТОР"",""inn"":""507305221071"",""positionDate"":{""$date"":""2021-09-09T21:00:00.000Z""}}"
4a6a18e9-e277-51c2-92ce-7a7a7d828454,1901132406,1901132406,related_company,0,АССОЦИАЦИЯ РОС МО,5042148752,1185000002824,related_company,,,,,,,,2018-07-10T21:00:00.000Z,,,,,ПАНОВА ЛЮДМИЛА МИХАЙЛОВНА,ДИРЕКТОР,"{""inn"":""5042148752"",""ogrn"":""1185000002824"",""name"":""АССОЦИАЦИЯ РОС МО"",""registrationDate"":{""$date"":""2018-07-10T21:00:00.000Z""},""authPersonName"":""ПАНОВА ЛЮДМИЛА МИХАЙЛОВНА"",""authPersonPosition"":""ДИРЕКТОР""}"
4a6a18e9-e277-51c2-92ce-7a7a7d828454,1901132406,1901132406,activity,0,,,,main,,94.12,Деятельность профессиональных членских организаций,,,,,,,,,,,,"{""code"":""94.12"",""description"":""Деятельность профессиональных членских организаций""}"
4a6a18e9-e277-51c2-92ce-7a7a7d828454,1901132406,1901132406,activity,1,,,,other,,94.12,Деятельность профессиональных членских организаций,,,,,,,,,,,,"{""code"":""94.12"",""description"":""Деятельность профессиональных членских организаций""}"
4a6a18e9-e277-51c2-92ce-7a7a7d828454,1901132406,1901132406,phone,0,,,,phone,,,,,,,,,,,390,2215182,,,"{""phoneCode"":""390"",""phoneNumber"":""2215182""}"
4a6a18e9-e277-51c2-92ce-7a7a7d828454,1901132406,1901132406,phone,1,,,,phone,,,,,,,,,,,390,2215108,,,"{""phoneCode"":""390"",""phoneNumber"":""2215108""}"
4a6a18e9-e277-51c2-92ce-7a7a7d828454,1901132406,1901132406,phone,2,,,,phone,,,,,,,,,,,913,5433004,,,"{""phoneCode"":""913"",""phoneNumber"":""5433004""}"
4a6a18e9-e277-51c2-92ce-7a7a7d828454,1901132406,1901132406,phone,3,,,,phone,,,,,,,,,,,913,4444100,,,"{""phoneCode"":""913"",""phoneNumber"":""4444100""}"
4a6a18e9-e277-51c2-92ce-7a7a7d828454,1901132406,1901132406,phone,4,,,,phone,,,,,,,,,,,913,4444147,,,"{""phoneCode"":""913"",""phoneNumber"":""4444147""}"
4a6a18e9-e277-51c2-92ce-7a7a7d828454,1901132406,1901132406,tax_system,0,Общая система налогообложения,,,tax_system,,ОСНО,,,,,,,,,,,,,"{""fullName"":""Общая система налогообложения"",""shortName"":""ОСНО""}"
2431f1b0-0020-54ac-ac7b-06675330e83b,6165169320,6165169320,founder,0,ГОЛОВИНА ЛАРИСА ДМИТРИЕВНА,616404198014,,founder,,,,100,10000,2012-11-18T20:00:00.000Z,True,,,,,,,,"{""name"":""ГОЛОВИНА ЛАРИСА ДМИТРИЕВНА"",""inn"":""616404198014"",""amount"":10000,""share"":100,""dateFrom"":{""$date"":""2012-11-18T20:00:00.000Z""},""active"":true}"
2431f1b0-0020-54ac-ac7b-06675330e83b,6165169320,6165169320,director,0,ГОЛОВИН ДЕНИС ВАЛЕРЬЕВИЧ,616404056228,,director,ГЕНЕРАЛЬНЫЙ ДИРЕКТОР,,,,,2024-07-29T21:00:00.000Z,,,,,,,,,"{""name"":""ГОЛОВИН ДЕНИС ВАЛЕРЬЕВИЧ"",""positionName"":""ГЕНЕРАЛЬНЫЙ ДИРЕКТОР"",""inn"":""616404056228"",""positionDate"":{""$date"":""2024-07-29T21:00:00.000Z""}}"
2431f1b0-0020-54ac-ac7b-06675330e83b,6165169320,6165169320,activity,0,,,,main,,41.20,Строительство жилых и нежилых зданий,,,,,,,,,,,,"{""code"":""41.20"",""description"":""Строительство жилых и нежилых зданий""}"
2431f1b0-0020-54ac-ac7b-06675330e83b,6165169320,6165169320,activity,1,,,,other,,46.37,"Торговля оптовая кофе, чаем, какао и пряностями",,,,,,,,,,,,"{""code"":""46.37"",""description"":""Торговля оптовая кофе, чаем, какао и пряностями""}"
2431f1b0-0020-54ac-ac7b-06675330e83b,6165169320,6165169320,activity,2,,,,other,,47.24.2,Торговля розничная кондитерскими изделиями в специализированных магазинах,,,,,,,,,,,,"{""code"":""47.24.2"",""description"":""Торговля розничная кондитерскими изделиями в специализированных магазинах""}"
2431f1b0-0020-54ac-ac7b-06675330e83b,6165169320,6165169320,activity,3,,,,other,,47.25.2,Торговля розничная безалкогольными напитками в специализированных магазинах,,,,,,,,,,,,"{""code"":""47.25.2"",""description"":""Торговля розничная безалкогольными напитками в специализированных магазинах""}"
2431f1b0-0020-54ac-ac7b-06675330e83b,6165169320,6165169320,activity,4,,,,other,,47.91.2,"Торговля розничная, осуществляемая непосредственно при помощи информационно-коммуникационной сети Интернет",,,,,,,,,,,,"{""code"":""47.91.2"",""description"":""Торговля розничная, осуществляемая непосредственно при помощи информационно-коммуникационной сети Интернет""}"
2431f1b0-0020-54ac-ac7b-06675330e83b,6165169320,6165169320,activity,5,,,,other,,47.59.2,"Торговля розничная различной домашней утварью, ножевыми изделиями, посудой, изделиями из стекла и керамики, в том числе фарфора и фаянса в специализированных магазинах",,,,,,,,,,,,"{""code"":""47.59.2"",""description"":""Торговля розничная различной домашней утварью, ножевыми изделиями, посудой, изделиями из стекла и керамики, в том числе фарфора и фаянса в специализированных магазинах""}"
2431f1b0-0020-54ac-ac7b-06675330e83b,6165169320,6165169320,activity,6,,,,other,,56.30,Подача напитков,,,,,,,,,,,,"{""code"":""56.30"",""description"":""Подача напитков""}"
2431f1b0-0020-54ac-ac7b-06675330e83b,6165169320,6165169320,activity,7,,,,other,,56.10,Деятельность ресторанов и услуги по доставке продуктов питания,,,,,,,,,,,,"{""code"":""56.10"",""description"":""Деятельность ресторанов и услуги по доставке продуктов питания""}"
2431f1b0-0020-54ac-ac7b-06675330e83b,6165169320,6165169320,activity,8,,,,other,,73.11,Деятельность рекламных агентств,,,,,,,,,,,,"{""code"":""73.11"",""description"":""Деятельность рекламных агентств""}"
2431f1b0-0020-54ac-ac7b-06675330e83b,6165169320,6165169320,activity,9,,,,other,,71.12.2,"Деятельность заказчика-застройщика, генерального подрядчика",,,,,,,,,,,,"{""code"":""71.12.2"",""description"":""Деятельность заказчика-застройщика, генерального подрядчика""}"
2431f1b0-0020-54ac-ac7b-06675330e83b,6165169320,6165169320,activity,10,,,,other,,43.31,Производство штукатурных работ,,,,,,,,,,,,"{""code"":""43.31"",""description"":""Производство штукатурных работ""}"
2431f1b0-0020-54ac-ac7b-06675330e83b,6165169320,6165169320,activity,11,,,,other,,71.12.1,"Деятельность, связанная с инженерно-техническим проектированием, управлением проектами строительства, выполнением строительного контроля и авторского надзора",,,,,,,,,,,,"{""code"":""71.12.1"",""description"":""Деятельность, связанная с инженерно-техническим проектированием, управлением проектами строительства, выполнением строительного контроля и авторского надзора""}"
2431f1b0-0020-54ac-ac7b-06675330e83b,6165169320,6165169320,activity,12,,,,other,,46.44,Торговля оптовая изделиями из керамики и стекла и чистящими средствами,,,,,,,,,,,,"{""code"":""46.44"",""description"":""Торговля оптовая изделиями из керамики и стекла и чистящими средствами""}"
2431f1b0-0020-54ac-ac7b-06675330e83b,6165169320,6165169320,activity,13,,,,other,,52.10,Деятельность по складированию и хранению,,,,,,,,,,,,"{""code"":""52.10"",""description"":""Деятельность по складированию и хранению""}"
2431f1b0-0020-54ac-ac7b-06675330e83b,6165169320,6165169320,activity,14,,,,other,,43.91,Производство кровельных работ,,,,,,,,,,,,"{""code"":""43.91"",""description"":""Производство кровельных работ""}"
2431f1b0-0020-54ac-ac7b-06675330e83b,6165169320,6165169320,activity,15,,,,other,,43.13,Разведочное бурение,,,,,,,,,,,,"{""code"":""43.13"",""description"":""Разведочное бурение""}"
2431f1b0-0020-54ac-ac7b-06675330e83b,6165169320,6165169320,activity,16,,,,other,,43.34,Производство малярных и стекольных работ,,,,,,,,,,,,"{""code"":""43.34"",""description"":""Производство малярных и стекольных работ""}"
2431f1b0-0020-54ac-ac7b-06675330e83b,6165169320,6165169320,activity,17,,,,other,,43.21,Производство электромонтажных работ,,,,,,,,,,,,"{""code"":""43.21"",""description"":""Производство электромонтажных работ""}"
2431f1b0-0020-54ac-ac7b-06675330e83b,6165169320,6165169320,activity,18,,,,other,,71.12.15,Инженерные изыскания в строительстве,,,,,,,,,,,,"{""code"":""71.12.15"",""description"":""Инженерные изыскания в строительстве""}"
2431f1b0-0020-54ac-ac7b-06675330e83b,6165169320,6165169320,activity,19,,,,other,,71.12.14,Разработка инженерно-технических проектов и контроль при строительстве и модернизации объектов использования атомной энергии,,,,,,,,,,,,"{""code"":""71.12.14"",""description"":""Разработка инженерно-технических проектов и контроль при строительстве и модернизации объектов использования атомной энергии""}"
2431f1b0-0020-54ac-ac7b-06675330e83b,6165169320,6165169320,activity,20,,,,other,,46.74,"Торговля оптовая скобяными изделиями, водопроводным и отопительным оборудованием и принадлежностями",,,,,,,,,,,,"{""code"":""46.74"",""description"":""Торговля оптовая скобяными изделиями, водопроводным и отопительным оборудованием и принадлежностями""}"
2431f1b0-0020-54ac-ac7b-06675330e83b,6165169320,6165169320,activity,21,,,,other,,43.39,Производство прочих отделочных и завершающих работ,,,,,,,,,,,,"{""code"":""43.39"",""description"":""Производство прочих отделочных и завершающих работ""}"
2431f1b0-0020-54ac-ac7b-06675330e83b,6165169320,6165169320,activity,22,,,,other,,71.11.2,Деятельность по территориальному планированию и планировке территории,,,,,,,,,,,,"{""code"":""71.11.2"",""description"":""Деятельность по территориальному планированию и планировке территории""}"
2431f1b0-0020-54ac-ac7b-06675330e83b,6165169320,6165169320,activity,23,,,,other,,43.33,Работы по устройству покрытий полов и облицовке стен,,,,,,,,,,,,"{""code"":""43.33"",""description"":""Работы по устройству покрытий полов и облицовке стен""}"
2431f1b0-0020-54ac-ac7b-06675330e83b,6165169320,6165169320,activity,24,,,,other,,43.99,"Работы строительные специализированные прочие, не включенные в другие группировки",,,,,,,,,,,,"{""code"":""43.99"",""description"":""Работы строительные специализированные прочие, не включенные в другие группировки""}"
2431f1b0-0020-54ac-ac7b-06675330e83b,6165169320,6165169320,activity,25,,,,other,,71.12.12,"Разработка проектов промышленных процессов и производств, относящихся к металлургии, электротехнике, электронной технике, горному делу, химической технологии, машиностроению, а также в области промышленного строительства, системотехники и техники безопасности",,,,,,,,,,,,"{""code"":""71.12.12"",""description"":""Разработка проектов промышленных процессов и производств, относящихся к металлургии, электротехнике, электронной технике, горному делу, химической технологии, машиностроению, а также в области промышленного строительства, системотехники и техники безопасности""}"
2431f1b0-0020-54ac-ac7b-06675330e83b,6165169320,6165169320,activity,26,,,,other,,71.12.11,"Разработка проектов тепло-, водо-, газоснабжения",,,,,,,,,,,,"{""code"":""71.12.11"",""description"":""Разработка проектов тепло-, водо-, газоснабжения""}"
2431f1b0-0020-54ac-ac7b-06675330e83b,6165169320,6165169320,activity,27,,,,other,,43.22,"Производство санитарно-технических работ, монтаж отопительных систем и систем кондиционирования воздуха",,,,,,,,,,,,"{""code"":""43.22"",""description"":""Производство санитарно-технических работ, монтаж отопительных систем и систем кондиционирования воздуха""}"
2431f1b0-0020-54ac-ac7b-06675330e83b,6165169320,6165169320,activity,28,,,,other,,43.32,Работы столярные и плотничные,,,,,,,,,,,,"{""code"":""43.32"",""description"":""Работы столярные и плотничные""}"
2431f1b0-0020-54ac-ac7b-06675330e83b,6165169320,6165169320,activity,29,,,,other,,71.11,Деятельность в области архитектуры,,,,,,,,,,,,"{""code"":""71.11"",""description"":""Деятельность в области архитектуры""}"
2431f1b0-0020-54ac-ac7b-06675330e83b,6165169320,6165169320,activity,30,,,,other,,46.77,Торговля оптовая отходами и ломом,,,,,,,,,,,,"{""code"":""46.77"",""description"":""Торговля оптовая отходами и ломом""}"
2431f1b0-0020-54ac-ac7b-06675330e83b,6165169320,6165169320,activity,31,,,,other,,71.11.3,Деятельность в области ландшафтной архитектуры и консультативные услуги в области архитектуры,,,,,,,,,,,,"{""code"":""71.11.3"",""description"":""Деятельность в области ландшафтной архитектуры и консультативные услуги в области архитектуры""}"
2431f1b0-0020-54ac-ac7b-06675330e83b,6165169320,6165169320,activity,32,,,,other,,43.12,Подготовка строительной площадки,,,,,,,,,,,,"{""code"":""43.12"",""description"":""Подготовка строительной площадки""}"
2431f1b0-0020-54ac-ac7b-06675330e83b,6165169320,6165169320,activity,33,,,,other,,52.29,"Деятельность вспомогательная прочая, связанная с перевозками",,,,,,,,,,,,"{""code"":""52.29"",""description"":""Деятельность вспомогательная прочая, связанная с перевозками""}"
2431f1b0-0020-54ac-ac7b-06675330e83b,6165169320,6165169320,activity,34,,,,other,,46.73,"Торговля оптовая лесоматериалами, строительными материалами и санитарно-техническим оборудованием",,,,,,,,,,,,"{""code"":""46.73"",""description"":""Торговля оптовая лесоматериалами, строительными материалами и санитарно-техническим оборудованием""}"
2431f1b0-0020-54ac-ac7b-06675330e83b,6165169320,6165169320,activity,35,,,,other,,43.11,Разборка и снос зданий,,,,,,,,,,,,"{""code"":""43.11"",""description"":""Разборка и снос зданий""}"
2431f1b0-0020-54ac-ac7b-06675330e83b,6165169320,6165169320,activity,36,,,,other,,46.43,Торговля оптовая бытовыми электротоварами,,,,,,,,,,,,"{""code"":""46.43"",""description"":""Торговля оптовая бытовыми электротоварами""}"
2431f1b0-0020-54ac-ac7b-06675330e83b,6165169320,6165169320,activity,37,,,,other,,71.12,"Деятельность в области инженерных изысканий, инженерно-технического проектирования, управления проектами строительства, выполнения строительного контроля и авторского надзора, предоставление технических консультаций в этих областях",,,,,,,,,,,,"{""code"":""71.12"",""description"":""Деятельность в области инженерных изысканий, инженерно-технического проектирования, управления проектами строительства, выполнения строительного контроля и авторского надзора, предоставление технических консультаций в этих областях""}"
2431f1b0-0020-54ac-ac7b-06675330e83b,6165169320,6165169320,activity,38,,,,other,,71.12.13,"Разработка проектов по кондиционированию воздуха, холодильной технике, санитарной технике и мониторингу загрязнения окружающей среды, строительной акустике",,,,,,,,,,,,"{""code"":""71.12.13"",""description"":""Разработка проектов по кондиционированию воздуха, холодильной технике, санитарной технике и мониторингу загрязнения окружающей среды, строительной акустике""}"
2431f1b0-0020-54ac-ac7b-06675330e83b,6165169320,6165169320,activity,39,,,,other,,71.11.1,"Деятельность в области архитектуры, связанная с созданием архитектурного объекта",,,,,,,,,,,,"{""code"":""71.11.1"",""description"":""Деятельность в области архитектуры, связанная с созданием архитектурного объекта""}"
2431f1b0-0020-54ac-ac7b-06675330e83b,6165169320,6165169320,activity,40,,,,other,,43.29,Производство прочих строительно-монтажных работ,,,,,,,,,,,,"{""code"":""43.29"",""description"":""Производство прочих строительно-монтажных работ""}"
2431f1b0-0020-54ac-ac7b-06675330e83b,6165169320,6165169320,activity,41,,,,other,,46.76,Торговля оптовая прочими промежуточными продуктами,,,,,,,,,,,,"{""code"":""46.76"",""description"":""Торговля оптовая прочими промежуточными продуктами""}"
2431f1b0-0020-54ac-ac7b-06675330e83b,6165169320,6165169320,activity,42,,,,other,,42.13,Строительство мостов и тоннелей,,,,,,,,,,,,"{""code"":""42.13"",""description"":""Строительство мостов и тоннелей""}"
2431f1b0-0020-54ac-ac7b-06675330e83b,6165169320,6165169320,activity,43,,,,other,,42.21,"Строительство инженерных коммуникаций для водоснабжения и водоотведения, газоснабжения",,,,,,,,,,,,"{""code"":""42.21"",""description"":""Строительство инженерных коммуникаций для водоснабжения и водоотведения, газоснабжения""}"
2431f1b0-0020-54ac-ac7b-06675330e83b,6165169320,6165169320,activity,44,,,,other,,42.91,Строительство водных сооружений,,,,,,,,,,,,"{""code"":""42.91"",""description"":""Строительство водных сооружений""}"
2431f1b0-0020-54ac-ac7b-06675330e83b,6165169320,6165169320,activity,45,,,,other,,42.99,"Строительство прочих инженерных сооружений, не включенных в другие группировки",,,,,,,,,,,,"{""code"":""42.99"",""description"":""Строительство прочих инженерных сооружений, не включенных в другие группировки""}"
2431f1b0-0020-54ac-ac7b-06675330e83b,6165169320,6165169320,activity,46,,,,other,,42.11,Строительство автомобильных дорог и автомагистралей,,,,,,,,,,,,"{""code"":""42.11"",""description"":""Строительство автомобильных дорог и автомагистралей""}"
2431f1b0-0020-54ac-ac7b-06675330e83b,6165169320,6165169320,activity,47,,,,other,,42.22,Строительство коммунальных объектов для обеспечения электроэнергией и телекоммуникациями,,,,,,,,,,,,"{""code"":""42.22"",""description"":""Строительство коммунальных объектов для обеспечения электроэнергией и телекоммуникациями""}"
2431f1b0-0020-54ac-ac7b-06675330e83b,6165169320,6165169320,phone,0,,,,phone,,,,,,,,,,,863,2994428,,,"{""phoneCode"":""863"",""phoneNumber"":""2994428""}"
2431f1b0-0020-54ac-ac7b-06675330e83b,6165169320,6165169320,tax_system,0,Упрощенная система налогообложения,,,tax_system,,УСН,,,,,,,,,,,,,"{""fullName"":""Упрощенная система налогообложения"",""shortName"":""УСН""}"
8222abfd-2839-5f2a-ae4d-496f5a75ebf4,9713021306,9713021306,founder,0,САЛМАНОВ АКМАЛХОДЖА КАМИЛОВИЧ,772321384540,,founder,,,,100,100000,2024-11-13T21:00:00.000Z,True,,,,,,,,"{""name"":""САЛМАНОВ АКМАЛХОДЖА КАМИЛОВИЧ"",""inn"":""772321384540"",""amount"":100000,""share"":100,""dateFrom"":{""$date"":""2024-11-13T21:00:00.000Z""},""active"":true}"
8222abfd-2839-5f2a-ae4d-496f5a75ebf4,9713021306,9713021306,director,0,САЛМАНОВ АКМАЛХОДЖА КАМИЛОВИЧ,772321384540,,director,ГЕНЕРАЛЬНЫЙ ДИРЕКТОР,,,,,2024-11-13T21:00:00.000Z,,,,,,,,,"{""name"":""САЛМАНОВ АКМАЛХОДЖА КАМИЛОВИЧ"",""positionName"":""ГЕНЕРАЛЬНЫЙ ДИРЕКТОР"",""inn"":""772321384540"",""positionDate"":{""$date"":""2024-11-13T21:00:00.000Z""}}"
8222abfd-2839-5f2a-ae4d-496f5a75ebf4,9713021306,9713021306,activity,0,,,,main,,46.73,"Торговля оптовая лесоматериалами, строительными материалами и санитарно-техническим оборудованием",,,,,,,,,,,,"{""code"":""46.73"",""description"":""Торговля оптовая лесоматериалами, строительными материалами и санитарно-техническим оборудованием""}"
8222abfd-2839-5f2a-ae4d-496f5a75ebf4,9713021306,9713021306,activity,1,,,,other,,53.20.39,Деятельность курьерская прочая,,,,,,,,,,,,"{""code"":""53.20.39"",""description"":""Деятельность курьерская прочая""}"
8222abfd-2839-5f2a-ae4d-496f5a75ebf4,9713021306,9713021306,activity,2,,,,other,,46.49,Торговля оптовая прочими бытовыми товарами,,,,,,,,,,,,"{""code"":""46.49"",""description"":""Торговля оптовая прочими бытовыми товарами""}"
8222abfd-2839-5f2a-ae4d-496f5a75ebf4,9713021306,9713021306,activity,3,,,,other,,47.52.71,Торговля розничная пиломатериалами в специализированных магазинах,,,,,,,,,,,,"{""code"":""47.52.71"",""description"":""Торговля розничная пиломатериалами в специализированных магазинах""}"
8222abfd-2839-5f2a-ae4d-496f5a75ebf4,9713021306,9713021306,activity,4,,,,other,,46.13,Деятельность агентов по оптовой торговле лесоматериалами и строительными материалами,,,,,,,,,,,,"{""code"":""46.13"",""description"":""Деятельность агентов по оптовой торговле лесоматериалами и строительными материалами""}"
8222abfd-2839-5f2a-ae4d-496f5a75ebf4,9713021306,9713021306,activity,5,,,,other,,47.52.5,Торговля розничная санитарно-техническим оборудованием в специализированных магазинах,,,,,,,,,,,,"{""code"":""47.52.5"",""description"":""Торговля розничная санитарно-техническим оборудованием в специализированных магазинах""}"
8222abfd-2839-5f2a-ae4d-496f5a75ebf4,9713021306,9713021306,activity,6,,,,other,,49.41,Деятельность автомобильного грузового транспорта,,,,,,,,,,,,"{""code"":""49.41"",""description"":""Деятельность автомобильного грузового транспорта""}"
8222abfd-2839-5f2a-ae4d-496f5a75ebf4,9713021306,9713021306,activity,7,,,,other,,46.73.4,Торговля оптовая лакокрасочными материалами,,,,,,,,,,,,"{""code"":""46.73.4"",""description"":""Торговля оптовая лакокрасочными материалами""}"
8222abfd-2839-5f2a-ae4d-496f5a75ebf4,9713021306,9713021306,activity,8,,,,other,,47.52.4,Торговля розничная материалами и оборудованием для изготовления поделок в специализированных магазинах,,,,,,,,,,,,"{""code"":""47.52.4"",""description"":""Торговля розничная материалами и оборудованием для изготовления поделок в специализированных магазинах""}"
8222abfd-2839-5f2a-ae4d-496f5a75ebf4,9713021306,9713021306,activity,9,,,,other,,47.52.79,"Торговля розничная прочими строительными материалами, не включенными в другие группировки, в специализированных магазинах",,,,,,,,,,,,"{""code"":""47.52.79"",""description"":""Торговля розничная прочими строительными материалами, не включенными в другие группировки, в специализированных магазинах""}"
8222abfd-2839-5f2a-ae4d-496f5a75ebf4,9713021306,9713021306,activity,10,,,,other,,47.59,"Торговля розничная мебелью, осветительными приборами и прочими бытовыми изделиями в специализированных магазинах",,,,,,,,,,,,"{""code"":""47.59"",""description"":""Торговля розничная мебелью, осветительными приборами и прочими бытовыми изделиями в специализированных магазинах""}"
8222abfd-2839-5f2a-ae4d-496f5a75ebf4,9713021306,9713021306,activity,11,,,,other,,47.99,"Торговля розничная прочая вне магазинов, палаток, рынков",,,,,,,,,,,,"{""code"":""47.99"",""description"":""Торговля розничная прочая вне магазинов, палаток, рынков""}"
8222abfd-2839-5f2a-ae4d-496f5a75ebf4,9713021306,9713021306,activity,12,,,,other,,47.52.3,Торговля розничная стеклом в специализированных магазинах,,,,,,,,,,,,"{""code"":""47.52.3"",""description"":""Торговля розничная стеклом в специализированных магазинах""}"
8222abfd-2839-5f2a-ae4d-496f5a75ebf4,9713021306,9713021306,activity,13,,,,other,,47.91.1,Торговля розничная по почте,,,,,,,,,,,,"{""code"":""47.91.1"",""description"":""Торговля розничная по почте""}"
8222abfd-2839-5f2a-ae4d-496f5a75ebf4,9713021306,9713021306,activity,14,,,,other,,47.52.74,Торговля розничная сборными деревянными строениями в специализированных магазинах,,,,,,,,,,,,"{""code"":""47.52.74"",""description"":""Торговля розничная сборными деревянными строениями в специализированных магазинах""}"
8222abfd-2839-5f2a-ae4d-496f5a75ebf4,9713021306,9713021306,activity,15,,,,other,,47.52,"Торговля розничная скобяными изделиями, лакокрасочными материалами и стеклом в специализированных магазинах",,,,,,,,,,,,"{""code"":""47.52"",""description"":""Торговля розничная скобяными изделиями, лакокрасочными материалами и стеклом в специализированных магазинах""}"
8222abfd-2839-5f2a-ae4d-496f5a75ebf4,9713021306,9713021306,activity,16,,,,other,,46.73.3,Торговля оптовая санитарно-техническим оборудованием,,,,,,,,,,,,"{""code"":""46.73.3"",""description"":""Торговля оптовая санитарно-техническим оборудованием""}"
8222abfd-2839-5f2a-ae4d-496f5a75ebf4,9713021306,9713021306,activity,17,,,,other,,46.90,Торговля оптовая неспециализированная,,,,,,,,,,,,"{""code"":""46.90"",""description"":""Торговля оптовая неспециализированная""}"
8222abfd-2839-5f2a-ae4d-496f5a75ebf4,9713021306,9713021306,activity,18,,,,other,,46.19,Деятельность агентов по оптовой торговле универсальным ассортиментом товаров,,,,,,,,,,,,"{""code"":""46.19"",""description"":""Деятельность агентов по оптовой торговле универсальным ассортиментом товаров""}"
8222abfd-2839-5f2a-ae4d-496f5a75ebf4,9713021306,9713021306,activity,19,,,,other,,47.52.72,Торговля розничная кирпичом в специализированных магазинах,,,,,,,,,,,,"{""code"":""47.52.72"",""description"":""Торговля розничная кирпичом в специализированных магазинах""}"
8222abfd-2839-5f2a-ae4d-496f5a75ebf4,9713021306,9713021306,activity,20,,,,other,,52.10,Деятельность по складированию и хранению,,,,,,,,,,,,"{""code"":""52.10"",""description"":""Деятельность по складированию и хранению""}"
8222abfd-2839-5f2a-ae4d-496f5a75ebf4,9713021306,9713021306,activity,21,,,,other,,47.91.2,"Торговля розничная, осуществляемая непосредственно при помощи информационно-коммуникационной сети Интернет",,,,,,,,,,,,"{""code"":""47.91.2"",""description"":""Торговля розничная, осуществляемая непосредственно при помощи информационно-коммуникационной сети Интернет""}"
8222abfd-2839-5f2a-ae4d-496f5a75ebf4,9713021306,9713021306,activity,22,,,,other,,46.74,"Торговля оптовая скобяными изделиями, водопроводным и отопительным оборудованием и принадлежностями",,,,,,,,,,,,"{""code"":""46.74"",""description"":""Торговля оптовая скобяными изделиями, водопроводным и отопительным оборудованием и принадлежностями""}"
8222abfd-2839-5f2a-ae4d-496f5a75ebf4,9713021306,9713021306,activity,23,,,,other,,47.89,Торговля розничная в нестационарных торговых объектах и на рынках прочими товарами,,,,,,,,,,,,"{""code"":""47.89"",""description"":""Торговля розничная в нестационарных торговых объектах и на рынках прочими товарами""}"
8222abfd-2839-5f2a-ae4d-496f5a75ebf4,9713021306,9713021306,activity,24,,,,other,,49.42,Предоставление услуг по перевозкам,,,,,,,,,,,,"{""code"":""49.42"",""description"":""Предоставление услуг по перевозкам""}"
8222abfd-2839-5f2a-ae4d-496f5a75ebf4,9713021306,9713021306,activity,25,,,,other,,46.73.6,Торговля оптовая прочими строительными материалами и изделиями,,,,,,,,,,,,"{""code"":""46.73.6"",""description"":""Торговля оптовая прочими строительными материалами и изделиями""}"
8222abfd-2839-5f2a-ae4d-496f5a75ebf4,9713021306,9713021306,activity,26,,,,other,,46.73.1,Торговля оптовая древесным сырьем и необработанными лесоматериалами,,,,,,,,,,,,"{""code"":""46.73.1"",""description"":""Торговля оптовая древесным сырьем и необработанными лесоматериалами""}"
8222abfd-2839-5f2a-ae4d-496f5a75ebf4,9713021306,9713021306,activity,27,,,,other,,47.52.7,"Торговля розничная строительными материалами, не включенными в другие группировки, в специализированных магазинах",,,,,,,,,,,,"{""code"":""47.52.7"",""description"":""Торговля розничная строительными материалами, не включенными в другие группировки, в специализированных магазинах""}"
8222abfd-2839-5f2a-ae4d-496f5a75ebf4,9713021306,9713021306,activity,28,,,,other,,47.53,"Торговля розничная коврами, ковровыми изделиями, покрытиями для пола и стен в специализированных магазинах",,,,,,,,,,,,"{""code"":""47.53"",""description"":""Торговля розничная коврами, ковровыми изделиями, покрытиями для пола и стен в специализированных магазинах""}"
8222abfd-2839-5f2a-ae4d-496f5a75ebf4,9713021306,9713021306,activity,29,,,,other,,46.73.8,Торговля оптовая напольными покрытиями (кроме ковров),,,,,,,,,,,,"{""code"":""46.73.8"",""description"":""Торговля оптовая напольными покрытиями (кроме ковров)""}"
8222abfd-2839-5f2a-ae4d-496f5a75ebf4,9713021306,9713021306,activity,30,,,,other,,47.52.1,Торговля розничная скобяными изделиями в специализированных магазинах,,,,,,,,,,,,"{""code"":""47.52.1"",""description"":""Торговля розничная скобяными изделиями в специализированных магазинах""}"
8222abfd-2839-5f2a-ae4d-496f5a75ebf4,9713021306,9713021306,activity,31,,,,other,,46.73.7,Торговля оптовая обоями,,,,,,,,,,,,"{""code"":""46.73.7"",""description"":""Торговля оптовая обоями""}"
8222abfd-2839-5f2a-ae4d-496f5a75ebf4,9713021306,9713021306,activity,32,,,,other,,46.47,"Торговля оптовая мебелью, коврами и осветительным оборудованием",,,,,,,,,,,,"{""code"":""46.47"",""description"":""Торговля оптовая мебелью, коврами и осветительным оборудованием""}"
8222abfd-2839-5f2a-ae4d-496f5a75ebf4,9713021306,9713021306,activity,33,,,,other,,53.20.3,Деятельность курьерская,,,,,,,,,,,,"{""code"":""53.20.3"",""description"":""Деятельность курьерская""}"
8222abfd-2839-5f2a-ae4d-496f5a75ebf4,9713021306,9713021306,activity,34,,,,other,,46.73.2,Торговля оптовая пиломатериалами,,,,,,,,,,,,"{""code"":""46.73.2"",""description"":""Торговля оптовая пиломатериалами""}"
8222abfd-2839-5f2a-ae4d-496f5a75ebf4,9713021306,9713021306,activity,35,,,,other,,47.52.6,Торговля розничная садово-огородной техникой и инвентарем в специализированных магазинах,,,,,,,,,,,,"{""code"":""47.52.6"",""description"":""Торговля розничная садово-огородной техникой и инвентарем в специализированных магазинах""}"
8222abfd-2839-5f2a-ae4d-496f5a75ebf4,9713021306,9713021306,activity,36,,,,other,,47.52.2,Торговля розничная лакокрасочными материалами в специализированных магазинах,,,,,,,,,,,,"{""code"":""47.52.2"",""description"":""Торговля розничная лакокрасочными материалами в специализированных магазинах""}"
8222abfd-2839-5f2a-ae4d-496f5a75ebf4,9713021306,9713021306,activity,37,,,,other,,46.73.5,Торговля оптовая листовым стеклом,,,,,,,,,,,,"{""code"":""46.73.5"",""description"":""Торговля оптовая листовым стеклом""}"
8222abfd-2839-5f2a-ae4d-496f5a75ebf4,9713021306,9713021306,activity,38,,,,other,,47.91,Торговля розничная по почте или по информационно-коммуникационной сети Интернет,,,,,,,,,,,,"{""code"":""47.91"",""description"":""Торговля розничная по почте или по информационно-коммуникационной сети Интернет""}"
8222abfd-2839-5f2a-ae4d-496f5a75ebf4,9713021306,9713021306,activity,39,,,,other,,47.52.73,Торговля розничная металлическими и неметаллическими конструкциями в специализированных магазинах,,,,,,,,,,,,"{""code"":""47.52.73"",""description"":""Торговля розничная металлическими и неметаллическими конструкциями в специализированных магазинах""}"
8222abfd-2839-5f2a-ae4d-496f5a75ebf4,9713021306,9713021306,tax_system,0,Общая система налогообложения,,,tax_system,,ОСНО,,,,,,,,,,,,,"{""fullName"":""Общая система налогообложения"",""shortName"":""ОСНО""}"
0b0a5c3a-5e4a-55e0-b1d4-298cb3a58fb3,5036158015,5036158015,founder,0,ЗАЙЦЕВ СЕРГЕЙ НИКОЛАЕВИЧ,505198141160,,founder,,,,100,20000,2017-09-26T21:00:00.000Z,True,,,,,,,,"{""name"":""ЗАЙЦЕВ СЕРГЕЙ НИКОЛАЕВИЧ"",""inn"":""505198141160"",""amount"":20000,""share"":100,""dateFrom"":{""$date"":""2017-09-26T21:00:00.000Z""},""active"":true}"
0b0a5c3a-5e4a-55e0-b1d4-298cb3a58fb3,5036158015,5036158015,director,0,ЗАЙЦЕВ СЕРГЕЙ НИКОЛАЕВИЧ,505198141160,,director,ГЕНЕРАЛЬНЫЙ ДИРЕКТОР,,,,,2020-12-08T21:00:00.000Z,,,,,,,,,"{""name"":""ЗАЙЦЕВ СЕРГЕЙ НИКОЛАЕВИЧ"",""positionName"":""ГЕНЕРАЛЬНЫЙ ДИРЕКТОР"",""inn"":""505198141160"",""positionDate"":{""$date"":""2020-12-08T21:00:00.000Z""}}"
0b0a5c3a-5e4a-55e0-b1d4-298cb3a58fb3,5036158015,5036158015,activity,0,,,,main,,69.10,Деятельность в области права,,,,,,,,,,,,"{""code"":""69.10"",""description"":""Деятельность в области права""}"
0b0a5c3a-5e4a-55e0-b1d4-298cb3a58fb3,5036158015,5036158015,activity,1,,,,other,,43.29,Производство прочих строительно-монтажных работ,,,,,,,,,,,,"{""code"":""43.29"",""description"":""Производство прочих строительно-монтажных работ""}"
0b0a5c3a-5e4a-55e0-b1d4-298cb3a58fb3,5036158015,5036158015,activity,2,,,,other,,22.29.2,"Производство прочих изделий из пластмасс, не включенных в другие группировки, кроме устройств пломбировочных из пластика",,,,,,,,,,,,"{""code"":""22.29.2"",""description"":""Производство прочих изделий из пластмасс, не включенных в другие группировки, кроме устройств пломбировочных из пластика""}"
0b0a5c3a-5e4a-55e0-b1d4-298cb3a58fb3,5036158015,5036158015,activity,3,,,,other,,18.13,Изготовление печатных форм и подготовительная деятельность,,,,,,,,,,,,"{""code"":""18.13"",""description"":""Изготовление печатных форм и подготовительная деятельность""}"
0b0a5c3a-5e4a-55e0-b1d4-298cb3a58fb3,5036158015,5036158015,activity,4,,,,other,,43.33,Работы по устройству покрытий полов и облицовке стен,,,,,,,,,,,,"{""code"":""43.33"",""description"":""Работы по устройству покрытий полов и облицовке стен""}"
0b0a5c3a-5e4a-55e0-b1d4-298cb3a58fb3,5036158015,5036158015,activity,5,,,,other,,43.99.2,Работы по установке строительных лесов и подмостей,,,,,,,,,,,,"{""code"":""43.99.2"",""description"":""Работы по установке строительных лесов и подмостей""}"
0b0a5c3a-5e4a-55e0-b1d4-298cb3a58fb3,5036158015,5036158015,activity,6,,,,other,,45.11.2,Торговля розничная легковыми автомобилями и легкими автотранспортными средствами в специализированных магазинах,,,,,,,,,,,,"{""code"":""45.11.2"",""description"":""Торговля розничная легковыми автомобилями и легкими автотранспортными средствами в специализированных магазинах""}"
0b0a5c3a-5e4a-55e0-b1d4-298cb3a58fb3,5036158015,5036158015,activity,7,,,,other,,47.52.7,"Торговля розничная строительными материалами, не включенными в другие группировки, в специализированных магазинах",,,,,,,,,,,,"{""code"":""47.52.7"",""description"":""Торговля розничная строительными материалами, не включенными в другие группировки, в специализированных магазинах""}"
0b0a5c3a-5e4a-55e0-b1d4-298cb3a58fb3,5036158015,5036158015,activity,8,,,,other,,45.19.3,Торговля розничная прочими автотранспортными средствами прочая,,,,,,,,,,,,"{""code"":""45.19.3"",""description"":""Торговля розничная прочими автотранспортными средствами прочая""}"
0b0a5c3a-5e4a-55e0-b1d4-298cb3a58fb3,5036158015,5036158015,activity,9,,,,other,,47.25.12,Торговля розничная пивом в специализированных магазинах,,,,,,,,,,,,"{""code"":""47.25.12"",""description"":""Торговля розничная пивом в специализированных магазинах""}"
0b0a5c3a-5e4a-55e0-b1d4-298cb3a58fb3,5036158015,5036158015,activity,10,,,,other,,47.9,"Торговля розничная вне магазинов, палаток, рынков",,,,,,,,,,,,"{""code"":""47.9"",""description"":""Торговля розничная вне магазинов, палаток, рынков""}"
0b0a5c3a-5e4a-55e0-b1d4-298cb3a58fb3,5036158015,5036158015,activity,11,,,,other,,47.91.4,"Торговля розничная, осуществляемая непосредственно при помощи телевидения, радио, телефона",,,,,,,,,,,,"{""code"":""47.91.4"",""description"":""Торговля розничная, осуществляемая непосредственно при помощи телевидения, радио, телефона""}"
0b0a5c3a-5e4a-55e0-b1d4-298cb3a58fb3,5036158015,5036158015,activity,12,,,,other,,49.32,Деятельность легкового такси и арендованных легковых автомобилей с водителем,,,,,,,,,,,,"{""code"":""49.32"",""description"":""Деятельность легкового такси и арендованных легковых автомобилей с водителем""}"
0b0a5c3a-5e4a-55e0-b1d4-298cb3a58fb3,5036158015,5036158015,activity,13,,,,other,,52.29,"Деятельность вспомогательная прочая, связанная с перевозками",,,,,,,,,,,,"{""code"":""52.29"",""description"":""Деятельность вспомогательная прочая, связанная с перевозками""}"
0b0a5c3a-5e4a-55e0-b1d4-298cb3a58fb3,5036158015,5036158015,activity,14,,,,other,,56.10,Деятельность ресторанов и услуги по доставке продуктов питания,,,,,,,,,,,,"{""code"":""56.10"",""description"":""Деятельность ресторанов и услуги по доставке продуктов питания""}"
0b0a5c3a-5e4a-55e0-b1d4-298cb3a58fb3,5036158015,5036158015,activity,15,,,,other,,56.30,Подача напитков,,,,,,,,,,,,"{""code"":""56.30"",""description"":""Подача напитков""}"
0b0a5c3a-5e4a-55e0-b1d4-298cb3a58fb3,5036158015,5036158015,activity,16,,,,other,,68.31.1,Предоставление посреднических услуг при купле-продаже недвижимого имущества за вознаграждение или на договорной основе,,,,,,,,,,,,"{""code"":""68.31.1"",""description"":""Предоставление посреднических услуг при купле-продаже недвижимого имущества за вознаграждение или на договорной основе""}"
0b0a5c3a-5e4a-55e0-b1d4-298cb3a58fb3,5036158015,5036158015,activity,17,,,,other,,68.31.4,Предоставление консультационных услуг по аренде недвижимого имущества за вознаграждение или на договорной основе,,,,,,,,,,,,"{""code"":""68.31.4"",""description"":""Предоставление консультационных услуг по аренде недвижимого имущества за вознаграждение или на договорной основе""}"
0b0a5c3a-5e4a-55e0-b1d4-298cb3a58fb3,5036158015,5036158015,activity,18,,,,other,,79.11,Деятельность туристических агентств,,,,,,,,,,,,"{""code"":""79.11"",""description"":""Деятельность туристических агентств""}"
0b0a5c3a-5e4a-55e0-b1d4-298cb3a58fb3,5036158015,5036158015,activity,19,,,,other,,73.11,Деятельность рекламных агентств,,,,,,,,,,,,"{""code"":""73.11"",""description"":""Деятельность рекламных агентств""}"
0b0a5c3a-5e4a-55e0-b1d4-298cb3a58fb3,5036158015,5036158015,activity,20,,,,other,,77.11,Аренда и лизинг легковых автомобилей и легких автотранспортных средств,,,,,,,,,,,,"{""code"":""77.11"",""description"":""Аренда и лизинг легковых автомобилей и легких автотранспортных средств""}"
0b0a5c3a-5e4a-55e0-b1d4-298cb3a58fb3,5036158015,5036158015,activity,21,,,,other,,43.21,Производство электромонтажных работ,,,,,,,,,,,,"{""code"":""43.21"",""description"":""Производство электромонтажных работ""}"
0b0a5c3a-5e4a-55e0-b1d4-298cb3a58fb3,5036158015,5036158015,activity,22,,,,other,,18.14,Деятельность брошюровочно- переплетная и отделочная и сопутствующие услуги,,,,,,,,,,,,"{""code"":""18.14"",""description"":""Деятельность брошюровочно- переплетная и отделочная и сопутствующие услуги""}"
0b0a5c3a-5e4a-55e0-b1d4-298cb3a58fb3,5036158015,5036158015,activity,23,,,,other,,43.31,Производство штукатурных работ,,,,,,,,,,,,"{""code"":""43.31"",""description"":""Производство штукатурных работ""}"
0b0a5c3a-5e4a-55e0-b1d4-298cb3a58fb3,5036158015,5036158015,activity,24,,,,other,,43.34,Производство малярных и стекольных работ,,,,,,,,,,,,"{""code"":""43.34"",""description"":""Производство малярных и стекольных работ""}"
0b0a5c3a-5e4a-55e0-b1d4-298cb3a58fb3,5036158015,5036158015,activity,25,,,,other,,43.99.5,Работы по монтажу стальных строительных конструкций,,,,,,,,,,,,"{""code"":""43.99.5"",""description"":""Работы по монтажу стальных строительных конструкций""}"
0b0a5c3a-5e4a-55e0-b1d4-298cb3a58fb3,5036158015,5036158015,activity,26,,,,other,,45.11.3,Торговля розничная легковыми автомобилями и легкими автотранспортными средствами прочая,,,,,,,,,,,,"{""code"":""45.11.3"",""description"":""Торговля розничная легковыми автомобилями и легкими автотранспортными средствами прочая""}"
0b0a5c3a-5e4a-55e0-b1d4-298cb3a58fb3,5036158015,5036158015,activity,27,,,,other,,47.61,Торговля розничная книгами в специализированных магазинах,,,,,,,,,,,,"{""code"":""47.61"",""description"":""Торговля розничная книгами в специализированных магазинах""}"
0b0a5c3a-5e4a-55e0-b1d4-298cb3a58fb3,5036158015,5036158015,activity,28,,,,other,,47.99,"Торговля розничная прочая вне магазинов, палаток, рынков",,,,,,,,,,,,"{""code"":""47.99"",""description"":""Торговля розничная прочая вне магазинов, палаток, рынков""}"
0b0a5c3a-5e4a-55e0-b1d4-298cb3a58fb3,5036158015,5036158015,activity,29,,,,other,,45.20,Техническое обслуживание и ремонт автотранспортных средств,,,,,,,,,,,,"{""code"":""45.20"",""description"":""Техническое обслуживание и ремонт автотранспортных средств""}"
0b0a5c3a-5e4a-55e0-b1d4-298cb3a58fb3,5036158015,5036158015,activity,30,,,,other,,47.91.2,"Торговля розничная, осуществляемая непосредственно при помощи информационно-коммуникационной сети Интернет",,,,,,,,,,,,"{""code"":""47.91.2"",""description"":""Торговля розничная, осуществляемая непосредственно при помощи информационно-коммуникационной сети Интернет""}"
0b0a5c3a-5e4a-55e0-b1d4-298cb3a58fb3,5036158015,5036158015,activity,31,,,,other,,47.25.2,Торговля розничная безалкогольными напитками в специализированных магазинах,,,,,,,,,,,,"{""code"":""47.25.2"",""description"":""Торговля розничная безалкогольными напитками в специализированных магазинах""}"
0b0a5c3a-5e4a-55e0-b1d4-298cb3a58fb3,5036158015,5036158015,activity,32,,,,other,,49.4,Деятельность автомобильного грузового транспорта и услуги по перевозкам,,,,,,,,,,,,"{""code"":""49.4"",""description"":""Деятельность автомобильного грузового транспорта и услуги по перевозкам""}"
0b0a5c3a-5e4a-55e0-b1d4-298cb3a58fb3,5036158015,5036158015,activity,33,,,,other,,53.20.3,Деятельность курьерская,,,,,,,,,,,,"{""code"":""53.20.3"",""description"":""Деятельность курьерская""}"
0b0a5c3a-5e4a-55e0-b1d4-298cb3a58fb3,5036158015,5036158015,activity,34,,,,other,,55.10,Деятельность гостиниц и прочих мест для временного проживания,,,,,,,,,,,,"{""code"":""55.10"",""description"":""Деятельность гостиниц и прочих мест для временного проживания""}"
0b0a5c3a-5e4a-55e0-b1d4-298cb3a58fb3,5036158015,5036158015,activity,35,,,,other,,56.10.1,"Деятельность ресторанов и кафе с полным ресторанным обслуживанием, кафетериев, ресторанов быстрого питания и самообслуживания",,,,,,,,,,,,"{""code"":""56.10.1"",""description"":""Деятельность ресторанов и кафе с полным ресторанным обслуживанием, кафетериев, ресторанов быстрого питания и самообслуживания""}"
0b0a5c3a-5e4a-55e0-b1d4-298cb3a58fb3,5036158015,5036158015,activity,36,,,,other,,58.19,Виды издательской деятельности прочие,,,,,,,,,,,,"{""code"":""58.19"",""description"":""Виды издательской деятельности прочие""}"
0b0a5c3a-5e4a-55e0-b1d4-298cb3a58fb3,5036158015,5036158015,activity,37,,,,other,,73.20,Исследование конъюнктуры рынка и изучение общественного мнения,,,,,,,,,,,,"{""code"":""73.20"",""description"":""Исследование конъюнктуры рынка и изучение общественного мнения""}"
0b0a5c3a-5e4a-55e0-b1d4-298cb3a58fb3,5036158015,5036158015,activity,38,,,,other,,68.31.2,Предоставление посреднических услуг по аренде недвижимого имущества за вознаграждение или на договорной основе,,,,,,,,,,,,"{""code"":""68.31.2"",""description"":""Предоставление посреднических услуг по аренде недвижимого имущества за вознаграждение или на договорной основе""}"
0b0a5c3a-5e4a-55e0-b1d4-298cb3a58fb3,5036158015,5036158015,activity,39,,,,other,,77.39.11,Аренда и лизинг прочего автомобильного транспорта и оборудования,,,,,,,,,,,,"{""code"":""77.39.11"",""description"":""Аренда и лизинг прочего автомобильного транспорта и оборудования""}"
0b0a5c3a-5e4a-55e0-b1d4-298cb3a58fb3,5036158015,5036158015,activity,40,,,,other,,69.20,"Деятельность по оказанию услуг в области бухгалтерского учета, по проведению финансового аудита, по налоговому консультированию",,,,,,,,,,,,"{""code"":""69.20"",""description"":""Деятельность по оказанию услуг в области бухгалтерского учета, по проведению финансового аудита, по налоговому консультированию""}"
0b0a5c3a-5e4a-55e0-b1d4-298cb3a58fb3,5036158015,5036158015,activity,41,,,,other,,82.19,Деятельность по фотокопированию и подготовке документов и прочая специализированная вспомогательная деятельность по обеспечению деятельности офиса,,,,,,,,,,,,"{""code"":""82.19"",""description"":""Деятельность по фотокопированию и подготовке документов и прочая специализированная вспомогательная деятельность по обеспечению деятельности офиса""}"
0b0a5c3a-5e4a-55e0-b1d4-298cb3a58fb3,5036158015,5036158015,activity,42,,,,other,,18.12,Прочие виды полиграфической деятельности,,,,,,,,,,,,"{""code"":""18.12"",""description"":""Прочие виды полиграфической деятельности""}"
0b0a5c3a-5e4a-55e0-b1d4-298cb3a58fb3,5036158015,5036158015,activity,43,,,,other,,22.29,Производство прочих пластмассовых изделий,,,,,,,,,,,,"{""code"":""22.29"",""description"":""Производство прочих пластмассовых изделий""}"
0b0a5c3a-5e4a-55e0-b1d4-298cb3a58fb3,5036158015,5036158015,activity,44,,,,other,,43.32,Работы столярные и плотничные,,,,,,,,,,,,"{""code"":""43.32"",""description"":""Работы столярные и плотничные""}"
0b0a5c3a-5e4a-55e0-b1d4-298cb3a58fb3,5036158015,5036158015,activity,45,,,,other,,43.22,"Производство санитарно-технических работ, монтаж отопительных систем и систем кондиционирования воздуха",,,,,,,,,,,,"{""code"":""43.22"",""description"":""Производство санитарно-технических работ, монтаж отопительных систем и систем кондиционирования воздуха""}"
0b0a5c3a-5e4a-55e0-b1d4-298cb3a58fb3,5036158015,5036158015,activity,46,,,,other,,43.99.1,Работы гидроизоляционные,,,,,,,,,,,,"{""code"":""43.99.1"",""description"":""Работы гидроизоляционные""}"
0b0a5c3a-5e4a-55e0-b1d4-298cb3a58fb3,5036158015,5036158015,activity,47,,,,other,,47.29.35,"Торговля розничная чаем, кофе, какао в специализированных магазинах",,,,,,,,,,,,"{""code"":""47.29.35"",""description"":""Торговля розничная чаем, кофе, какао в специализированных магазинах""}"
0b0a5c3a-5e4a-55e0-b1d4-298cb3a58fb3,5036158015,5036158015,activity,48,,,,other,,45.19.2,Торговля розничная прочими автотранспортными средствами в специализированных магазинах,,,,,,,,,,,,"{""code"":""45.19.2"",""description"":""Торговля розничная прочими автотранспортными средствами в специализированных магазинах""}"
0b0a5c3a-5e4a-55e0-b1d4-298cb3a58fb3,5036158015,5036158015,activity,49,,,,other,,47.21,Торговля розничная фруктами и овощами в специализированных магазинах,,,,,,,,,,,,"{""code"":""47.21"",""description"":""Торговля розничная фруктами и овощами в специализированных магазинах""}"
0b0a5c3a-5e4a-55e0-b1d4-298cb3a58fb3,5036158015,5036158015,activity,50,,,,other,,43.99.7,Работы по сборке и монтажу сборных конструкций,,,,,,,,,,,,"{""code"":""43.99.7"",""description"":""Работы по сборке и монтажу сборных конструкций""}"
0b0a5c3a-5e4a-55e0-b1d4-298cb3a58fb3,5036158015,5036158015,activity,51,,,,other,,47.65,Торговля розничная играми и игрушками в специализированных магазинах,,,,,,,,,,,,"{""code"":""47.65"",""description"":""Торговля розничная играми и игрушками в специализированных магазинах""}"
0b0a5c3a-5e4a-55e0-b1d4-298cb3a58fb3,5036158015,5036158015,activity,52,,,,other,,47.91.3,Торговля розничная через Интернет-аукционы,,,,,,,,,,,,"{""code"":""47.91.3"",""description"":""Торговля розничная через Интернет-аукционы""}"
0b0a5c3a-5e4a-55e0-b1d4-298cb3a58fb3,5036158015,5036158015,activity,53,,,,other,,49.3,Деятельность прочего сухопутного пассажирского транспорта,,,,,,,,,,,,"{""code"":""49.3"",""description"":""Деятельность прочего сухопутного пассажирского транспорта""}"
0b0a5c3a-5e4a-55e0-b1d4-298cb3a58fb3,5036158015,5036158015,activity,54,,,,other,,52.10,Деятельность по складированию и хранению,,,,,,,,,,,,"{""code"":""52.10"",""description"":""Деятельность по складированию и хранению""}"
0b0a5c3a-5e4a-55e0-b1d4-298cb3a58fb3,5036158015,5036158015,activity,55,,,,other,,56.10.3,Деятельность ресторанов и баров по обеспечению питанием в железнодорожных вагонах-ресторанах и на судах,,,,,,,,,,,,"{""code"":""56.10.3"",""description"":""Деятельность ресторанов и баров по обеспечению питанием в железнодорожных вагонах-ресторанах и на судах""}"
0b0a5c3a-5e4a-55e0-b1d4-298cb3a58fb3,5036158015,5036158015,activity,56,,,,other,,68.31,Деятельность агентств недвижимости за вознаграждение или на договорной основе,,,,,,,,,,,,"{""code"":""68.31"",""description"":""Деятельность агентств недвижимости за вознаграждение или на договорной основе""}"
0b0a5c3a-5e4a-55e0-b1d4-298cb3a58fb3,5036158015,5036158015,activity,57,,,,other,,55.90,Деятельность по предоставлению прочих мест для временного проживания,,,,,,,,,,,,"{""code"":""55.90"",""description"":""Деятельность по предоставлению прочих мест для временного проживания""}"
0b0a5c3a-5e4a-55e0-b1d4-298cb3a58fb3,5036158015,5036158015,activity,58,,,,other,,68.31.3,Предоставление консультационных услуг при купле-продаже недвижимого имущества за вознаграждение или на договорной основе,,,,,,,,,,,,"{""code"":""68.31.3"",""description"":""Предоставление консультационных услуг при купле-продаже недвижимого имущества за вознаграждение или на договорной основе""}"
0b0a5c3a-5e4a-55e0-b1d4-298cb3a58fb3,5036158015,5036158015,activity,59,,,,other,,70.22,Консультирование по вопросам коммерческой деятельности и управления,,,,,,,,,,,,"{""code"":""70.22"",""description"":""Консультирование по вопросам коммерческой деятельности и управления""}"
0b0a5c3a-5e4a-55e0-b1d4-298cb3a58fb3,5036158015,5036158015,activity,60,,,,other,,78.10,Деятельность агентств по подбору персонала,,,,,,,,,,,,"{""code"":""78.10"",""description"":""Деятельность агентств по подбору персонала""}"
0b0a5c3a-5e4a-55e0-b1d4-298cb3a58fb3,5036158015,5036158015,activity,61,,,,other,,82.99,"Деятельность по предоставлению прочих вспомогательных услуг для бизнеса, не включенная в другие группировки",,,,,,,,,,,,"{""code"":""82.99"",""description"":""Деятельность по предоставлению прочих вспомогательных услуг для бизнеса, не включенная в другие группировки""}"
0b0a5c3a-5e4a-55e0-b1d4-298cb3a58fb3,5036158015,5036158015,activity,62,,,,other,,74.30,Деятельность по письменному и устному переводу,,,,,,,,,,,,"{""code"":""74.30"",""description"":""Деятельность по письменному и устному переводу""}"
0b0a5c3a-5e4a-55e0-b1d4-298cb3a58fb3,5036158015,5036158015,phone,0,,,,phone,,,,,,,,,,,926,9650965,,,"{""phoneCode"":""926"",""phoneNumber"":""9650965""}"
0b0a5c3a-5e4a-55e0-b1d4-298cb3a58fb3,5036158015,5036158015,tax_system,0,Упрощенная система налогообложения,,,tax_system,,УСН,,,,,,,,,,,,,"{""fullName"":""Упрощенная система налогообложения"",""shortName"":""УСН""}"
3a8c5daa-efa7-567c-8114-f60144cbb82c,7720901442,7720901442,founder,0,ШОРИКОВ РОМАН АНАТОЛЬЕВИЧ,502602243329,,founder,,,,100,50000,2023-07-03T21:00:00.000Z,True,,,,,,,,"{""name"":""ШОРИКОВ РОМАН АНАТОЛЬЕВИЧ"",""inn"":""502602243329"",""amount"":50000,""share"":100,""dateFrom"":{""$date"":""2023-07-03T21:00:00.000Z""},""active"":true}"
3a8c5daa-efa7-567c-8114-f60144cbb82c,7720901442,7720901442,director,0,ШОРИКОВ РОМАН АНАТОЛЬЕВИЧ,502602243329,,director,ГЕНЕРАЛЬНЫЙ ДИРЕКТОР,,,,,2023-07-03T21:00:00.000Z,,,,,,,,,"{""name"":""ШОРИКОВ РОМАН АНАТОЛЬЕВИЧ"",""positionName"":""ГЕНЕРАЛЬНЫЙ ДИРЕКТОР"",""inn"":""502602243329"",""positionDate"":{""$date"":""2023-07-03T21:00:00.000Z""}}"
3a8c5daa-efa7-567c-8114-f60144cbb82c,7720901442,7720901442,related_company,0,ИП ШОРИКОВ РОМАН АНАТОЛЬЕВИЧ,502602243329,316502700064300,related_company,,,,,,,,,,,,,,,"{""inn"":""502602243329"",""ogrn"":""316502700064300"",""name"":""ИП ШОРИКОВ РОМАН АНАТОЛЬЕВИЧ""}"
3a8c5daa-efa7-567c-8114-f60144cbb82c,7720901442,7720901442,activity,0,,,,main,,46.73,"Торговля оптовая лесоматериалами, строительными материалами и санитарно-техническим оборудованием",,,,,,,,,,,,"{""code"":""46.73"",""description"":""Торговля оптовая лесоматериалами, строительными материалами и санитарно-техническим оборудованием""}"
3a8c5daa-efa7-567c-8114-f60144cbb82c,7720901442,7720901442,activity,1,,,,other,,46.76,Торговля оптовая прочими промежуточными продуктами,,,,,,,,,,,,"{""code"":""46.76"",""description"":""Торговля оптовая прочими промежуточными продуктами""}"
3a8c5daa-efa7-567c-8114-f60144cbb82c,7720901442,7720901442,activity,2,,,,other,,43.32,Работы столярные и плотничные,,,,,,,,,,,,"{""code"":""43.32"",""description"":""Работы столярные и плотничные""}"
3a8c5daa-efa7-567c-8114-f60144cbb82c,7720901442,7720901442,activity,3,,,,other,,43.31,Производство штукатурных работ,,,,,,,,,,,,"{""code"":""43.31"",""description"":""Производство штукатурных работ""}"
3a8c5daa-efa7-567c-8114-f60144cbb82c,7720901442,7720901442,activity,4,,,,other,,46.75,Торговля оптовая химическими продуктами,,,,,,,,,,,,"{""code"":""46.75"",""description"":""Торговля оптовая химическими продуктами""}"
3a8c5daa-efa7-567c-8114-f60144cbb82c,7720901442,7720901442,activity,5,,,,other,,43.29,Производство прочих строительно-монтажных работ,,,,,,,,,,,,"{""code"":""43.29"",""description"":""Производство прочих строительно-монтажных работ""}"
3a8c5daa-efa7-567c-8114-f60144cbb82c,7720901442,7720901442,activity,6,,,,other,,43.99,"Работы строительные специализированные прочие, не включенные в другие группировки",,,,,,,,,,,,"{""code"":""43.99"",""description"":""Работы строительные специализированные прочие, не включенные в другие группировки""}"
3a8c5daa-efa7-567c-8114-f60144cbb82c,7720901442,7720901442,activity,7,,,,other,,46.19,Деятельность агентов по оптовой торговле универсальным ассортиментом товаров,,,,,,,,,,,,"{""code"":""46.19"",""description"":""Деятельность агентов по оптовой торговле универсальным ассортиментом товаров""}"
3a8c5daa-efa7-567c-8114-f60144cbb82c,7720901442,7720901442,activity,8,,,,other,,43.34,Производство малярных и стекольных работ,,,,,,,,,,,,"{""code"":""43.34"",""description"":""Производство малярных и стекольных работ""}"
3a8c5daa-efa7-567c-8114-f60144cbb82c,7720901442,7720901442,activity,9,,,,other,,43.33,Работы по устройству покрытий полов и облицовке стен,,,,,,,,,,,,"{""code"":""43.33"",""description"":""Работы по устройству покрытий полов и облицовке стен""}"
3a8c5daa-efa7-567c-8114-f60144cbb82c,7720901442,7720901442,activity,10,,,,other,,46.66,Торговля оптовая прочей офисной техникой и оборудованием,,,,,,,,,,,,"{""code"":""46.66"",""description"":""Торговля оптовая прочей офисной техникой и оборудованием""}"
3a8c5daa-efa7-567c-8114-f60144cbb82c,7720901442,7720901442,activity,11,,,,other,,46.62,Торговля оптовая станками,,,,,,,,,,,,"{""code"":""46.62"",""description"":""Торговля оптовая станками""}"
3a8c5daa-efa7-567c-8114-f60144cbb82c,7720901442,7720901442,activity,12,,,,other,,46.69,Торговля оптовая прочими машинами и оборудованием,,,,,,,,,,,,"{""code"":""46.69"",""description"":""Торговля оптовая прочими машинами и оборудованием""}"
3a8c5daa-efa7-567c-8114-f60144cbb82c,7720901442,7720901442,activity,13,,,,other,,43.21,Производство электромонтажных работ,,,,,,,,,,,,"{""code"":""43.21"",""description"":""Производство электромонтажных работ""}"
3a8c5daa-efa7-567c-8114-f60144cbb82c,7720901442,7720901442,activity,14,,,,other,,46.90,Торговля оптовая неспециализированная,,,,,,,,,,,,"{""code"":""46.90"",""description"":""Торговля оптовая неспециализированная""}"
3a8c5daa-efa7-567c-8114-f60144cbb82c,7720901442,7720901442,activity,15,,,,other,,43.22,"Производство санитарно-технических работ, монтаж отопительных систем и систем кондиционирования воздуха",,,,,,,,,,,,"{""code"":""43.22"",""description"":""Производство санитарно-технических работ, монтаж отопительных систем и систем кондиционирования воздуха""}"
3a8c5daa-efa7-567c-8114-f60144cbb82c,7720901442,7720901442,activity,16,,,,other,,43.99.1,Работы гидроизоляционные,,,,,,,,,,,,"{""code"":""43.99.1"",""description"":""Работы гидроизоляционные""}"
3a8c5daa-efa7-567c-8114-f60144cbb82c,7720901442,7720901442,tax_system,0,Общая система налогообложения,,,tax_system,,ОСНО,,,,,,,,,,,,,"{""fullName"":""Общая система налогообложения"",""shortName"":""ОСНО""}"
a1083ce8-0804-5e5b-b58f-0694e98de6f6,0278949271,0278949271,founder,0,АХМАТЬЯНОВ ЭЛЬДАР КАУСАРОВИЧ,027404819986,,founder,,,,50,10000,2025-02-03T21:00:00.000Z,True,,,,,,,,"{""name"":""АХМАТЬЯНОВ ЭЛЬДАР КАУСАРОВИЧ"",""inn"":""027404819986"",""amount"":10000,""share"":50,""dateFrom"":{""$date"":""2025-02-03T21:00:00.000Z""},""active"":true}"
a1083ce8-0804-5e5b-b58f-0694e98de6f6,0278949271,0278949271,director,0,АХМАТЬЯНОВ ЭЛЬДАР КАУСАРОВИЧ,027404819986,,director,Директор,,,,,2025-02-03T21:00:00.000Z,,,,,,,,,"{""name"":""АХМАТЬЯНОВ ЭЛЬДАР КАУСАРОВИЧ"",""positionName"":""Директор"",""inn"":""027404819986"",""positionDate"":{""$date"":""2025-02-03T21:00:00.000Z""}}"
a1083ce8-0804-5e5b-b58f-0694e98de6f6,0278949271,0278949271,related_company,0,"ООО ""ПРОМКОНТАКТСТРОЙ""",0275066285,1080275003610,related_company,,,,,,,,2008-10-31T21:00:00.000Z,,,,,ИДРИСОВ МАРАТ РАШИТОВИЧ,ДИРЕКТОР,"{""inn"":""0275066285"",""ogrn"":""1080275003610"",""name"":""ООО \""ПРОМКОНТАКТСТРОЙ\"""",""registrationDate"":{""$date"":""2008-10-31T21:00:00.000Z""},""authPersonName"":""ИДРИСОВ МАРАТ РАШИТОВИЧ"",""authPersonPosition"":""ДИРЕКТОР""}"
a1083ce8-0804-5e5b-b58f-0694e98de6f6,0278949271,0278949271,related_company,1,"ООО ""КОМПАС""",0276162270,1140280073801,related_company,,,,,,,,2014-12-07T21:00:00.000Z,,,,,АХМАТЬЯНОВ ЭЛЬДАР КАУСАРОВИЧ,ДИРЕКТОР,"{""inn"":""0276162270"",""ogrn"":""1140280073801"",""name"":""ООО \""КОМПАС\"""",""registrationDate"":{""$date"":""2014-12-07T21:00:00.000Z""},""authPersonName"":""АХМАТЬЯНОВ ЭЛЬДАР КАУСАРОВИЧ"",""authPersonPosition"":""ДИРЕКТОР""}"
a1083ce8-0804-5e5b-b58f-0694e98de6f6,0278949271,0278949271,related_company,2,"ООО ""КОМПАС""",0277958530,1220200012229,related_company,,,,,,,,2022-04-10T21:00:00.000Z,,,,,ЕВДОКИМОВ ДМИТРИЙ СЕРГЕЕВИЧ,ДИРЕКТОР,"{""inn"":""0277958530"",""ogrn"":""1220200012229"",""name"":""ООО \""КОМПАС\"""",""registrationDate"":{""$date"":""2022-04-10T21:00:00.000Z""},""authPersonName"":""ЕВДОКИМОВ ДМИТРИЙ СЕРГЕЕВИЧ"",""authPersonPosition"":""ДИРЕКТОР""}"
a1083ce8-0804-5e5b-b58f-0694e98de6f6,0278949271,0278949271,activity,0,,,,main,,46.73,"Торговля оптовая лесоматериалами, строительными материалами и санитарно-техническим оборудованием",,,,,,,,,,,,"{""code"":""46.73"",""description"":""Торговля оптовая лесоматериалами, строительными материалами и санитарно-техническим оборудованием""}"
a1083ce8-0804-5e5b-b58f-0694e98de6f6,0278949271,0278949271,activity,1,,,,other,,46.72,Торговля оптовая металлами и металлическими рудами,,,,,,,,,,,,"{""code"":""46.72"",""description"":""Торговля оптовая металлами и металлическими рудами""}"
a1083ce8-0804-5e5b-b58f-0694e98de6f6,0278949271,0278949271,activity,2,,,,other,,47.19,Торговля розничная прочая в неспециализированных магазинах,,,,,,,,,,,,"{""code"":""47.19"",""description"":""Торговля розничная прочая в неспециализированных магазинах""}"
a1083ce8-0804-5e5b-b58f-0694e98de6f6,0278949271,0278949271,activity,3,,,,other,,47.52.73,Торговля розничная металлическими и неметаллическими конструкциями в специализированных магазинах,,,,,,,,,,,,"{""code"":""47.52.73"",""description"":""Торговля розничная металлическими и неметаллическими конструкциями в специализированных магазинах""}"
a1083ce8-0804-5e5b-b58f-0694e98de6f6,0278949271,0278949271,activity,4,,,,other,,46.74,"Торговля оптовая скобяными изделиями, водопроводным и отопительным оборудованием и принадлежностями",,,,,,,,,,,,"{""code"":""46.74"",""description"":""Торговля оптовая скобяными изделиями, водопроводным и отопительным оборудованием и принадлежностями""}"
a1083ce8-0804-5e5b-b58f-0694e98de6f6,0278949271,0278949271,activity,5,,,,other,,42.11,Строительство автомобильных дорог и автомагистралей,,,,,,,,,,,,"{""code"":""42.11"",""description"":""Строительство автомобильных дорог и автомагистралей""}"
a1083ce8-0804-5e5b-b58f-0694e98de6f6,0278949271,0278949271,activity,6,,,,other,,43.39,Производство прочих отделочных и завершающих работ,,,,,,,,,,,,"{""code"":""43.39"",""description"":""Производство прочих отделочных и завершающих работ""}"
a1083ce8-0804-5e5b-b58f-0694e98de6f6,0278949271,0278949271,activity,7,,,,other,,42.99,"Строительство прочих инженерных сооружений, не включенных в другие группировки",,,,,,,,,,,,"{""code"":""42.99"",""description"":""Строительство прочих инженерных сооружений, не включенных в другие группировки""}"
a1083ce8-0804-5e5b-b58f-0694e98de6f6,0278949271,0278949271,activity,8,,,,other,,43.11,Разборка и снос зданий,,,,,,,,,,,,"{""code"":""43.11"",""description"":""Разборка и снос зданий""}"
a1083ce8-0804-5e5b-b58f-0694e98de6f6,0278949271,0278949271,activity,9,,,,other,,43.99,"Работы строительные специализированные прочие, не включенные в другие группировки",,,,,,,,,,,,"{""code"":""43.99"",""description"":""Работы строительные специализированные прочие, не включенные в другие группировки""}"
a1083ce8-0804-5e5b-b58f-0694e98de6f6,0278949271,0278949271,activity,10,,,,other,,43.13,Разведочное бурение,,,,,,,,,,,,"{""code"":""43.13"",""description"":""Разведочное бурение""}"
a1083ce8-0804-5e5b-b58f-0694e98de6f6,0278949271,0278949271,activity,11,,,,other,,43.29,Производство прочих строительно-монтажных работ,,,,,,,,,,,,"{""code"":""43.29"",""description"":""Производство прочих строительно-монтажных работ""}"
a1083ce8-0804-5e5b-b58f-0694e98de6f6,0278949271,0278949271,activity,12,,,,other,,43.32,Работы столярные и плотничные,,,,,,,,,,,,"{""code"":""43.32"",""description"":""Работы столярные и плотничные""}"
a1083ce8-0804-5e5b-b58f-0694e98de6f6,0278949271,0278949271,activity,13,,,,other,,47.52,"Торговля розничная скобяными изделиями, лакокрасочными материалами и стеклом в специализированных магазинах",,,,,,,,,,,,"{""code"":""47.52"",""description"":""Торговля розничная скобяными изделиями, лакокрасочными материалами и стеклом в специализированных магазинах""}"
a1083ce8-0804-5e5b-b58f-0694e98de6f6,0278949271,0278949271,activity,14,,,,other,,43.91,Производство кровельных работ,,,,,,,,,,,,"{""code"":""43.91"",""description"":""Производство кровельных работ""}"
a1083ce8-0804-5e5b-b58f-0694e98de6f6,0278949271,0278949271,activity,15,,,,other,,43.33,Работы по устройству покрытий полов и облицовке стен,,,,,,,,,,,,"{""code"":""43.33"",""description"":""Работы по устройству покрытий полов и облицовке стен""}"
a1083ce8-0804-5e5b-b58f-0694e98de6f6,0278949271,0278949271,activity,16,,,,other,,41.20,Строительство жилых и нежилых зданий,,,,,,,,,,,,"{""code"":""41.20"",""description"":""Строительство жилых и нежилых зданий""}"
a1083ce8-0804-5e5b-b58f-0694e98de6f6,0278949271,0278949271,activity,17,,,,other,,43.21,Производство электромонтажных работ,,,,,,,,,,,,"{""code"":""43.21"",""description"":""Производство электромонтажных работ""}"
a1083ce8-0804-5e5b-b58f-0694e98de6f6,0278949271,0278949271,activity,18,,,,other,,43.34,Производство малярных и стекольных работ,,,,,,,,,,,,"{""code"":""43.34"",""description"":""Производство малярных и стекольных работ""}"
a1083ce8-0804-5e5b-b58f-0694e98de6f6,0278949271,0278949271,activity,19,,,,other,,43.12.3,Производство земляных работ,,,,,,,,,,,,"{""code"":""43.12.3"",""description"":""Производство земляных работ""}"
a1083ce8-0804-5e5b-b58f-0694e98de6f6,0278949271,0278949271,activity,20,,,,other,,43.22,"Производство санитарно-технических работ, монтаж отопительных систем и систем кондиционирования воздуха",,,,,,,,,,,,"{""code"":""43.22"",""description"":""Производство санитарно-технических работ, монтаж отопительных систем и систем кондиционирования воздуха""}"
a1083ce8-0804-5e5b-b58f-0694e98de6f6,0278949271,0278949271,activity,21,,,,other,,43.31,Производство штукатурных работ,,,,,,,,,,,,"{""code"":""43.31"",""description"":""Производство штукатурных работ""}"
a1083ce8-0804-5e5b-b58f-0694e98de6f6,0278949271,0278949271,activity,22,,,,other,,49.42,Предоставление услуг по перевозкам,,,,,,,,,,,,"{""code"":""49.42"",""description"":""Предоставление услуг по перевозкам""}"
a1083ce8-0804-5e5b-b58f-0694e98de6f6,0278949271,0278949271,activity,23,,,,other,,49.41,Деятельность автомобильного грузового транспорта,,,,,,,,,,,,"{""code"":""49.41"",""description"":""Деятельность автомобильного грузового транспорта""}"
a1083ce8-0804-5e5b-b58f-0694e98de6f6,0278949271,0278949271,activity,24,,,,other,,77.39,"Аренда и лизинг прочих видов транспорта, оборудования и материальных средств, не включенных в другие группировки",,,,,,,,,,,,"{""code"":""77.39"",""description"":""Аренда и лизинг прочих видов транспорта, оборудования и материальных средств, не включенных в другие группировки""}"
a1083ce8-0804-5e5b-b58f-0694e98de6f6,0278949271,0278949271,activity,25,,,,other,,18.20,Копирование записанных носителей информации,,,,,,,,,,,,"{""code"":""18.20"",""description"":""Копирование записанных носителей информации""}"
a1083ce8-0804-5e5b-b58f-0694e98de6f6,0278949271,0278949271,activity,26,,,,other,,18.14,Деятельность брошюровочно- переплетная и отделочная и сопутствующие услуги,,,,,,,,,,,,"{""code"":""18.14"",""description"":""Деятельность брошюровочно- переплетная и отделочная и сопутствующие услуги""}"
a1083ce8-0804-5e5b-b58f-0694e98de6f6,0278949271,0278949271,activity,27,,,,other,,52.29,"Деятельность вспомогательная прочая, связанная с перевозками",,,,,,,,,,,,"{""code"":""52.29"",""description"":""Деятельность вспомогательная прочая, связанная с перевозками""}"
a1083ce8-0804-5e5b-b58f-0694e98de6f6,0278949271,0278949271,activity,28,,,,other,,18.13,Изготовление печатных форм и подготовительная деятельность,,,,,,,,,,,,"{""code"":""18.13"",""description"":""Изготовление печатных форм и подготовительная деятельность""}"
a1083ce8-0804-5e5b-b58f-0694e98de6f6,0278949271,0278949271,activity,29,,,,other,,45.31,"Торговля оптовая автомобильными деталями, узлами и принадлежностями",,,,,,,,,,,,"{""code"":""45.31"",""description"":""Торговля оптовая автомобильными деталями, узлами и принадлежностями""}"
a1083ce8-0804-5e5b-b58f-0694e98de6f6,0278949271,0278949271,activity,30,,,,other,,45.32,"Торговля розничная автомобильными деталями, узлами и принадлежностями",,,,,,,,,,,,"{""code"":""45.32"",""description"":""Торговля розничная автомобильными деталями, узлами и принадлежностями""}"
a1083ce8-0804-5e5b-b58f-0694e98de6f6,0278949271,0278949271,activity,31,,,,other,,46.69,Торговля оптовая прочими машинами и оборудованием,,,,,,,,,,,,"{""code"":""46.69"",""description"":""Торговля оптовая прочими машинами и оборудованием""}"
a1083ce8-0804-5e5b-b58f-0694e98de6f6,0278949271,0278949271,activity,32,,,,other,,46.90,Торговля оптовая неспециализированная,,,,,,,,,,,,"{""code"":""46.90"",""description"":""Торговля оптовая неспециализированная""}"
a1083ce8-0804-5e5b-b58f-0694e98de6f6,0278949271,0278949271,activity,33,,,,other,,46.62,Торговля оптовая станками,,,,,,,,,,,,"{""code"":""46.62"",""description"":""Торговля оптовая станками""}"
a1083ce8-0804-5e5b-b58f-0694e98de6f6,0278949271,0278949271,activity,34,,,,other,,46.69.2,Торговля оптовая эксплуатационными материалами и принадлежностями машин,,,,,,,,,,,,"{""code"":""46.69.2"",""description"":""Торговля оптовая эксплуатационными материалами и принадлежностями машин""}"
a1083ce8-0804-5e5b-b58f-0694e98de6f6,0278949271,0278949271,tax_system,0,Общая система налогообложения,,,tax_system,,ОСНО,,,,,,,,,,,,,"{""fullName"":""Общая система налогообложения"",""shortName"":""ОСНО""}"
df17ab25-019e-58f4-b4d2-347817073d94,421412008124,421412008124,activity,0,,,,main,,41.20,Строительство жилых и нежилых зданий,,,,,,,,,,,,"{""code"":""41.20"",""description"":""Строительство жилых и нежилых зданий""}"
df17ab25-019e-58f4-b4d2-347817073d94,421412008124,421412008124,activity,1,,,,other,,43.34,Производство малярных и стекольных работ,,,,,,,,,,,,"{""code"":""43.34"",""description"":""Производство малярных и стекольных работ""}"
df17ab25-019e-58f4-b4d2-347817073d94,421412008124,421412008124,activity,2,,,,other,,43.32,Работы столярные и плотничные,,,,,,,,,,,,"{""code"":""43.32"",""description"":""Работы столярные и плотничные""}"
df17ab25-019e-58f4-b4d2-347817073d94,421412008124,421412008124,activity,3,,,,other,,43.29,Производство прочих строительно-монтажных работ,,,,,,,,,,,,"{""code"":""43.29"",""description"":""Производство прочих строительно-монтажных работ""}"
df17ab25-019e-58f4-b4d2-347817073d94,421412008124,421412008124,activity,4,,,,other,,43.21,Производство электромонтажных работ,,,,,,,,,,,,"{""code"":""43.21"",""description"":""Производство электромонтажных работ""}"
df17ab25-019e-58f4-b4d2-347817073d94,421412008124,421412008124,activity,5,,,,other,,43.31,Производство штукатурных работ,,,,,,,,,,,,"{""code"":""43.31"",""description"":""Производство штукатурных работ""}"
df17ab25-019e-58f4-b4d2-347817073d94,421412008124,421412008124,activity,6,,,,other,,43.33,Работы по устройству покрытий полов и облицовке стен,,,,,,,,,,,,"{""code"":""43.33"",""description"":""Работы по устройству покрытий полов и облицовке стен""}"
df17ab25-019e-58f4-b4d2-347817073d94,421412008124,421412008124,activity,7,,,,other,,43.12,Подготовка строительной площадки,,,,,,,,,,,,"{""code"":""43.12"",""description"":""Подготовка строительной площадки""}"
df17ab25-019e-58f4-b4d2-347817073d94,421412008124,421412008124,activity,8,,,,other,,43.39,Производство прочих отделочных и завершающих работ,,,,,,,,,,,,"{""code"":""43.39"",""description"":""Производство прочих отделочных и завершающих работ""}"
df17ab25-019e-58f4-b4d2-347817073d94,421412008124,421412008124,activity,9,,,,other,,43.91,Производство кровельных работ,,,,,,,,,,,,"{""code"":""43.91"",""description"":""Производство кровельных работ""}"
df17ab25-019e-58f4-b4d2-347817073d94,421412008124,421412008124,activity,10,,,,other,,43.99,"Работы строительные специализированные прочие, не включенные в другие группировки",,,,,,,,,,,,"{""code"":""43.99"",""description"":""Работы строительные специализированные прочие, не включенные в другие группировки""}"
df17ab25-019e-58f4-b4d2-347817073d94,421412008124,421412008124,activity,11,,,,other,,43.12.1,Расчистка территории строительной площадки,,,,,,,,,,,,"{""code"":""43.12.1"",""description"":""Расчистка территории строительной площадки""}"
df17ab25-019e-58f4-b4d2-347817073d94,421412008124,421412008124,activity,12,,,,other,,43.22,"Производство санитарно-технических работ, монтаж отопительных систем и систем кондиционирования воздуха",,,,,,,,,,,,"{""code"":""43.22"",""description"":""Производство санитарно-технических работ, монтаж отопительных систем и систем кондиционирования воздуха""}"
df17ab25-019e-58f4-b4d2-347817073d94,421412008124,421412008124,activity,13,,,,other,,78.30,Деятельность по подбору персонала прочая,,,,,,,,,,,,"{""code"":""78.30"",""description"":""Деятельность по подбору персонала прочая""}"
14c8e16e-0136-5067-85d1-24e61a8c4ae6,7751352552,7751352552,founder,0,АДАМЯН ВАРДАН СЕРГОЕВИЧ,972716348828,,founder,,,,100,10000,2025-02-13T21:00:00.000Z,True,,,,,,,,"{""name"":""АДАМЯН ВАРДАН СЕРГОЕВИЧ"",""inn"":""972716348828"",""amount"":10000,""share"":100,""dateFrom"":{""$date"":""2025-02-13T21:00:00.000Z""},""active"":true}"
14c8e16e-0136-5067-85d1-24e61a8c4ae6,7751352552,7751352552,director,0,АДАМЯН ВАРДАН СЕРГОЕВИЧ,972716348828,,director,ГЕНЕРАЛЬНЫЙ ДИРЕКТОР,,,,,2025-02-13T21:00:00.000Z,,,,,,,,,"{""name"":""АДАМЯН ВАРДАН СЕРГОЕВИЧ"",""positionName"":""ГЕНЕРАЛЬНЫЙ ДИРЕКТОР"",""inn"":""972716348828"",""positionDate"":{""$date"":""2025-02-13T21:00:00.000Z""}}"
14c8e16e-0136-5067-85d1-24e61a8c4ae6,7751352552,7751352552,activity,0,,,,main,,46.69,Торговля оптовая прочими машинами и оборудованием,,,,,,,,,,,,"{""code"":""46.69"",""description"":""Торговля оптовая прочими машинами и оборудованием""}"
14c8e16e-0136-5067-85d1-24e61a8c4ae6,7751352552,7751352552,activity,1,,,,other,,46.73.3,Торговля оптовая санитарно-техническим оборудованием,,,,,,,,,,,,"{""code"":""46.73.3"",""description"":""Торговля оптовая санитарно-техническим оборудованием""}"
14c8e16e-0136-5067-85d1-24e61a8c4ae6,7751352552,7751352552,activity,2,,,,other,,62.09,"Деятельность, связанная с использованием вычислительной техники и информационных технологий, прочая",,,,,,,,,,,,"{""code"":""62.09"",""description"":""Деятельность, связанная с использованием вычислительной техники и информационных технологий, прочая""}"
14c8e16e-0136-5067-85d1-24e61a8c4ae6,7751352552,7751352552,activity,3,,,,other,,46.90,Торговля оптовая неспециализированная,,,,,,,,,,,,"{""code"":""46.90"",""description"":""Торговля оптовая неспециализированная""}"
14c8e16e-0136-5067-85d1-24e61a8c4ae6,7751352552,7751352552,activity,4,,,,other,,53.20,Деятельность почтовой связи прочая и курьерская деятельность,,,,,,,,,,,,"{""code"":""53.20"",""description"":""Деятельность почтовой связи прочая и курьерская деятельность""}"
14c8e16e-0136-5067-85d1-24e61a8c4ae6,7751352552,7751352552,activity,5,,,,other,,77.12,Аренда и лизинг грузовых транспортных средств,,,,,,,,,,,,"{""code"":""77.12"",""description"":""Аренда и лизинг грузовых транспортных средств""}"
14c8e16e-0136-5067-85d1-24e61a8c4ae6,7751352552,7751352552,activity,6,,,,other,,82.92,Деятельность по упаковыванию товаров,,,,,,,,,,,,"{""code"":""82.92"",""description"":""Деятельность по упаковыванию товаров""}"
14c8e16e-0136-5067-85d1-24e61a8c4ae6,7751352552,7751352552,activity,7,,,,other,,47.78,Торговля розничная прочая в специализированных магазинах,,,,,,,,,,,,"{""code"":""47.78"",""description"":""Торговля розничная прочая в специализированных магазинах""}"
14c8e16e-0136-5067-85d1-24e61a8c4ae6,7751352552,7751352552,activity,8,,,,other,,49.41,Деятельность автомобильного грузового транспорта,,,,,,,,,,,,"{""code"":""49.41"",""description"":""Деятельность автомобильного грузового транспорта""}"
14c8e16e-0136-5067-85d1-24e61a8c4ae6,7751352552,7751352552,activity,9,,,,other,,52.10,Деятельность по складированию и хранению,,,,,,,,,,,,"{""code"":""52.10"",""description"":""Деятельность по складированию и хранению""}"
14c8e16e-0136-5067-85d1-24e61a8c4ae6,7751352552,7751352552,activity,10,,,,other,,47.52.7,"Торговля розничная строительными материалами, не включенными в другие группировки, в специализированных магазинах",,,,,,,,,,,,"{""code"":""47.52.7"",""description"":""Торговля розничная строительными материалами, не включенными в другие группировки, в специализированных магазинах""}"
14c8e16e-0136-5067-85d1-24e61a8c4ae6,7751352552,7751352552,activity,11,,,,other,,47.52.79,"Торговля розничная прочими строительными материалами, не включенными в другие группировки, в специализированных магазинах",,,,,,,,,,,,"{""code"":""47.52.79"",""description"":""Торговля розничная прочими строительными материалами, не включенными в другие группировки, в специализированных магазинах""}"
14c8e16e-0136-5067-85d1-24e61a8c4ae6,7751352552,7751352552,activity,12,,,,other,,47.99,"Торговля розничная прочая вне магазинов, палаток, рынков",,,,,,,,,,,,"{""code"":""47.99"",""description"":""Торговля розничная прочая вне магазинов, палаток, рынков""}"
14c8e16e-0136-5067-85d1-24e61a8c4ae6,7751352552,7751352552,activity,13,,,,other,,77.39,"Аренда и лизинг прочих видов транспорта, оборудования и материальных средств, не включенных в другие группировки",,,,,,,,,,,,"{""code"":""77.39"",""description"":""Аренда и лизинг прочих видов транспорта, оборудования и материальных средств, не включенных в другие группировки""}"
14c8e16e-0136-5067-85d1-24e61a8c4ae6,7751352552,7751352552,activity,14,,,,other,,47.52.5,Торговля розничная санитарно-техническим оборудованием в специализированных магазинах,,,,,,,,,,,,"{""code"":""47.52.5"",""description"":""Торговля розничная санитарно-техническим оборудованием в специализированных магазинах""}"
14c8e16e-0136-5067-85d1-24e61a8c4ae6,7751352552,7751352552,activity,15,,,,other,,77.32,Аренда и лизинг строительных машин и оборудования,,,,,,,,,,,,"{""code"":""77.32"",""description"":""Аренда и лизинг строительных машин и оборудования""}"
14c8e16e-0136-5067-85d1-24e61a8c4ae6,7751352552,7751352552,activity,16,,,,other,,47.91,Торговля розничная по почте или по информационно-коммуникационной сети Интернет,,,,,,,,,,,,"{""code"":""47.91"",""description"":""Торговля розничная по почте или по информационно-коммуникационной сети Интернет""}"
14c8e16e-0136-5067-85d1-24e61a8c4ae6,7751352552,7751352552,activity,17,,,,other,,46.73.6,Торговля оптовая прочими строительными материалами и изделиями,,,,,,,,,,,,"{""code"":""46.73.6"",""description"":""Торговля оптовая прочими строительными материалами и изделиями""}"
14c8e16e-0136-5067-85d1-24e61a8c4ae6,7751352552,7751352552,activity,18,,,,other,,77.31,Аренда и лизинг сельскохозяйственных машин и оборудования,,,,,,,,,,,,"{""code"":""77.31"",""description"":""Аренда и лизинг сельскохозяйственных машин и оборудования""}"
14c8e16e-0136-5067-85d1-24e61a8c4ae6,7751352552,7751352552,tax_system,0,Общая система налогообложения,,,tax_system,,ОСНО,,,,,,,,,,,,,"{""fullName"":""Общая система налогообложения"",""shortName"":""ОСНО""}"
8395e157-1c72-5f0e-a40b-f52c3e25f81f,7802932240,7802932240,founder,0,ВАЛЕНТИНОВА САБРИНА ВАЛЕРЬЕВНА,024324146761,,founder,,,,100,10000,2025-11-27T21:00:00.000Z,True,,,,,,,,"{""name"":""ВАЛЕНТИНОВА САБРИНА ВАЛЕРЬЕВНА"",""inn"":""024324146761"",""amount"":10000,""share"":100,""dateFrom"":{""$date"":""2025-11-27T21:00:00.000Z""},""active"":true}"
8395e157-1c72-5f0e-a40b-f52c3e25f81f,7802932240,7802932240,director,0,ВАЛЕНТИНОВА САБРИНА ВАЛЕРЬЕВНА,024324146761,,director,ГЕНЕРАЛЬНЫЙ ДИРЕКТОР,,,,,2025-11-27T21:00:00.000Z,,,,,,,,,"{""name"":""ВАЛЕНТИНОВА САБРИНА ВАЛЕРЬЕВНА"",""positionName"":""ГЕНЕРАЛЬНЫЙ ДИРЕКТОР"",""inn"":""024324146761"",""positionDate"":{""$date"":""2025-11-27T21:00:00.000Z""}}"
8395e157-1c72-5f0e-a40b-f52c3e25f81f,7802932240,7802932240,related_company,0,"ООО ""ЖЕЛЕЗНЫЕ РУКИ""",7802922267,1227800021547,related_company,,,,,,,,2022-02-20T21:00:00.000Z,,,,,ДАВЫДОВ МИХАИЛ ЮРЬЕВИЧ,ГЕНЕРАЛЬНЫЙ ДИРЕКТОР,"{""inn"":""7802922267"",""ogrn"":""1227800021547"",""name"":""ООО \""ЖЕЛЕЗНЫЕ РУКИ\"""",""registrationDate"":{""$date"":""2022-02-20T21:00:00.000Z""},""authPersonName"":""ДАВЫДОВ МИХАИЛ ЮРЬЕВИЧ"",""authPersonPosition"":""ГЕНЕРАЛЬНЫЙ ДИРЕКТОР""}"
8395e157-1c72-5f0e-a40b-f52c3e25f81f,7802932240,7802932240,related_company,1,ИП ДАВЫДОВ МИХАИЛ ЮРЬЕВИЧ,781008044918,317784700221311,related_company,,,,,,,,,,,,,,,"{""inn"":""781008044918"",""ogrn"":""317784700221311"",""name"":""ИП ДАВЫДОВ МИХАИЛ ЮРЬЕВИЧ""}"
8395e157-1c72-5f0e-a40b-f52c3e25f81f,7802932240,7802932240,activity,0,,,,main,,45.31,"Торговля оптовая автомобильными деталями, узлами и принадлежностями",,,,,,,,,,,,"{""code"":""45.31"",""description"":""Торговля оптовая автомобильными деталями, узлами и принадлежностями""}"
8395e157-1c72-5f0e-a40b-f52c3e25f81f,7802932240,7802932240,activity,1,,,,other,,46.77,Торговля оптовая отходами и ломом,,,,,,,,,,,,"{""code"":""46.77"",""description"":""Торговля оптовая отходами и ломом""}"
8395e157-1c72-5f0e-a40b-f52c3e25f81f,7802932240,7802932240,activity,2,,,,other,,20.16,Производство пластмасс и синтетических смол в первичных формах,,,,,,,,,,,,"{""code"":""20.16"",""description"":""Производство пластмасс и синтетических смол в первичных формах""}"
8395e157-1c72-5f0e-a40b-f52c3e25f81f,7802932240,7802932240,activity,3,,,,other,,38.21,Обработка и утилизация неопасных отходов,,,,,,,,,,,,"{""code"":""38.21"",""description"":""Обработка и утилизация неопасных отходов""}"
8395e157-1c72-5f0e-a40b-f52c3e25f81f,7802932240,7802932240,activity,4,,,,other,,46.90,Торговля оптовая неспециализированная,,,,,,,,,,,,"{""code"":""46.90"",""description"":""Торговля оптовая неспециализированная""}"
8395e157-1c72-5f0e-a40b-f52c3e25f81f,7802932240,7802932240,activity,5,,,,other,,38.11,Сбор неопасных отходов,,,,,,,,,,,,"{""code"":""38.11"",""description"":""Сбор неопасных отходов""}"
8395e157-1c72-5f0e-a40b-f52c3e25f81f,7802932240,7802932240,activity,6,,,,other,,52.10,Деятельность по складированию и хранению,,,,,,,,,,,,"{""code"":""52.10"",""description"":""Деятельность по складированию и хранению""}"
8395e157-1c72-5f0e-a40b-f52c3e25f81f,7802932240,7802932240,activity,7,,,,other,,22.29,Производство прочих пластмассовых изделий,,,,,,,,,,,,"{""code"":""22.29"",""description"":""Производство прочих пластмассовых изделий""}"
8395e157-1c72-5f0e-a40b-f52c3e25f81f,7802932240,7802932240,activity,8,,,,other,,22.29.9,Предоставление услуг в области производства прочих пластмассовых изделий,,,,,,,,,,,,"{""code"":""22.29.9"",""description"":""Предоставление услуг в области производства прочих пластмассовых изделий""}"
8395e157-1c72-5f0e-a40b-f52c3e25f81f,7802932240,7802932240,activity,9,,,,other,,38.12,Сбор опасных отходов,,,,,,,,,,,,"{""code"":""38.12"",""description"":""Сбор опасных отходов""}"
8395e157-1c72-5f0e-a40b-f52c3e25f81f,7802932240,7802932240,activity,10,,,,other,,38.32,Утилизация отсортированных материалов,,,,,,,,,,,,"{""code"":""38.32"",""description"":""Утилизация отсортированных материалов""}"
8395e157-1c72-5f0e-a40b-f52c3e25f81f,7802932240,7802932240,activity,11,,,,other,,49.32,Деятельность легкового такси и арендованных легковых автомобилей с водителем,,,,,,,,,,,,"{""code"":""49.32"",""description"":""Деятельность легкового такси и арендованных легковых автомобилей с водителем""}"
8395e157-1c72-5f0e-a40b-f52c3e25f81f,7802932240,7802932240,activity,12,,,,other,,77.12,Аренда и лизинг грузовых транспортных средств,,,,,,,,,,,,"{""code"":""77.12"",""description"":""Аренда и лизинг грузовых транспортных средств""}"
8395e157-1c72-5f0e-a40b-f52c3e25f81f,7802932240,7802932240,activity,13,,,,other,,49.41,Деятельность автомобильного грузового транспорта,,,,,,,,,,,,"{""code"":""49.41"",""description"":""Деятельность автомобильного грузового транспорта""}"
8395e157-1c72-5f0e-a40b-f52c3e25f81f,7802932240,7802932240,activity,14,,,,other,,53.20.31,Деятельность по курьерской доставке различными видами транспорта,,,,,,,,,,,,"{""code"":""53.20.31"",""description"":""Деятельность по курьерской доставке различными видами транспорта""}"
8395e157-1c72-5f0e-a40b-f52c3e25f81f,7802932240,7802932240,tax_system,0,Общая система налогообложения,,,tax_system,,ОСНО,,,,,,,,,,,,,"{""fullName"":""Общая система налогообложения"",""shortName"":""ОСНО""}"
5a235d1c-b6d9-510a-a0ee-bafef7217311,7447131126,7447131126,founder,0,МОЛЧАНОВ СТАНИСЛАВ ДМИТРИЕВИЧ,741806623230,,founder,,,,100,1000000,2024-09-05T21:00:00.000Z,True,,,,,,,,"{""name"":""МОЛЧАНОВ СТАНИСЛАВ ДМИТРИЕВИЧ"",""inn"":""741806623230"",""amount"":1000000,""share"":100,""dateFrom"":{""$date"":""2024-09-05T21:00:00.000Z""},""active"":true}"
5a235d1c-b6d9-510a-a0ee-bafef7217311,7447131126,7447131126,director,0,МОЛЧАНОВ СТАНИСЛАВ ДМИТРИЕВИЧ,741806623230,,director,ДИРЕКТОР,,,,,2024-12-02T21:00:00.000Z,,,,,,,,,"{""name"":""МОЛЧАНОВ СТАНИСЛАВ ДМИТРИЕВИЧ"",""positionName"":""ДИРЕКТОР"",""inn"":""741806623230"",""positionDate"":{""$date"":""2024-12-02T21:00:00.000Z""}}"
5a235d1c-b6d9-510a-a0ee-bafef7217311,7447131126,7447131126,related_company,0,"ООО ""ПК ЧЗТЛ""",7448179378,1157448005263,related_company,,,,,,,,2015-04-22T21:00:00.000Z,,,,,ФЕДОРОВА МАРИЯ ГЕННАДЬЕВНА,ДИРЕКТОР,"{""inn"":""7448179378"",""ogrn"":""1157448005263"",""name"":""ООО \""ПК ЧЗТЛ\"""",""registrationDate"":{""$date"":""2015-04-22T21:00:00.000Z""},""authPersonName"":""ФЕДОРОВА МАРИЯ ГЕННАДЬЕВНА"",""authPersonPosition"":""ДИРЕКТОР""}"
5a235d1c-b6d9-510a-a0ee-bafef7217311,7447131126,7447131126,related_company,1,"ООО ""Е-КОММ ВЭБ ТЕХНОЛОДЖИС РУ""",7453346320,1227400015754,related_company,,,,,,,,2022-04-27T21:00:00.000Z,,,,,МОЛЧАНОВ СТАНИСЛАВ ДМИТРИЕВИЧ,ГЕНЕРАЛЬНЫЙ ДИРЕКТОР,"{""inn"":""7453346320"",""ogrn"":""1227400015754"",""name"":""ООО \""Е-КОММ ВЭБ ТЕХНОЛОДЖИС РУ\"""",""registrationDate"":{""$date"":""2022-04-27T21:00:00.000Z""},""authPersonName"":""МОЛЧАНОВ СТАНИСЛАВ ДМИТРИЕВИЧ"",""authPersonPosition"":""ГЕНЕРАЛЬНЫЙ ДИРЕКТОР""}"
5a235d1c-b6d9-510a-a0ee-bafef7217311,7447131126,7447131126,activity,0,,,,main,,46.69,Торговля оптовая прочими машинами и оборудованием,,,,,,,,,,,,"{""code"":""46.69"",""description"":""Торговля оптовая прочими машинами и оборудованием""}"
5a235d1c-b6d9-510a-a0ee-bafef7217311,7447131126,7447131126,activity,1,,,,other,,46.72,Торговля оптовая металлами и металлическими рудами,,,,,,,,,,,,"{""code"":""46.72"",""description"":""Торговля оптовая металлами и металлическими рудами""}"
5a235d1c-b6d9-510a-a0ee-bafef7217311,7447131126,7447131126,activity,2,,,,other,,46.72.22,"Торговля оптовая цветными металлами в первичных формах, кроме драгоценных",,,,,,,,,,,,"{""code"":""46.72.22"",""description"":""Торговля оптовая цветными металлами в первичных формах, кроме драгоценных""}"
5a235d1c-b6d9-510a-a0ee-bafef7217311,7447131126,7447131126,activity,3,,,,other,,46.72.11,Торговля оптовая железными рудами,,,,,,,,,,,,"{""code"":""46.72.11"",""description"":""Торговля оптовая железными рудами""}"
5a235d1c-b6d9-510a-a0ee-bafef7217311,7447131126,7447131126,activity,4,,,,other,,46.90,Торговля оптовая неспециализированная,,,,,,,,,,,,"{""code"":""46.90"",""description"":""Торговля оптовая неспециализированная""}"
5a235d1c-b6d9-510a-a0ee-bafef7217311,7447131126,7447131126,activity,5,,,,other,,25.62,Обработка металлических изделий механическая,,,,,,,,,,,,"{""code"":""25.62"",""description"":""Обработка металлических изделий механическая""}"
5a235d1c-b6d9-510a-a0ee-bafef7217311,7447131126,7447131126,activity,6,,,,other,,46.72.12,Торговля оптовая рудами цветных металлов,,,,,,,,,,,,"{""code"":""46.72.12"",""description"":""Торговля оптовая рудами цветных металлов""}"
5a235d1c-b6d9-510a-a0ee-bafef7217311,7447131126,7447131126,activity,7,,,,other,,45.31.1,"Торговля оптовая автомобильными деталями, узлами и принадлежностями, кроме деятельности агентов",,,,,,,,,,,,"{""code"":""45.31.1"",""description"":""Торговля оптовая автомобильными деталями, узлами и принадлежностями, кроме деятельности агентов""}"
5a235d1c-b6d9-510a-a0ee-bafef7217311,7447131126,7447131126,activity,8,,,,other,,71.12.12,"Разработка проектов промышленных процессов и производств, относящихся к электротехнике, электронной технике, горному делу, химической технологии, машиностроению, а также в области промышленного строительства, системотехники и техники безопасности",,,,,,,,,,,,"{""code"":""71.12.12"",""description"":""Разработка проектов промышленных процессов и производств, относящихся к электротехнике, электронной технике, горному делу, химической технологии, машиностроению, а также в области промышленного строительства, системотехники и техники безопасности""}"
5a235d1c-b6d9-510a-a0ee-bafef7217311,7447131126,7447131126,activity,9,,,,other,,08.12,"Разработка гравийных и песчаных карьеров, добыча глины и каолина",,,,,,,,,,,,"{""code"":""08.12"",""description"":""Разработка гравийных и песчаных карьеров, добыча глины и каолина""}"
5a235d1c-b6d9-510a-a0ee-bafef7217311,7447131126,7447131126,activity,10,,,,other,,30.12,Строительство прогулочных и спортивных судов,,,,,,,,,,,,"{""code"":""30.12"",""description"":""Строительство прогулочных и спортивных судов""}"
5a235d1c-b6d9-510a-a0ee-bafef7217311,7447131126,7447131126,activity,11,,,,other,,43.12.3,Производство земляных работ,,,,,,,,,,,,"{""code"":""43.12.3"",""description"":""Производство земляных работ""}"
5a235d1c-b6d9-510a-a0ee-bafef7217311,7447131126,7447131126,activity,12,,,,other,,28.92,Производство машин и оборудования для добычи полезных ископаемых и строительства,,,,,,,,,,,,"{""code"":""28.92"",""description"":""Производство машин и оборудования для добычи полезных ископаемых и строительства""}"
5a235d1c-b6d9-510a-a0ee-bafef7217311,7447131126,7447131126,activity,13,,,,other,,25.11,"Производство строительных металлических конструкций, изделий и их частей",,,,,,,,,,,,"{""code"":""25.11"",""description"":""Производство строительных металлических конструкций, изделий и их частей""}"
5a235d1c-b6d9-510a-a0ee-bafef7217311,7447131126,7447131126,activity,14,,,,other,,33.15,Ремонт и техническое обслуживание судов и лодок,,,,,,,,,,,,"{""code"":""33.15"",""description"":""Ремонт и техническое обслуживание судов и лодок""}"
5a235d1c-b6d9-510a-a0ee-bafef7217311,7447131126,7447131126,activity,15,,,,other,,28.11,"Производство двигателей и турбин, кроме авиационных, автомобильных и мотоциклетных двигателей",,,,,,,,,,,,"{""code"":""28.11"",""description"":""Производство двигателей и турбин, кроме авиационных, автомобильных и мотоциклетных двигателей""}"
5a235d1c-b6d9-510a-a0ee-bafef7217311,7447131126,7447131126,activity,16,,,,other,,24.10.9,"Производство прочего проката из черных металлов, не включенного в другие группировки",,,,,,,,,,,,"{""code"":""24.10.9"",""description"":""Производство прочего проката из черных металлов, не включенного в другие группировки""}"
5a235d1c-b6d9-510a-a0ee-bafef7217311,7447131126,7447131126,activity,17,,,,other,,42.91.5,"Производство подводных работ, включая водолазные",,,,,,,,,,,,"{""code"":""42.91.5"",""description"":""Производство подводных работ, включая водолазные""}"
5a235d1c-b6d9-510a-a0ee-bafef7217311,7447131126,7447131126,activity,18,,,,other,,46.63,Торговля оптовая машинами и оборудованием для добычи полезных ископаемых и строительства,,,,,,,,,,,,"{""code"":""46.63"",""description"":""Торговля оптовая машинами и оборудованием для добычи полезных ископаемых и строительства""}"
5a235d1c-b6d9-510a-a0ee-bafef7217311,7447131126,7447131126,activity,19,,,,other,,77.34,Аренда и лизинг водных транспортных средств и оборудования,,,,,,,,,,,,"{""code"":""77.34"",""description"":""Аренда и лизинг водных транспортных средств и оборудования""}"
5a235d1c-b6d9-510a-a0ee-bafef7217311,7447131126,7447131126,activity,20,,,,other,,33.20,Монтаж промышленных машин и оборудования,,,,,,,,,,,,"{""code"":""33.20"",""description"":""Монтаж промышленных машин и оборудования""}"
5a235d1c-b6d9-510a-a0ee-bafef7217311,7447131126,7447131126,activity,21,,,,other,,43.29,Производство прочих строительно-монтажных работ,,,,,,,,,,,,"{""code"":""43.29"",""description"":""Производство прочих строительно-монтажных работ""}"
5a235d1c-b6d9-510a-a0ee-bafef7217311,7447131126,7447131126,activity,22,,,,other,,43.22,"Производство санитарно-технических работ, монтаж отопительных систем и систем кондиционирования воздуха",,,,,,,,,,,,"{""code"":""43.22"",""description"":""Производство санитарно-технических работ, монтаж отопительных систем и систем кондиционирования воздуха""}"
5a235d1c-b6d9-510a-a0ee-bafef7217311,7447131126,7447131126,activity,23,,,,other,,43.99,"Работы строительные специализированные прочие, не включенные в другие группировки",,,,,,,,,,,,"{""code"":""43.99"",""description"":""Работы строительные специализированные прочие, не включенные в другие группировки""}"
5a235d1c-b6d9-510a-a0ee-bafef7217311,7447131126,7447131126,activity,24,,,,other,,43.32.3,"Производство работ по внутренней отделке зданий (включая потолки, раздвижные и съемные перегородки и т.д.)",,,,,,,,,,,,"{""code"":""43.32.3"",""description"":""Производство работ по внутренней отделке зданий (включая потолки, раздвижные и съемные перегородки и т.д.)""}"
5a235d1c-b6d9-510a-a0ee-bafef7217311,7447131126,7447131126,activity,25,,,,other,,47.52.73,Торговля розничная металлическими и неметаллическими конструкциями в специализированных магазинах,,,,,,,,,,,,"{""code"":""47.52.73"",""description"":""Торговля розничная металлическими и неметаллическими конструкциями в специализированных магазинах""}"
5a235d1c-b6d9-510a-a0ee-bafef7217311,7447131126,7447131126,activity,26,,,,other,,42.91.1,Строительство портовых сооружений,,,,,,,,,,,,"{""code"":""42.91.1"",""description"":""Строительство портовых сооружений""}"
5a235d1c-b6d9-510a-a0ee-bafef7217311,7447131126,7447131126,activity,27,,,,other,,43.99.9,"Работы строительные специализированные, не включенные в другие группировки",,,,,,,,,,,,"{""code"":""43.99.9"",""description"":""Работы строительные специализированные, не включенные в другие группировки""}"
5a235d1c-b6d9-510a-a0ee-bafef7217311,7447131126,7447131126,activity,28,,,,other,,43.39,Производство прочих отделочных и завершающих работ,,,,,,,,,,,,"{""code"":""43.39"",""description"":""Производство прочих отделочных и завершающих работ""}"
5a235d1c-b6d9-510a-a0ee-bafef7217311,7447131126,7447131126,activity,29,,,,other,,43.31,Производство штукатурных работ,,,,,,,,,,,,"{""code"":""43.31"",""description"":""Производство штукатурных работ""}"
5a235d1c-b6d9-510a-a0ee-bafef7217311,7447131126,7447131126,activity,30,,,,other,,43.99.7,Работы по сборке и монтажу сборных конструкций,,,,,,,,,,,,"{""code"":""43.99.7"",""description"":""Работы по сборке и монтажу сборных конструкций""}"
5a235d1c-b6d9-510a-a0ee-bafef7217311,7447131126,7447131126,activity,31,,,,other,,43.34,Производство малярных и стекольных работ,,,,,,,,,,,,"{""code"":""43.34"",""description"":""Производство малярных и стекольных работ""}"
5a235d1c-b6d9-510a-a0ee-bafef7217311,7447131126,7447131126,activity,32,,,,other,,93.19,Деятельность в области спорта прочая,,,,,,,,,,,,"{""code"":""93.19"",""description"":""Деятельность в области спорта прочая""}"
5a235d1c-b6d9-510a-a0ee-bafef7217311,7447131126,7447131126,activity,33,,,,other,,43.12.2,"Производство дренажных работ на сельскохозяйственных землях, землях лесных территорий, а также на строительных площадках",,,,,,,,,,,,"{""code"":""43.12.2"",""description"":""Производство дренажных работ на сельскохозяйственных землях, землях лесных территорий, а также на строительных площадках""}"
5a235d1c-b6d9-510a-a0ee-bafef7217311,7447131126,7447131126,activity,34,,,,other,,43.21,Производство электромонтажных работ,,,,,,,,,,,,"{""code"":""43.21"",""description"":""Производство электромонтажных работ""}"
5a235d1c-b6d9-510a-a0ee-bafef7217311,7447131126,7447131126,activity,35,,,,other,,52.29,"Деятельность вспомогательная прочая, связанная с перевозками",,,,,,,,,,,,"{""code"":""52.29"",""description"":""Деятельность вспомогательная прочая, связанная с перевозками""}"
5a235d1c-b6d9-510a-a0ee-bafef7217311,7447131126,7447131126,activity,36,,,,other,,43.34.1,Производство малярных работ,,,,,,,,,,,,"{""code"":""43.34.1"",""description"":""Производство малярных работ""}"
5a235d1c-b6d9-510a-a0ee-bafef7217311,7447131126,7447131126,activity,37,,,,other,,43.99.6,Работы каменные и кирпичные,,,,,,,,,,,,"{""code"":""43.99.6"",""description"":""Работы каменные и кирпичные""}"
5a235d1c-b6d9-510a-a0ee-bafef7217311,7447131126,7447131126,activity,38,,,,other,,43.11,Разборка и снос зданий,,,,,,,,,,,,"{""code"":""43.11"",""description"":""Разборка и снос зданий""}"
5a235d1c-b6d9-510a-a0ee-bafef7217311,7447131126,7447131126,activity,39,,,,other,,43.12.1,Расчистка территории строительной площадки,,,,,,,,,,,,"{""code"":""43.12.1"",""description"":""Расчистка территории строительной площадки""}"
5a235d1c-b6d9-510a-a0ee-bafef7217311,7447131126,7447131126,activity,40,,,,other,,46.13,Деятельность агентов по оптовой торговле лесоматериалами и строительными материалами,,,,,,,,,,,,"{""code"":""46.13"",""description"":""Деятельность агентов по оптовой торговле лесоматериалами и строительными материалами""}"
5a235d1c-b6d9-510a-a0ee-bafef7217311,7447131126,7447131126,activity,41,,,,other,,43.12,Подготовка строительной площадки,,,,,,,,,,,,"{""code"":""43.12"",""description"":""Подготовка строительной площадки""}"
5a235d1c-b6d9-510a-a0ee-bafef7217311,7447131126,7447131126,activity,42,,,,other,,42.11,Строительство автомобильных дорог и автомагистралей,,,,,,,,,,,,"{""code"":""42.11"",""description"":""Строительство автомобильных дорог и автомагистралей""}"
5a235d1c-b6d9-510a-a0ee-bafef7217311,7447131126,7447131126,activity,43,,,,other,,43.99.2,Работы по установке строительных лесов и подмостей,,,,,,,,,,,,"{""code"":""43.99.2"",""description"":""Работы по установке строительных лесов и подмостей""}"
5a235d1c-b6d9-510a-a0ee-bafef7217311,7447131126,7447131126,activity,44,,,,other,,46.15,"Деятельность агентов по оптовой торговле мебелью, бытовыми товарами, скобяными, ножевыми и прочими металлическими изделиями",,,,,,,,,,,,"{""code"":""46.15"",""description"":""Деятельность агентов по оптовой торговле мебелью, бытовыми товарами, скобяными, ножевыми и прочими металлическими изделиями""}"
5a235d1c-b6d9-510a-a0ee-bafef7217311,7447131126,7447131126,activity,45,,,,other,,43.99.1,Работы гидроизоляционные,,,,,,,,,,,,"{""code"":""43.99.1"",""description"":""Работы гидроизоляционные""}"
5a235d1c-b6d9-510a-a0ee-bafef7217311,7447131126,7447131126,activity,46,,,,other,,43.33,Работы по устройству покрытий полов и облицовке стен,,,,,,,,,,,,"{""code"":""43.33"",""description"":""Работы по устройству покрытий полов и облицовке стен""}"
5a235d1c-b6d9-510a-a0ee-bafef7217311,7447131126,7447131126,activity,47,,,,other,,42.91.2,Строительство гидротехнических сооружений,,,,,,,,,,,,"{""code"":""42.91.2"",""description"":""Строительство гидротехнических сооружений""}"
5a235d1c-b6d9-510a-a0ee-bafef7217311,7447131126,7447131126,activity,48,,,,other,,43.99.4,Работы бетонные и железобетонные,,,,,,,,,,,,"{""code"":""43.99.4"",""description"":""Работы бетонные и железобетонные""}"
5a235d1c-b6d9-510a-a0ee-bafef7217311,7447131126,7447131126,activity,49,,,,other,,42.91.4,"Производство дноочистительных, дноуглубительных и берегоукрепительных работ",,,,,,,,,,,,"{""code"":""42.91.4"",""description"":""Производство дноочистительных, дноуглубительных и берегоукрепительных работ""}"
5a235d1c-b6d9-510a-a0ee-bafef7217311,7447131126,7447131126,activity,50,,,,other,,43.99.5,Работы по монтажу стальных строительных конструкций,,,,,,,,,,,,"{""code"":""43.99.5"",""description"":""Работы по монтажу стальных строительных конструкций""}"
5a235d1c-b6d9-510a-a0ee-bafef7217311,7447131126,7447131126,activity,51,,,,other,,41.10,Разработка строительных проектов,,,,,,,,,,,,"{""code"":""41.10"",""description"":""Разработка строительных проектов""}"
5a235d1c-b6d9-510a-a0ee-bafef7217311,7447131126,7447131126,activity,52,,,,other,,43.34.2,Производство стекольных работ,,,,,,,,,,,,"{""code"":""43.34.2"",""description"":""Производство стекольных работ""}"
5a235d1c-b6d9-510a-a0ee-bafef7217311,7447131126,7447131126,activity,53,,,,other,,93.11,Деятельность спортивных объектов,,,,,,,,,,,,"{""code"":""93.11"",""description"":""Деятельность спортивных объектов""}"
5a235d1c-b6d9-510a-a0ee-bafef7217311,7447131126,7447131126,activity,54,,,,other,,41.20,Строительство жилых и нежилых зданий,,,,,,,,,,,,"{""code"":""41.20"",""description"":""Строительство жилых и нежилых зданий""}"
5a235d1c-b6d9-510a-a0ee-bafef7217311,7447131126,7447131126,activity,55,,,,other,,42.22,Строительство коммунальных объектов для обеспечения электроэнергией и телекоммуникациями,,,,,,,,,,,,"{""code"":""42.22"",""description"":""Строительство коммунальных объектов для обеспечения электроэнергией и телекоммуникациями""}"
5a235d1c-b6d9-510a-a0ee-bafef7217311,7447131126,7447131126,activity,56,,,,other,,42.91.3,Строительство ирригационных систем,,,,,,,,,,,,"{""code"":""42.91.3"",""description"":""Строительство ирригационных систем""}"
5a235d1c-b6d9-510a-a0ee-bafef7217311,7447131126,7447131126,activity,57,,,,other,,43.99.3,Работы свайные и работы по строительству фундаментов,,,,,,,,,,,,"{""code"":""43.99.3"",""description"":""Работы свайные и работы по строительству фундаментов""}"
5a235d1c-b6d9-510a-a0ee-bafef7217311,7447131126,7447131126,activity,58,,,,other,,42.21,"Строительство инженерных коммуникаций для водоснабжения и водоотведения, газоснабжения",,,,,,,,,,,,"{""code"":""42.21"",""description"":""Строительство инженерных коммуникаций для водоснабжения и водоотведения, газоснабжения""}"
5a235d1c-b6d9-510a-a0ee-bafef7217311,7447131126,7447131126,activity,59,,,,other,,43.12.4,"Подготовка участка к разработке и добыче полезных ископаемых, за исключением нефтяных и газовых участков",,,,,,,,,,,,"{""code"":""43.12.4"",""description"":""Подготовка участка к разработке и добыче полезных ископаемых, за исключением нефтяных и газовых участков""}"
5a235d1c-b6d9-510a-a0ee-bafef7217311,7447131126,7447131126,activity,60,,,,other,,42.91,Строительство водных сооружений,,,,,,,,,,,,"{""code"":""42.91"",""description"":""Строительство водных сооружений""}"
5a235d1c-b6d9-510a-a0ee-bafef7217311,7447131126,7447131126,activity,61,,,,other,,43.91,Производство кровельных работ,,,,,,,,,,,,"{""code"":""43.91"",""description"":""Производство кровельных работ""}"
5a235d1c-b6d9-510a-a0ee-bafef7217311,7447131126,7447131126,activity,62,,,,other,,71.12,"Деятельность в области инженерных изысканий, инженерно-технического проектирования, управления проектами строительства, выполнения строительного контроля и авторского надзора, предоставление технических консультаций в этих областях",,,,,,,,,,,,"{""code"":""71.12"",""description"":""Деятельность в области инженерных изысканий, инженерно-технического проектирования, управления проектами строительства, выполнения строительного контроля и авторского надзора, предоставление технических консультаций в этих областях""}"
5a235d1c-b6d9-510a-a0ee-bafef7217311,7447131126,7447131126,activity,63,,,,other,,42.99,"Строительство прочих инженерных сооружений, не включенных в другие группировки",,,,,,,,,,,,"{""code"":""42.99"",""description"":""Строительство прочих инженерных сооружений, не включенных в другие группировки""}"
5a235d1c-b6d9-510a-a0ee-bafef7217311,7447131126,7447131126,activity,64,,,,other,,42.22.3,Строительство электростанций,,,,,,,,,,,,"{""code"":""42.22.3"",""description"":""Строительство электростанций""}"
5a235d1c-b6d9-510a-a0ee-bafef7217311,7447131126,7447131126,activity,65,,,,other,,81.30,Деятельность по благоустройству ландшафта,,,,,,,,,,,,"{""code"":""81.30"",""description"":""Деятельность по благоустройству ландшафта""}"
5a235d1c-b6d9-510a-a0ee-bafef7217311,7447131126,7447131126,phone,0,,,,phone,,,,,,,,,,,3512,672355,,,"{""phoneCode"":""3512"",""phoneNumber"":""672355""}"
5a235d1c-b6d9-510a-a0ee-bafef7217311,7447131126,7447131126,phone,1,,,,phone,,,,,,,,,,,351,2672204,,,"{""phoneCode"":""351"",""phoneNumber"":""2672204""}"
5a235d1c-b6d9-510a-a0ee-bafef7217311,7447131126,7447131126,phone,2,,,,phone,,,,,,,,,,,351,2672256,,,"{""phoneCode"":""351"",""phoneNumber"":""2672256""}"
5a235d1c-b6d9-510a-a0ee-bafef7217311,7447131126,7447131126,tax_system,0,Общая система налогообложения,,,tax_system,,ОСНО,,,,,,,,,,,,,"{""fullName"":""Общая система налогообложения"",""shortName"":""ОСНО""}"
6f929af5-d493-5bd0-a398-0f547de9937c,7708336868,7708336868,founder,0,КЛЫЧЕВ СЕРДАР ,972709777992,,founder,,,,100,10000,2018-12-20T21:00:00.000Z,True,,,,,,,,"{""name"":""КЛЫЧЕВ СЕРДАР "",""inn"":""972709777992"",""amount"":10000,""share"":100,""dateFrom"":{""$date"":""2018-12-20T21:00:00.000Z""},""active"":true}"
6f929af5-d493-5bd0-a398-0f547de9937c,7708336868,7708336868,director,0,КЛЫЧЕВ СЕРДАР ,972709777992,,director,ГЕНЕРАЛЬНЫЙ ДИРЕКТОР,,,,,2023-07-30T21:00:00.000Z,,,,,,,,,"{""name"":""КЛЫЧЕВ СЕРДАР "",""positionName"":""ГЕНЕРАЛЬНЫЙ ДИРЕКТОР"",""inn"":""972709777992"",""positionDate"":{""$date"":""2023-07-30T21:00:00.000Z""}}"
6f929af5-d493-5bd0-a398-0f547de9937c,7708336868,7708336868,activity,0,,,,main,,43.99,"Работы строительные специализированные прочие, не включенные в другие группировки",,,,,,,,,,,,"{""code"":""43.99"",""description"":""Работы строительные специализированные прочие, не включенные в другие группировки""}"
6f929af5-d493-5bd0-a398-0f547de9937c,7708336868,7708336868,activity,1,,,,other,,77.39,"Аренда и лизинг прочих видов транспорта, оборудования и материальных средств, не включенных в другие группировки",,,,,,,,,,,,"{""code"":""77.39"",""description"":""Аренда и лизинг прочих видов транспорта, оборудования и материальных средств, не включенных в другие группировки""}"
6f929af5-d493-5bd0-a398-0f547de9937c,7708336868,7708336868,activity,2,,,,other,,43.99.4,Работы бетонные и железобетонные,,,,,,,,,,,,"{""code"":""43.99.4"",""description"":""Работы бетонные и железобетонные""}"
6f929af5-d493-5bd0-a398-0f547de9937c,7708336868,7708336868,activity,3,,,,other,,77.39.11,Аренда и лизинг прочего автомобильного транспорта и оборудования,,,,,,,,,,,,"{""code"":""77.39.11"",""description"":""Аренда и лизинг прочего автомобильного транспорта и оборудования""}"
6f929af5-d493-5bd0-a398-0f547de9937c,7708336868,7708336868,activity,4,,,,other,,43.99.9,"Работы строительные специализированные, не включенные в другие группировки",,,,,,,,,,,,"{""code"":""43.99.9"",""description"":""Работы строительные специализированные, не включенные в другие группировки""}"
6f929af5-d493-5bd0-a398-0f547de9937c,7708336868,7708336868,activity,5,,,,other,,77.39.2,"Аренда и лизинг прочих машин и оборудования, не включенных в другие группировки",,,,,,,,,,,,"{""code"":""77.39.2"",""description"":""Аренда и лизинг прочих машин и оборудования, не включенных в другие группировки""}"
6f929af5-d493-5bd0-a398-0f547de9937c,7708336868,7708336868,activity,6,,,,other,,77.39.23,Аренда и лизинг подъемно-транспортного оборудования,,,,,,,,,,,,"{""code"":""77.39.23"",""description"":""Аренда и лизинг подъемно-транспортного оборудования""}"
6f929af5-d493-5bd0-a398-0f547de9937c,7708336868,7708336868,activity,7,,,,other,,55.10,Деятельность гостиниц и прочих мест для временного проживания,,,,,,,,,,,,"{""code"":""55.10"",""description"":""Деятельность гостиниц и прочих мест для временного проживания""}"
6f929af5-d493-5bd0-a398-0f547de9937c,7708336868,7708336868,activity,8,,,,other,,49.41,Деятельность автомобильного грузового транспорта,,,,,,,,,,,,"{""code"":""49.41"",""description"":""Деятельность автомобильного грузового транспорта""}"
6f929af5-d493-5bd0-a398-0f547de9937c,7708336868,7708336868,activity,9,,,,other,,62.09,"Деятельность, связанная с использованием вычислительной техники и информационных технологий, прочая",,,,,,,,,,,,"{""code"":""62.09"",""description"":""Деятельность, связанная с использованием вычислительной техники и информационных технологий, прочая""}"
6f929af5-d493-5bd0-a398-0f547de9937c,7708336868,7708336868,activity,10,,,,other,,45.31,"Торговля оптовая автомобильными деталями, узлами и принадлежностями",,,,,,,,,,,,"{""code"":""45.31"",""description"":""Торговля оптовая автомобильными деталями, узлами и принадлежностями""}"
6f929af5-d493-5bd0-a398-0f547de9937c,7708336868,7708336868,activity,11,,,,other,,46.31.13,Торговля оптовая свежими фруктами и орехами,,,,,,,,,,,,"{""code"":""46.31.13"",""description"":""Торговля оптовая свежими фруктами и орехами""}"
6f929af5-d493-5bd0-a398-0f547de9937c,7708336868,7708336868,activity,12,,,,other,,46.90,Торговля оптовая неспециализированная,,,,,,,,,,,,"{""code"":""46.90"",""description"":""Торговля оптовая неспециализированная""}"
6f929af5-d493-5bd0-a398-0f547de9937c,7708336868,7708336868,activity,13,,,,other,,46.31.12,Торговля оптовая прочими свежими овощами,,,,,,,,,,,,"{""code"":""46.31.12"",""description"":""Торговля оптовая прочими свежими овощами""}"
6f929af5-d493-5bd0-a398-0f547de9937c,7708336868,7708336868,activity,14,,,,other,,45.20.1,Техническое обслуживание и ремонт легковых автомобилей и легких грузовых автотранспортных средств,,,,,,,,,,,,"{""code"":""45.20.1"",""description"":""Техническое обслуживание и ремонт легковых автомобилей и легких грузовых автотранспортных средств""}"
6f929af5-d493-5bd0-a398-0f547de9937c,7708336868,7708336868,activity,15,,,,other,,46.34.1,"Торговля оптовая соками, минеральной водой и прочими безалкогольными напитками",,,,,,,,,,,,"{""code"":""46.34.1"",""description"":""Торговля оптовая соками, минеральной водой и прочими безалкогольными напитками""}"
6f929af5-d493-5bd0-a398-0f547de9937c,7708336868,7708336868,activity,16,,,,other,,46.37,"Торговля оптовая кофе, чаем, какао и пряностями",,,,,,,,,,,,"{""code"":""46.37"",""description"":""Торговля оптовая кофе, чаем, какао и пряностями""}"
6f929af5-d493-5bd0-a398-0f547de9937c,7708336868,7708336868,activity,17,,,,other,,96.02,Предоставление услуг парикмахерскими и салонами красоты,,,,,,,,,,,,"{""code"":""96.02"",""description"":""Предоставление услуг парикмахерскими и салонами красоты""}"
6f929af5-d493-5bd0-a398-0f547de9937c,7708336868,7708336868,activity,18,,,,other,,47.75,Торговля розничная косметическими и товарами личной гигиены в специализированных магазинах,,,,,,,,,,,,"{""code"":""47.75"",""description"":""Торговля розничная косметическими и товарами личной гигиены в специализированных магазинах""}"
6f929af5-d493-5bd0-a398-0f547de9937c,7708336868,7708336868,activity,19,,,,other,,96.09,"Предоставление прочих персональных услуг, не включенных в другие группировки",,,,,,,,,,,,"{""code"":""96.09"",""description"":""Предоставление прочих персональных услуг, не включенных в другие группировки""}"
6f929af5-d493-5bd0-a398-0f547de9937c,7708336868,7708336868,tax_system,0,Упрощенная система налогообложения,,,tax_system,,УСН,,,,,,,,,,,,,"{""fullName"":""Упрощенная система налогообложения"",""shortName"":""УСН""}"
d9538cac-826d-541f-b180-a2183b46755f,780216530635,780216530635,related_company,0,"ООО ""ПКФ БАЗИС""",9728019204,1207700432279,related_company,,,,,,,,2020-11-15T21:00:00.000Z,,,,,САРКИСЯН ЭДГАР ВАЧЕЕВИЧ,ГЕНЕРАЛЬНЫЙ ДИРЕКТОР,"{""inn"":""9728019204"",""ogrn"":""1207700432279"",""name"":""ООО \""ПКФ БАЗИС\"""",""registrationDate"":{""$date"":""2020-11-15T21:00:00.000Z""},""authPersonName"":""САРКИСЯН ЭДГАР ВАЧЕЕВИЧ"",""authPersonPosition"":""ГЕНЕРАЛЬНЫЙ ДИРЕКТОР""}"
d9538cac-826d-541f-b180-a2183b46755f,780216530635,780216530635,related_company,1,"ООО ""АРПА И КО""",4000035723,1264000001902,related_company,,,,,,,,2026-03-29T21:00:00.000Z,,,,,САРКИСЯН ВАЧЕ СЕРЖЕЕВИЧ,ГЕНЕРАЛЬНЫЙ ДИРЕКТОР,"{""inn"":""4000035723"",""ogrn"":""1264000001902"",""name"":""ООО \""АРПА И КО\"""",""registrationDate"":{""$date"":""2026-03-29T21:00:00.000Z""},""authPersonName"":""САРКИСЯН ВАЧЕ СЕРЖЕЕВИЧ"",""authPersonPosition"":""ГЕНЕРАЛЬНЫЙ ДИРЕКТОР""}"
d9538cac-826d-541f-b180-a2183b46755f,780216530635,780216530635,activity,0,,,,main,,01.13,"Выращивание овощей, бахчевых, корнеплодных и клубнеплодных культур, грибов и трюфелей",,,,,,,,,,,,"{""code"":""01.13"",""description"":""Выращивание овощей, бахчевых, корнеплодных и клубнеплодных культур, грибов и трюфелей""}"
d9538cac-826d-541f-b180-a2183b46755f,780216530635,780216530635,activity,1,,,,other,,01.13.11,Выращивание овощей открытого грунта,,,,,,,,,,,,"{""code"":""01.13.11"",""description"":""Выращивание овощей открытого грунта""}"
d9538cac-826d-541f-b180-a2183b46755f,780216530635,780216530635,activity,2,,,,other,,01.47.1,"Выращивание и разведение сельскохозяйственной птицы: кур, индеек, уток, гусей и цесарок",,,,,,,,,,,,"{""code"":""01.47.1"",""description"":""Выращивание и разведение сельскохозяйственной птицы: кур, индеек, уток, гусей и цесарок""}"
d9538cac-826d-541f-b180-a2183b46755f,780216530635,780216530635,activity,3,,,,other,,01.19.21,Выращивание цветов в открытом и защищенном грунте,,,,,,,,,,,,"{""code"":""01.19.21"",""description"":""Выращивание цветов в открытом и защищенном грунте""}"
d9538cac-826d-541f-b180-a2183b46755f,780216530635,780216530635,activity,4,,,,other,,01.61,Предоставление услуг в области растениеводства,,,,,,,,,,,,"{""code"":""01.61"",""description"":""Предоставление услуг в области растениеводства""}"
d9538cac-826d-541f-b180-a2183b46755f,780216530635,780216530635,activity,5,,,,other,,10.31,Переработка и консервирование картофеля,,,,,,,,,,,,"{""code"":""10.31"",""description"":""Переработка и консервирование картофеля""}"
d9538cac-826d-541f-b180-a2183b46755f,780216530635,780216530635,activity,6,,,,other,,46.31,Торговля оптовая фруктами и овощами,,,,,,,,,,,,"{""code"":""46.31"",""description"":""Торговля оптовая фруктами и овощами""}"
d9538cac-826d-541f-b180-a2183b46755f,780216530635,780216530635,activity,7,,,,other,,66.19,"Деятельность вспомогательная прочая в сфере финансовых услуг, кроме страхования и пенсионного обеспечения",,,,,,,,,,,,"{""code"":""66.19"",""description"":""Деятельность вспомогательная прочая в сфере финансовых услуг, кроме страхования и пенсионного обеспечения""}"
d9538cac-826d-541f-b180-a2183b46755f,780216530635,780216530635,activity,8,,,,other,,46.33,"Торговля оптовая молочными продуктами, яйцами и пищевыми маслами и жирами",,,,,,,,,,,,"{""code"":""46.33"",""description"":""Торговля оптовая молочными продуктами, яйцами и пищевыми маслами и жирами""}"
d9538cac-826d-541f-b180-a2183b46755f,780216530635,780216530635,activity,9,,,,other,,77.39,"Аренда и лизинг прочих видов транспорта, оборудования и материальных средств, не включенных в другие группировки",,,,,,,,,,,,"{""code"":""77.39"",""description"":""Аренда и лизинг прочих видов транспорта, оборудования и материальных средств, не включенных в другие группировки""}"
d9538cac-826d-541f-b180-a2183b46755f,780216530635,780216530635,activity,10,,,,other,,01.30,Выращивание рассады,,,,,,,,,,,,"{""code"":""01.30"",""description"":""Выращивание рассады""}"
d9538cac-826d-541f-b180-a2183b46755f,780216530635,780216530635,activity,11,,,,other,,01.13.31,Выращивание картофеля,,,,,,,,,,,,"{""code"":""01.13.31"",""description"":""Выращивание картофеля""}"
d9538cac-826d-541f-b180-a2183b46755f,780216530635,780216530635,activity,12,,,,other,,01.50,Смешанное сельское хозяйство,,,,,,,,,,,,"{""code"":""01.50"",""description"":""Смешанное сельское хозяйство""}"
d9538cac-826d-541f-b180-a2183b46755f,780216530635,780216530635,activity,13,,,,other,,10.11.2,Производство пищевых субпродуктов в охлажденном виде,,,,,,,,,,,,"{""code"":""10.11.2"",""description"":""Производство пищевых субпродуктов в охлажденном виде""}"
d9538cac-826d-541f-b180-a2183b46755f,780216530635,780216530635,activity,14,,,,other,,10.91,"Производство готовых кормов для животных, содержащихся на фермах",,,,,,,,,,,,"{""code"":""10.91"",""description"":""Производство готовых кормов для животных, содержащихся на фермах""}"
d9538cac-826d-541f-b180-a2183b46755f,780216530635,780216530635,activity,15,,,,other,,46.32,Торговля оптовая мясом и мясными продуктами,,,,,,,,,,,,"{""code"":""46.32"",""description"":""Торговля оптовая мясом и мясными продуктами""}"
d9538cac-826d-541f-b180-a2183b46755f,780216530635,780216530635,activity,16,,,,other,,52.10,Деятельность по складированию и хранению,,,,,,,,,,,,"{""code"":""52.10"",""description"":""Деятельность по складированию и хранению""}"
d9538cac-826d-541f-b180-a2183b46755f,780216530635,780216530635,activity,17,,,,other,,77.31,Аренда и лизинг сельскохозяйственных машин и оборудования,,,,,,,,,,,,"{""code"":""77.31"",""description"":""Аренда и лизинг сельскохозяйственных машин и оборудования""}"
d9538cac-826d-541f-b180-a2183b46755f,780216530635,780216530635,activity,18,,,,other,,01.25,"Выращивание прочих плодовых деревьев, кустарников и орехов",,,,,,,,,,,,"{""code"":""01.25"",""description"":""Выращивание прочих плодовых деревьев, кустарников и орехов""}"
d9538cac-826d-541f-b180-a2183b46755f,780216530635,780216530635,activity,19,,,,other,,01.13.12,Выращивание овощей защищенного грунта,,,,,,,,,,,,"{""code"":""01.13.12"",""description"":""Выращивание овощей защищенного грунта""}"
d9538cac-826d-541f-b180-a2183b46755f,780216530635,780216530635,activity,20,,,,other,,46.31.11,Торговля оптовая свежим картофелем,,,,,,,,,,,,"{""code"":""46.31.11"",""description"":""Торговля оптовая свежим картофелем""}"
d9538cac-826d-541f-b180-a2183b46755f,780216530635,780216530635,activity,21,,,,other,,01.63,Деятельность сельскохозяйственная после сбора урожая,,,,,,,,,,,,"{""code"":""01.63"",""description"":""Деятельность сельскохозяйственная после сбора урожая""}"
d9538cac-826d-541f-b180-a2183b46755f,780216530635,780216530635,activity,22,,,,other,,10.39,Прочие виды переработки и консервирования фруктов и овощей,,,,,,,,,,,,"{""code"":""10.39"",""description"":""Прочие виды переработки и консервирования фруктов и овощей""}"
d9538cac-826d-541f-b180-a2183b46755f,780216530635,780216530635,activity,23,,,,other,,01.49.2,Разведение кроликов и прочих пушных зверей на фермах,,,,,,,,,,,,"{""code"":""01.49.2"",""description"":""Разведение кроликов и прочих пушных зверей на фермах""}"
d9538cac-826d-541f-b180-a2183b46755f,780216530635,780216530635,activity,24,,,,other,,46.36,"Торговля оптовая сахаром, шоколадом и сахаристыми кондитерскими изделиями",,,,,,,,,,,,"{""code"":""46.36"",""description"":""Торговля оптовая сахаром, шоколадом и сахаристыми кондитерскими изделиями""}"
d9538cac-826d-541f-b180-a2183b46755f,780216530635,780216530635,activity,25,,,,other,,68.20,Аренда и управление собственным или арендованным недвижимым имуществом,,,,,,,,,,,,"{""code"":""68.20"",""description"":""Аренда и управление собственным или арендованным недвижимым имуществом""}"
a09f6d9e-1a00-5a1d-baa8-435a2e833eb2,7720966601,7720966601,founder,0,ГОЛУБЕЦ РУСТАМ БАХТИЕРОВИЧ,402706326552,,founder,,,,100,100000,2026-05-18T21:00:00.000Z,True,,,,,,,,"{""name"":""ГОЛУБЕЦ РУСТАМ БАХТИЕРОВИЧ"",""inn"":""402706326552"",""amount"":100000,""share"":100,""dateFrom"":{""$date"":""2026-05-18T21:00:00.000Z""},""active"":true}"
a09f6d9e-1a00-5a1d-baa8-435a2e833eb2,7720966601,7720966601,director,0,ГОЛУБЕЦ РУСТАМ БАХТИЕРОВИЧ,402706326552,,director,ГЕНЕРАЛЬНЫЙ ДИРЕКТОР,,,,,2026-05-18T21:00:00.000Z,,,,,,,,,"{""name"":""ГОЛУБЕЦ РУСТАМ БАХТИЕРОВИЧ"",""positionName"":""ГЕНЕРАЛЬНЫЙ ДИРЕКТОР"",""inn"":""402706326552"",""positionDate"":{""$date"":""2026-05-18T21:00:00.000Z""}}"
a09f6d9e-1a00-5a1d-baa8-435a2e833eb2,7720966601,7720966601,related_company,0,"ООО ""ГЛОБАЛ 7""",9728174224,1267700184124,related_company,,,,,,,,2026-05-27T21:00:00.000Z,,,,,ГОЛУБЕЦ РУСТАМ БАХТИЕРОВИЧ,ГЕНЕРАЛЬНЫЙ ДИРЕКТОР,"{""inn"":""9728174224"",""ogrn"":""1267700184124"",""name"":""ООО \""ГЛОБАЛ 7\"""",""registrationDate"":{""$date"":""2026-05-27T21:00:00.000Z""},""authPersonName"":""ГОЛУБЕЦ РУСТАМ БАХТИЕРОВИЧ"",""authPersonPosition"":""ГЕНЕРАЛЬНЫЙ ДИРЕКТОР""}"
a09f6d9e-1a00-5a1d-baa8-435a2e833eb2,7720966601,7720966601,related_company,1,"ООО ""ГЛОБАЛ 1""",7720966425,1267700166865,related_company,,,,,,,,2026-05-13T21:00:00.000Z,,,,,ГОЛУБЕЦ РУСТАМ БАХТИЕРОВИЧ,ГЕНЕРАЛЬНЫЙ ДИРЕКТОР,"{""inn"":""7720966425"",""ogrn"":""1267700166865"",""name"":""ООО \""ГЛОБАЛ 1\"""",""registrationDate"":{""$date"":""2026-05-13T21:00:00.000Z""},""authPersonName"":""ГОЛУБЕЦ РУСТАМ БАХТИЕРОВИЧ"",""authPersonPosition"":""ГЕНЕРАЛЬНЫЙ ДИРЕКТОР""}"
a09f6d9e-1a00-5a1d-baa8-435a2e833eb2,7720966601,7720966601,related_company,2,"ООО ""УК ГЛОБАЛ""",7720966626,1267700171694,related_company,,,,,,,,2026-05-18T21:00:00.000Z,,,,,ГОЛУБЕЦ РУСТАМ БАХТИЕРОВИЧ,ГЕНЕРАЛЬНЫЙ ДИРЕКТОР,"{""inn"":""7720966626"",""ogrn"":""1267700171694"",""name"":""ООО \""УК ГЛОБАЛ\"""",""registrationDate"":{""$date"":""2026-05-18T21:00:00.000Z""},""authPersonName"":""ГОЛУБЕЦ РУСТАМ БАХТИЕРОВИЧ"",""authPersonPosition"":""ГЕНЕРАЛЬНЫЙ ДИРЕКТОР""}"
a09f6d9e-1a00-5a1d-baa8-435a2e833eb2,7720966601,7720966601,related_company,3,"ООО ""ГЛОБАЛ 4""",7716260669,1267700172178,related_company,,,,,,,,2026-05-18T21:00:00.000Z,,,,,ГОЛУБЕЦ РУСТАМ БАХТИЕРОВИЧ,ГЕНЕРАЛЬНЫЙ ДИРЕКТОР,"{""inn"":""7716260669"",""ogrn"":""1267700172178"",""name"":""ООО \""ГЛОБАЛ 4\"""",""registrationDate"":{""$date"":""2026-05-18T21:00:00.000Z""},""authPersonName"":""ГОЛУБЕЦ РУСТАМ БАХТИЕРОВИЧ"",""authPersonPosition"":""ГЕНЕРАЛЬНЫЙ ДИРЕКТОР""}"
a09f6d9e-1a00-5a1d-baa8-435a2e833eb2,7720966601,7720966601,related_company,4,"ООО ""ГЛОБАЛ 6""",7743488503,1267700184300,related_company,,,,,,,,2026-05-27T21:00:00.000Z,,,,,ГОЛУБЕЦ РУСТАМ БАХТИЕРОВИЧ,ГЕНЕРАЛЬНЫЙ ДИРЕКТОР,"{""inn"":""7743488503"",""ogrn"":""1267700184300"",""name"":""ООО \""ГЛОБАЛ 6\"""",""registrationDate"":{""$date"":""2026-05-27T21:00:00.000Z""},""authPersonName"":""ГОЛУБЕЦ РУСТАМ БАХТИЕРОВИЧ"",""authPersonPosition"":""ГЕНЕРАЛЬНЫЙ ДИРЕКТОР""}"
a09f6d9e-1a00-5a1d-baa8-435a2e833eb2,7720966601,7720966601,related_company,5,"ООО ""ГЛОБАЛ 1""",7720966665,1267700172233,related_company,,,,,,,,2026-05-18T21:00:00.000Z,,,,,ГОЛУБЕЦ РУСТАМ БАХТИЕРОВИЧ,ГЕНЕРАЛЬНЫЙ ДИРЕКТОР,"{""inn"":""7720966665"",""ogrn"":""1267700172233"",""name"":""ООО \""ГЛОБАЛ 1\"""",""registrationDate"":{""$date"":""2026-05-18T21:00:00.000Z""},""authPersonName"":""ГОЛУБЕЦ РУСТАМ БАХТИЕРОВИЧ"",""authPersonPosition"":""ГЕНЕРАЛЬНЫЙ ДИРЕКТОР""}"
a09f6d9e-1a00-5a1d-baa8-435a2e833eb2,7720966601,7720966601,related_company,6,"ООО ""ГЛОБАЛ 3""",7720966418,1267700166733,related_company,,,,,,,,2026-05-13T21:00:00.000Z,,,,,ГОЛУБЕЦ РУСТАМ БАХТИЕРОВИЧ,ГЕНЕРАЛЬНЫЙ ДИРЕКТОР,"{""inn"":""7720966418"",""ogrn"":""1267700166733"",""name"":""ООО \""ГЛОБАЛ 3\"""",""registrationDate"":{""$date"":""2026-05-13T21:00:00.000Z""},""authPersonName"":""ГОЛУБЕЦ РУСТАМ БАХТИЕРОВИЧ"",""authPersonPosition"":""ГЕНЕРАЛЬНЫЙ ДИРЕКТОР""}"
a09f6d9e-1a00-5a1d-baa8-435a2e833eb2,7720966601,7720966601,related_company,7,"ООО ""УК ГЛОБАЛ""",7720966440,1267700167437,related_company,,,,,,,,2026-05-13T21:00:00.000Z,,,,,ГОЛУБЕЦ РУСТАМ БАХТИЕРОВИЧ,ГЕНЕРАЛЬНЫЙ ДИРЕКТОР,"{""inn"":""7720966440"",""ogrn"":""1267700167437"",""name"":""ООО \""УК ГЛОБАЛ\"""",""registrationDate"":{""$date"":""2026-05-13T21:00:00.000Z""},""authPersonName"":""ГОЛУБЕЦ РУСТАМ БАХТИЕРОВИЧ"",""authPersonPosition"":""ГЕНЕРАЛЬНЫЙ ДИРЕКТОР""}"
a09f6d9e-1a00-5a1d-baa8-435a2e833eb2,7720966601,7720966601,related_company,8,"ООО ""ГЛОБАЛ 6""",7743488486,1267700183926,related_company,,,,,,,,2026-05-27T21:00:00.000Z,,,,,ГОЛУБЕЦ РУСТАМ БАХТИЕРОВИЧ,ГЕНЕРАЛЬНЫЙ ДИРЕКТОР,"{""inn"":""7743488486"",""ogrn"":""1267700183926"",""name"":""ООО \""ГЛОБАЛ 6\"""",""registrationDate"":{""$date"":""2026-05-27T21:00:00.000Z""},""authPersonName"":""ГОЛУБЕЦ РУСТАМ БАХТИЕРОВИЧ"",""authPersonPosition"":""ГЕНЕРАЛЬНЫЙ ДИРЕКТОР""}"
a09f6d9e-1a00-5a1d-baa8-435a2e833eb2,7720966601,7720966601,related_company,9,"ООО ""ГЛОБАЛ 2""",7720966432,1267700166986,related_company,,,,,,,,2026-05-13T21:00:00.000Z,,,,,ГОЛУБЕЦ РУСТАМ БАХТИЕРОВИЧ,ГЕНЕРАЛЬНЫЙ ДИРЕКТОР,"{""inn"":""7720966432"",""ogrn"":""1267700166986"",""name"":""ООО \""ГЛОБАЛ 2\"""",""registrationDate"":{""$date"":""2026-05-13T21:00:00.000Z""},""authPersonName"":""ГОЛУБЕЦ РУСТАМ БАХТИЕРОВИЧ"",""authPersonPosition"":""ГЕНЕРАЛЬНЫЙ ДИРЕКТОР""}"
a09f6d9e-1a00-5a1d-baa8-435a2e833eb2,7720966601,7720966601,related_company,10,"ООО ""ГЛОБАЛ 2""",7720966619,1267700171640,related_company,,,,,,,,2026-05-18T21:00:00.000Z,,,,,ГОЛУБЕЦ РУСТАМ БАХТИЕРОВИЧ,ГЕНЕРАЛЬНЫЙ ДИРЕКТОР,"{""inn"":""7720966619"",""ogrn"":""1267700171640"",""name"":""ООО \""ГЛОБАЛ 2\"""",""registrationDate"":{""$date"":""2026-05-18T21:00:00.000Z""},""authPersonName"":""ГОЛУБЕЦ РУСТАМ БАХТИЕРОВИЧ"",""authPersonPosition"":""ГЕНЕРАЛЬНЫЙ ДИРЕКТОР""}"
a09f6d9e-1a00-5a1d-baa8-435a2e833eb2,7720966601,7720966601,related_company,11,"ООО ""ГЛОБАЛ 4""",7716260926,1267700184245,related_company,,,,,,,,2026-05-27T21:00:00.000Z,,,,,ГОЛУБЕЦ РУСТАМ БАХТИЕРОВИЧ,ГЕНЕРАЛЬНЫЙ ДИРЕКТОР,"{""inn"":""7716260926"",""ogrn"":""1267700184245"",""name"":""ООО \""ГЛОБАЛ 4\"""",""registrationDate"":{""$date"":""2026-05-27T21:00:00.000Z""},""authPersonName"":""ГОЛУБЕЦ РУСТАМ БАХТИЕРОВИЧ"",""authPersonPosition"":""ГЕНЕРАЛЬНЫЙ ДИРЕКТОР""}"
a09f6d9e-1a00-5a1d-baa8-435a2e833eb2,7720966601,7720966601,activity,0,,,,main,,62.02,Деятельность консультативная и работы в области компьютерных технологий,,,,,,,,,,,,"{""code"":""62.02"",""description"":""Деятельность консультативная и работы в области компьютерных технологий""}"
a09f6d9e-1a00-5a1d-baa8-435a2e833eb2,7720966601,7720966601,activity,1,,,,other,,62.02.3,Деятельность по обучению пользователей,,,,,,,,,,,,"{""code"":""62.02.3"",""description"":""Деятельность по обучению пользователей""}"
a09f6d9e-1a00-5a1d-baa8-435a2e833eb2,7720966601,7720966601,activity,2,,,,other,,63.91,Деятельность информационных агентств,,,,,,,,,,,,"{""code"":""63.91"",""description"":""Деятельность информационных агентств""}"
a09f6d9e-1a00-5a1d-baa8-435a2e833eb2,7720966601,7720966601,activity,3,,,,other,,62.02.9,Деятельность консультативная в области компьютерных технологий прочая,,,,,,,,,,,,"{""code"":""62.02.9"",""description"":""Деятельность консультативная в области компьютерных технологий прочая""}"
a09f6d9e-1a00-5a1d-baa8-435a2e833eb2,7720966601,7720966601,activity,4,,,,other,,62.01,Разработка компьютерного программного обеспечения,,,,,,,,,,,,"{""code"":""62.01"",""description"":""Разработка компьютерного программного обеспечения""}"
a09f6d9e-1a00-5a1d-baa8-435a2e833eb2,7720966601,7720966601,activity,5,,,,other,,62.02.1,"Деятельность по планированию, проектированию компьютерных систем",,,,,,,,,,,,"{""code"":""62.02.1"",""description"":""Деятельность по планированию, проектированию компьютерных систем""}"
a09f6d9e-1a00-5a1d-baa8-435a2e833eb2,7720966601,7720966601,activity,6,,,,other,,62.02.4,Деятельность по подготовке компьютерных систем к эксплуатации,,,,,,,,,,,,"{""code"":""62.02.4"",""description"":""Деятельность по подготовке компьютерных систем к эксплуатации""}"
a09f6d9e-1a00-5a1d-baa8-435a2e833eb2,7720966601,7720966601,activity,7,,,,other,,63.11.9,Деятельность по предоставлению услуг по размещению информации прочая,,,,,,,,,,,,"{""code"":""63.11.9"",""description"":""Деятельность по предоставлению услуг по размещению информации прочая""}"
a09f6d9e-1a00-5a1d-baa8-435a2e833eb2,7720966601,7720966601,activity,8,,,,other,,62.02.2,Деятельность по обследованию и экспертизе компьютерных систем,,,,,,,,,,,,"{""code"":""62.02.2"",""description"":""Деятельность по обследованию и экспертизе компьютерных систем""}"
a09f6d9e-1a00-5a1d-baa8-435a2e833eb2,7720966601,7720966601,activity,9,,,,other,,82.99,"Деятельность по предоставлению прочих вспомогательных услуг для бизнеса, не включенная в другие группировки",,,,,,,,,,,,"{""code"":""82.99"",""description"":""Деятельность по предоставлению прочих вспомогательных услуг для бизнеса, не включенная в другие группировки""}"
a09f6d9e-1a00-5a1d-baa8-435a2e833eb2,7720966601,7720966601,tax_system,0,Упрощенная система налогообложения,,,tax_system,,УСН,,,,,,,,,,,,,"{""fullName"":""Упрощенная система налогообложения"",""shortName"":""УСН""}"
a9c39e61-4d78-5901-92a4-6677b508cbaa,2312263270,2312263270,founder,0,БАРОН МАРК ,231137423080,,founder,,,,100,1000000,2017-07-27T21:00:00.000Z,True,,,,,,,,"{""name"":""БАРОН МАРК "",""inn"":""231137423080"",""amount"":1000000,""share"":100,""dateFrom"":{""$date"":""2017-07-27T21:00:00.000Z""},""active"":true}"
a9c39e61-4d78-5901-92a4-6677b508cbaa,2312263270,2312263270,founder,1,БАРОН МАРК ,231137423080,,founder,,,,100,1000000,2017-07-27T21:00:00.000Z,True,,,,,,,,"{""name"":""БАРОН МАРК "",""inn"":""231137423080"",""amount"":1000000,""share"":100,""dateFrom"":{""$date"":""2017-07-27T21:00:00.000Z""},""active"":true}"
a9c39e61-4d78-5901-92a4-6677b508cbaa,2312263270,2312263270,director,0,АРСЛАН НАТАЛЬЯ МИХАЙЛОВНА,231226808100,,director,ДИРЕКТОР,,,,,2024-02-12T21:00:00.000Z,,,,,,,,,"{""name"":""АРСЛАН НАТАЛЬЯ МИХАЙЛОВНА"",""positionName"":""ДИРЕКТОР"",""inn"":""231226808100"",""positionDate"":{""$date"":""2024-02-12T21:00:00.000Z""}}"
a9c39e61-4d78-5901-92a4-6677b508cbaa,2312263270,2312263270,activity,0,,,,main,,23.12,Формирование и обработка листового стекла,,,,,,,,,,,,"{""code"":""23.12"",""description"":""Формирование и обработка листового стекла""}"
a9c39e61-4d78-5901-92a4-6677b508cbaa,2312263270,2312263270,activity,1,,,,other,,38.32.51,Утилизация отходов и лома стекла во вторичное сырье,,,,,,,,,,,,"{""code"":""38.32.51"",""description"":""Утилизация отходов и лома стекла во вторичное сырье""}"
a9c39e61-4d78-5901-92a4-6677b508cbaa,2312263270,2312263270,activity,2,,,,other,,42.22,Строительство коммунальных объектов для обеспечения электроэнергией и телекоммуникациями,,,,,,,,,,,,"{""code"":""42.22"",""description"":""Строительство коммунальных объектов для обеспечения электроэнергией и телекоммуникациями""}"
a9c39e61-4d78-5901-92a4-6677b508cbaa,2312263270,2312263270,activity,3,,,,other,,43.34,Производство малярных и стекольных работ,,,,,,,,,,,,"{""code"":""43.34"",""description"":""Производство малярных и стекольных работ""}"
a9c39e61-4d78-5901-92a4-6677b508cbaa,2312263270,2312263270,activity,4,,,,other,,23.13,Производство полых стеклянных изделий,,,,,,,,,,,,"{""code"":""23.13"",""description"":""Производство полых стеклянных изделий""}"
a9c39e61-4d78-5901-92a4-6677b508cbaa,2312263270,2312263270,activity,5,,,,other,,46.14,"Деятельность агентов по оптовой торговле машинами, промышленным оборудованием, судами и летательными аппаратами",,,,,,,,,,,,"{""code"":""46.14"",""description"":""Деятельность агентов по оптовой торговле машинами, промышленным оборудованием, судами и летательными аппаратами""}"
a9c39e61-4d78-5901-92a4-6677b508cbaa,2312263270,2312263270,activity,6,,,,other,,46.17,"Деятельность агентов по оптовой торговле пищевыми продуктами, напитками и табачными изделиями",,,,,,,,,,,,"{""code"":""46.17"",""description"":""Деятельность агентов по оптовой торговле пищевыми продуктами, напитками и табачными изделиями""}"
a9c39e61-4d78-5901-92a4-6677b508cbaa,2312263270,2312263270,activity,7,,,,other,,46.31,Торговля оптовая фруктами и овощами,,,,,,,,,,,,"{""code"":""46.31"",""description"":""Торговля оптовая фруктами и овощами""}"
a9c39e61-4d78-5901-92a4-6677b508cbaa,2312263270,2312263270,activity,8,,,,other,,46.44,Торговля оптовая изделиями из керамики и стекла и чистящими средствами,,,,,,,,,,,,"{""code"":""46.44"",""description"":""Торговля оптовая изделиями из керамики и стекла и чистящими средствами""}"
a9c39e61-4d78-5901-92a4-6677b508cbaa,2312263270,2312263270,activity,9,,,,other,,64.99,"Предоставление прочих финансовых услуг, кроме услуг по страхованию и пенсионному обеспечению, не включенных в другие группировки",,,,,,,,,,,,"{""code"":""64.99"",""description"":""Предоставление прочих финансовых услуг, кроме услуг по страхованию и пенсионному обеспечению, не включенных в другие группировки""}"
a9c39e61-4d78-5901-92a4-6677b508cbaa,2312263270,2312263270,activity,10,,,,other,,46.69,Торговля оптовая прочими машинами и оборудованием,,,,,,,,,,,,"{""code"":""46.69"",""description"":""Торговля оптовая прочими машинами и оборудованием""}"
a9c39e61-4d78-5901-92a4-6677b508cbaa,2312263270,2312263270,activity,11,,,,other,,23.14,Производство стекловолокна,,,,,,,,,,,,"{""code"":""23.14"",""description"":""Производство стекловолокна""}"
a9c39e61-4d78-5901-92a4-6677b508cbaa,2312263270,2312263270,activity,12,,,,other,,42.99,"Строительство прочих инженерных сооружений, не включенных в другие группировки",,,,,,,,,,,,"{""code"":""42.99"",""description"":""Строительство прочих инженерных сооружений, не включенных в другие группировки""}"
a9c39e61-4d78-5901-92a4-6677b508cbaa,2312263270,2312263270,activity,13,,,,other,,41.10,Разработка строительных проектов,,,,,,,,,,,,"{""code"":""41.10"",""description"":""Разработка строительных проектов""}"
a9c39e61-4d78-5901-92a4-6677b508cbaa,2312263270,2312263270,activity,14,,,,other,,46.12,"Деятельность агентов по оптовой торговле топливом, рудами, металлами и химическими веществами",,,,,,,,,,,,"{""code"":""46.12"",""description"":""Деятельность агентов по оптовой торговле топливом, рудами, металлами и химическими веществами""}"
a9c39e61-4d78-5901-92a4-6677b508cbaa,2312263270,2312263270,activity,15,,,,other,,46.18,"Деятельность агентов, специализирующихся на оптовой торговле прочими отдельными видами товаров",,,,,,,,,,,,"{""code"":""46.18"",""description"":""Деятельность агентов, специализирующихся на оптовой торговле прочими отдельными видами товаров""}"
a9c39e61-4d78-5901-92a4-6677b508cbaa,2312263270,2312263270,activity,16,,,,other,,46.32,Торговля оптовая мясом и мясными продуктами,,,,,,,,,,,,"{""code"":""46.32"",""description"":""Торговля оптовая мясом и мясными продуктами""}"
a9c39e61-4d78-5901-92a4-6677b508cbaa,2312263270,2312263270,activity,17,,,,other,,46.15,"Деятельность агентов по оптовой торговле мебелью, бытовыми товарами, скобяными, ножевыми и прочими металлическими изделиями",,,,,,,,,,,,"{""code"":""46.15"",""description"":""Деятельность агентов по оптовой торговле мебелью, бытовыми товарами, скобяными, ножевыми и прочими металлическими изделиями""}"
a9c39e61-4d78-5901-92a4-6677b508cbaa,2312263270,2312263270,activity,18,,,,other,,46.62,Торговля оптовая станками,,,,,,,,,,,,"{""code"":""46.62"",""description"":""Торговля оптовая станками""}"
a9c39e61-4d78-5901-92a4-6677b508cbaa,2312263270,2312263270,activity,19,,,,other,,46.73,"Торговля оптовая лесоматериалами, строительными материалами и санитарно-техническим оборудованием",,,,,,,,,,,,"{""code"":""46.73"",""description"":""Торговля оптовая лесоматериалами, строительными материалами и санитарно-техническим оборудованием""}"
a9c39e61-4d78-5901-92a4-6677b508cbaa,2312263270,2312263270,activity,20,,,,other,,66.19,"Деятельность вспомогательная прочая в сфере финансовых услуг, кроме страхования и пенсионного обеспечения",,,,,,,,,,,,"{""code"":""66.19"",""description"":""Деятельность вспомогательная прочая в сфере финансовых услуг, кроме страхования и пенсионного обеспечения""}"
a9c39e61-4d78-5901-92a4-6677b508cbaa,2312263270,2312263270,activity,21,,,,other,,23.19,"Производство и обработка прочих стеклянных изделий, включая технические изделия из стекла",,,,,,,,,,,,"{""code"":""23.19"",""description"":""Производство и обработка прочих стеклянных изделий, включая технические изделия из стекла""}"
a9c39e61-4d78-5901-92a4-6677b508cbaa,2312263270,2312263270,activity,22,,,,other,,41.20,Строительство жилых и нежилых зданий,,,,,,,,,,,,"{""code"":""41.20"",""description"":""Строительство жилых и нежилых зданий""}"
a9c39e61-4d78-5901-92a4-6677b508cbaa,2312263270,2312263270,activity,23,,,,other,,43.32,Работы столярные и плотничные,,,,,,,,,,,,"{""code"":""43.32"",""description"":""Работы столярные и плотничные""}"
a9c39e61-4d78-5901-92a4-6677b508cbaa,2312263270,2312263270,activity,24,,,,other,,46.13.2,Деятельность агентов по оптовой торговле строительными материалами,,,,,,,,,,,,"{""code"":""46.13.2"",""description"":""Деятельность агентов по оптовой торговле строительными материалами""}"
a9c39e61-4d78-5901-92a4-6677b508cbaa,2312263270,2312263270,activity,25,,,,other,,46.42,Торговля оптовая одеждой и обувью,,,,,,,,,,,,"{""code"":""46.42"",""description"":""Торговля оптовая одеждой и обувью""}"
a9c39e61-4d78-5901-92a4-6677b508cbaa,2312263270,2312263270,activity,26,,,,other,,46.16,"Деятельность агентов по оптовой торговле текстильными изделиями, одеждой, обувью, изделиями из кожи и меха",,,,,,,,,,,,"{""code"":""46.16"",""description"":""Деятельность агентов по оптовой торговле текстильными изделиями, одеждой, обувью, изделиями из кожи и меха""}"
a9c39e61-4d78-5901-92a4-6677b508cbaa,2312263270,2312263270,activity,27,,,,other,,46.21,"Торговля оптовая зерном, необработанным табаком, семенами и кормами для сельскохозяйственных животных",,,,,,,,,,,,"{""code"":""46.21"",""description"":""Торговля оптовая зерном, необработанным табаком, семенами и кормами для сельскохозяйственных животных""}"
a9c39e61-4d78-5901-92a4-6677b508cbaa,2312263270,2312263270,activity,28,,,,other,,47.52,"Торговля розничная скобяными изделиями, лакокрасочными материалами и стеклом в специализированных магазинах",,,,,,,,,,,,"{""code"":""47.52"",""description"":""Торговля розничная скобяными изделиями, лакокрасочными материалами и стеклом в специализированных магазинах""}"
a9c39e61-4d78-5901-92a4-6677b508cbaa,2312263270,2312263270,activity,29,,,,other,,71.12.2,"Деятельность заказчика-застройщика, генерального подрядчика",,,,,,,,,,,,"{""code"":""71.12.2"",""description"":""Деятельность заказчика-застройщика, генерального подрядчика""}"
a9c39e61-4d78-5901-92a4-6677b508cbaa,2312263270,2312263270,activity,30,,,,other,,46.63,Торговля оптовая машинами и оборудованием для добычи полезных ископаемых и строительства,,,,,,,,,,,,"{""code"":""46.63"",""description"":""Торговля оптовая машинами и оборудованием для добычи полезных ископаемых и строительства""}"
a9c39e61-4d78-5901-92a4-6677b508cbaa,2312263270,2312263270,activity,31,,,,other,,46.90,Торговля оптовая неспециализированная,,,,,,,,,,,,"{""code"":""46.90"",""description"":""Торговля оптовая неспециализированная""}"
a9c39e61-4d78-5901-92a4-6677b508cbaa,2312263270,2312263270,activity,32,,,,other,,43.99,"Работы строительные специализированные прочие, не включенные в другие группировки",,,,,,,,,,,,"{""code"":""43.99"",""description"":""Работы строительные специализированные прочие, не включенные в другие группировки""}"
a9c39e61-4d78-5901-92a4-6677b508cbaa,2312263270,2312263270,activity,33,,,,other,,46.72,Торговля оптовая металлами и металлическими рудами,,,,,,,,,,,,"{""code"":""46.72"",""description"":""Торговля оптовая металлами и металлическими рудами""}"
a9c39e61-4d78-5901-92a4-6677b508cbaa,2312263270,2312263270,activity,34,,,,other,,43.29,Производство прочих строительно-монтажных работ,,,,,,,,,,,,"{""code"":""43.29"",""description"":""Производство прочих строительно-монтажных работ""}"
a9c39e61-4d78-5901-92a4-6677b508cbaa,2312263270,2312263270,activity,35,,,,other,,49.41,Деятельность автомобильного грузового транспорта,,,,,,,,,,,,"{""code"":""49.41"",""description"":""Деятельность автомобильного грузового транспорта""}"
a9c39e61-4d78-5901-92a4-6677b508cbaa,2312263270,2312263270,phone,0,,,,phone,,,,,,,,,,,918,0933177,,,"{""phoneCode"":""918"",""phoneNumber"":""0933177""}"
a9c39e61-4d78-5901-92a4-6677b508cbaa,2312263270,2312263270,phone,1,,,,phone,,,,,,,,,,,918,5540788,,,"{""phoneCode"":""918"",""phoneNumber"":""5540788""}"
a9c39e61-4d78-5901-92a4-6677b508cbaa,2312263270,2312263270,tax_system,0,Общая система налогообложения,,,tax_system,,ОСНО,,,,,,,,,,,,,"{""fullName"":""Общая система налогообложения"",""shortName"":""ОСНО""}"
334c2f85-10b5-5f87-b5e0-58c5c196a5bc,6732241319,6732241319,founder,0,КЛИМАШЕВСКИЙ АЛЕКСАНДР ИОСИФОВИЧ,673213893651,,founder,,,,100,10000,2022-12-20T21:00:00.000Z,True,,,,,,,,"{""name"":""КЛИМАШЕВСКИЙ АЛЕКСАНДР ИОСИФОВИЧ"",""inn"":""673213893651"",""amount"":10000,""share"":100,""dateFrom"":{""$date"":""2022-12-20T21:00:00.000Z""},""active"":true}"
334c2f85-10b5-5f87-b5e0-58c5c196a5bc,6732241319,6732241319,director,0,КЛИМАШЕВСКИЙ АЛЕКСАНДР ИОСИФОВИЧ,673213893651,,director,ДИРЕКТОР,,,,,2022-12-20T21:00:00.000Z,,,,,,,,,"{""name"":""КЛИМАШЕВСКИЙ АЛЕКСАНДР ИОСИФОВИЧ"",""positionName"":""ДИРЕКТОР"",""inn"":""673213893651"",""positionDate"":{""$date"":""2022-12-20T21:00:00.000Z""}}"
334c2f85-10b5-5f87-b5e0-58c5c196a5bc,6732241319,6732241319,activity,0,,,,main,,46.51,"Торговля оптовая компьютерами, периферийными устройствами к компьютерам и программным обеспечением",,,,,,,,,,,,"{""code"":""46.51"",""description"":""Торговля оптовая компьютерами, периферийными устройствами к компьютерам и программным обеспечением""}"
334c2f85-10b5-5f87-b5e0-58c5c196a5bc,6732241319,6732241319,activity,1,,,,other,,45.31,"Торговля оптовая автомобильными деталями, узлами и принадлежностями",,,,,,,,,,,,"{""code"":""45.31"",""description"":""Торговля оптовая автомобильными деталями, узлами и принадлежностями""}"
334c2f85-10b5-5f87-b5e0-58c5c196a5bc,6732241319,6732241319,activity,2,,,,other,,49.41,Деятельность автомобильного грузового транспорта,,,,,,,,,,,,"{""code"":""49.41"",""description"":""Деятельность автомобильного грузового транспорта""}"
334c2f85-10b5-5f87-b5e0-58c5c196a5bc,6732241319,6732241319,activity,3,,,,other,,52.29,"Деятельность вспомогательная прочая, связанная с перевозками",,,,,,,,,,,,"{""code"":""52.29"",""description"":""Деятельность вспомогательная прочая, связанная с перевозками""}"
334c2f85-10b5-5f87-b5e0-58c5c196a5bc,6732241319,6732241319,activity,4,,,,other,,46.52,Торговля оптовая электронным и телекоммуникационным оборудованием и его запасными частями,,,,,,,,,,,,"{""code"":""46.52"",""description"":""Торговля оптовая электронным и телекоммуникационным оборудованием и его запасными частями""}"
334c2f85-10b5-5f87-b5e0-58c5c196a5bc,6732241319,6732241319,activity,5,,,,other,,46.49,Торговля оптовая прочими бытовыми товарами,,,,,,,,,,,,"{""code"":""46.49"",""description"":""Торговля оптовая прочими бытовыми товарами""}"
334c2f85-10b5-5f87-b5e0-58c5c196a5bc,6732241319,6732241319,activity,6,,,,other,,46.66,Торговля оптовая прочей офисной техникой и оборудованием,,,,,,,,,,,,"{""code"":""46.66"",""description"":""Торговля оптовая прочей офисной техникой и оборудованием""}"
334c2f85-10b5-5f87-b5e0-58c5c196a5bc,6732241319,6732241319,activity,7,,,,other,,47.91,Торговля розничная по почте или по информационно-коммуникационной сети Интернет,,,,,,,,,,,,"{""code"":""47.91"",""description"":""Торговля розничная по почте или по информационно-коммуникационной сети Интернет""}"
334c2f85-10b5-5f87-b5e0-58c5c196a5bc,6732241319,6732241319,activity,8,,,,other,,46.43,Торговля оптовая бытовыми электротоварами,,,,,,,,,,,,"{""code"":""46.43"",""description"":""Торговля оптовая бытовыми электротоварами""}"
334c2f85-10b5-5f87-b5e0-58c5c196a5bc,6732241319,6732241319,activity,9,,,,other,,46.73,"Торговля оптовая лесоматериалами, строительными материалами и санитарно-техническим оборудованием",,,,,,,,,,,,"{""code"":""46.73"",""description"":""Торговля оптовая лесоматериалами, строительными материалами и санитарно-техническим оборудованием""}"
334c2f85-10b5-5f87-b5e0-58c5c196a5bc,6732241319,6732241319,activity,10,,,,other,,49.42,Предоставление услуг по перевозкам,,,,,,,,,,,,"{""code"":""49.42"",""description"":""Предоставление услуг по перевозкам""}"
334c2f85-10b5-5f87-b5e0-58c5c196a5bc,6732241319,6732241319,activity,11,,,,other,,41.20,Строительство жилых и нежилых зданий,,,,,,,,,,,,"{""code"":""41.20"",""description"":""Строительство жилых и нежилых зданий""}"
334c2f85-10b5-5f87-b5e0-58c5c196a5bc,6732241319,6732241319,activity,12,,,,other,,43.21,Производство электромонтажных работ,,,,,,,,,,,,"{""code"":""43.21"",""description"":""Производство электромонтажных работ""}"
334c2f85-10b5-5f87-b5e0-58c5c196a5bc,6732241319,6732241319,activity,13,,,,other,,43.99,"Работы строительные специализированные прочие, не включенные в другие группировки",,,,,,,,,,,,"{""code"":""43.99"",""description"":""Работы строительные специализированные прочие, не включенные в другие группировки""}"
334c2f85-10b5-5f87-b5e0-58c5c196a5bc,6732241319,6732241319,activity,14,,,,other,,43.33,Работы по устройству покрытий полов и облицовке стен,,,,,,,,,,,,"{""code"":""43.33"",""description"":""Работы по устройству покрытий полов и облицовке стен""}"
334c2f85-10b5-5f87-b5e0-58c5c196a5bc,6732241319,6732241319,activity,15,,,,other,,43.39,Производство прочих отделочных и завершающих работ,,,,,,,,,,,,"{""code"":""43.39"",""description"":""Производство прочих отделочных и завершающих работ""}"
334c2f85-10b5-5f87-b5e0-58c5c196a5bc,6732241319,6732241319,activity,16,,,,other,,41.10,Разработка строительных проектов,,,,,,,,,,,,"{""code"":""41.10"",""description"":""Разработка строительных проектов""}"
334c2f85-10b5-5f87-b5e0-58c5c196a5bc,6732241319,6732241319,activity,17,,,,other,,43.31,Производство штукатурных работ,,,,,,,,,,,,"{""code"":""43.31"",""description"":""Производство штукатурных работ""}"
334c2f85-10b5-5f87-b5e0-58c5c196a5bc,6732241319,6732241319,activity,18,,,,other,,43.32,Работы столярные и плотничные,,,,,,,,,,,,"{""code"":""43.32"",""description"":""Работы столярные и плотничные""}"
334c2f85-10b5-5f87-b5e0-58c5c196a5bc,6732241319,6732241319,activity,19,,,,other,,43.29,Производство прочих строительно-монтажных работ,,,,,,,,,,,,"{""code"":""43.29"",""description"":""Производство прочих строительно-монтажных работ""}"
334c2f85-10b5-5f87-b5e0-58c5c196a5bc,6732241319,6732241319,tax_system,0,Общая система налогообложения,,,tax_system,,ОСНО,,,,,,,,,,,,,"{""fullName"":""Общая система налогообложения"",""shortName"":""ОСНО""}"
7fd0078b-f569-519c-8208-68556bfa3ce2,7714729497,7714729497,founder,0,Муравьёв Евгений Александрович,500403314596,,founder,,,,100,10000,2008-02-17T21:00:00.000Z,True,,,,,,,,"{""name"":""Муравьёв Евгений Александрович"",""inn"":""500403314596"",""amount"":10000,""share"":100,""dateFrom"":{""$date"":""2008-02-17T21:00:00.000Z""},""active"":true}"
7fd0078b-f569-519c-8208-68556bfa3ce2,7714729497,7714729497,director,0,МУРАВЬЁВ ЕВГЕНИЙ АЛЕКСАНДРОВИЧ,500403314596,,director,ГЕНЕРАЛЬНЫЙ ДИРЕКТОР,,,,,2023-05-03T21:00:00.000Z,,,,,,,,,"{""name"":""МУРАВЬЁВ ЕВГЕНИЙ АЛЕКСАНДРОВИЧ"",""positionName"":""ГЕНЕРАЛЬНЫЙ ДИРЕКТОР"",""inn"":""500403314596"",""positionDate"":{""$date"":""2023-05-03T21:00:00.000Z""}}"
7fd0078b-f569-519c-8208-68556bfa3ce2,7714729497,7714729497,related_company,0,ИП ЧУГУНОВА НАТАЛИЯ ВАЛЕНТИНОВНА,501501884596,323508100348583,related_company,,,,,,,,,,,,,,,"{""inn"":""501501884596"",""ogrn"":""323508100348583"",""name"":""ИП ЧУГУНОВА НАТАЛИЯ ВАЛЕНТИНОВНА""}"
7fd0078b-f569-519c-8208-68556bfa3ce2,7714729497,7714729497,related_company,1,ИП МУРАВЬЁВ ЕВГЕНИЙ АЛЕКСАНДРОВИЧ,500403314596,324508100389070,related_company,,,,,,,,,,,,,,,"{""inn"":""500403314596"",""ogrn"":""324508100389070"",""name"":""ИП МУРАВЬЁВ ЕВГЕНИЙ АЛЕКСАНДРОВИЧ""}"
7fd0078b-f569-519c-8208-68556bfa3ce2,7714729497,7714729497,activity,0,,,,main,,43.34,Производство малярных и стекольных работ,,,,,,,,,,,,"{""code"":""43.34"",""description"":""Производство малярных и стекольных работ""}"
7fd0078b-f569-519c-8208-68556bfa3ce2,7714729497,7714729497,activity,1,,,,other,,46.90,Торговля оптовая неспециализированная,,,,,,,,,,,,"{""code"":""46.90"",""description"":""Торговля оптовая неспециализированная""}"
7fd0078b-f569-519c-8208-68556bfa3ce2,7714729497,7714729497,activity,2,,,,other,,43.99,"Работы строительные специализированные прочие, не включенные в другие группировки",,,,,,,,,,,,"{""code"":""43.99"",""description"":""Работы строительные специализированные прочие, не включенные в другие группировки""}"
7fd0078b-f569-519c-8208-68556bfa3ce2,7714729497,7714729497,activity,3,,,,other,,81.22,Деятельность по чистке и уборке жилых зданий и нежилых помещений прочая,,,,,,,,,,,,"{""code"":""81.22"",""description"":""Деятельность по чистке и уборке жилых зданий и нежилых помещений прочая""}"
7fd0078b-f569-519c-8208-68556bfa3ce2,7714729497,7714729497,activity,4,,,,other,,43.39,Производство прочих отделочных и завершающих работ,,,,,,,,,,,,"{""code"":""43.39"",""description"":""Производство прочих отделочных и завершающих работ""}"
7fd0078b-f569-519c-8208-68556bfa3ce2,7714729497,7714729497,activity,5,,,,other,,43.91,Производство кровельных работ,,,,,,,,,,,,"{""code"":""43.91"",""description"":""Производство кровельных работ""}"
7fd0078b-f569-519c-8208-68556bfa3ce2,7714729497,7714729497,activity,6,,,,other,,47.52.79,"Торговля розничная прочими строительными материалами, не включенными в другие группировки, в специализированных магазинах",,,,,,,,,,,,"{""code"":""47.52.79"",""description"":""Торговля розничная прочими строительными материалами, не включенными в другие группировки, в специализированных магазинах""}"
7fd0078b-f569-519c-8208-68556bfa3ce2,7714729497,7714729497,activity,7,,,,other,,43.32,Работы столярные и плотничные,,,,,,,,,,,,"{""code"":""43.32"",""description"":""Работы столярные и плотничные""}"
7fd0078b-f569-519c-8208-68556bfa3ce2,7714729497,7714729497,activity,8,,,,other,,43.31,Производство штукатурных работ,,,,,,,,,,,,"{""code"":""43.31"",""description"":""Производство штукатурных работ""}"
7fd0078b-f569-519c-8208-68556bfa3ce2,7714729497,7714729497,activity,9,,,,other,,23.19,"Производство и обработка прочих стеклянных изделий, включая технические изделия из стекла",,,,,,,,,,,,"{""code"":""23.19"",""description"":""Производство и обработка прочих стеклянных изделий, включая технические изделия из стекла""}"
7fd0078b-f569-519c-8208-68556bfa3ce2,7714729497,7714729497,activity,10,,,,other,,85.42,Образование профессиональное дополнительное,,,,,,,,,,,,"{""code"":""85.42"",""description"":""Образование профессиональное дополнительное""}"
7fd0078b-f569-519c-8208-68556bfa3ce2,7714729497,7714729497,activity,11,,,,other,,85.30,Обучение профессиональное,,,,,,,,,,,,"{""code"":""85.30"",""description"":""Обучение профессиональное""}"
7fd0078b-f569-519c-8208-68556bfa3ce2,7714729497,7714729497,activity,12,,,,other,,71.12,"Деятельность в области инженерных изысканий, инженерно-технического проектирования, управления проектами строительства, выполнения строительного контроля и авторского надзора, предоставление технических консультаций в этих областях",,,,,,,,,,,,"{""code"":""71.12"",""description"":""Деятельность в области инженерных изысканий, инженерно-технического проектирования, управления проектами строительства, выполнения строительного контроля и авторского надзора, предоставление технических консультаций в этих областях""}"
7fd0078b-f569-519c-8208-68556bfa3ce2,7714729497,7714729497,activity,13,,,,other,,49.41.2,Перевозка грузов неспециализированными автотранспортными средствами,,,,,,,,,,,,"{""code"":""49.41.2"",""description"":""Перевозка грузов неспециализированными автотранспортными средствами""}"
7fd0078b-f569-519c-8208-68556bfa3ce2,7714729497,7714729497,activity,14,,,,other,,23.12.5,Производство стеклопакетов,,,,,,,,,,,,"{""code"":""23.12.5"",""description"":""Производство стеклопакетов""}"
7fd0078b-f569-519c-8208-68556bfa3ce2,7714729497,7714729497,activity,15,,,,other,,24.33,Производство профилей с помощью холодной штамповки или гибки,,,,,,,,,,,,"{""code"":""24.33"",""description"":""Производство профилей с помощью холодной штамповки или гибки""}"
7fd0078b-f569-519c-8208-68556bfa3ce2,7714729497,7714729497,activity,16,,,,other,,46.73.6,Торговля оптовая прочими строительными материалами и изделиями,,,,,,,,,,,,"{""code"":""46.73.6"",""description"":""Торговля оптовая прочими строительными материалами и изделиями""}"
7fd0078b-f569-519c-8208-68556bfa3ce2,7714729497,7714729497,activity,17,,,,other,,49.41.1,Перевозка грузов специализированными автотранспортными средствами,,,,,,,,,,,,"{""code"":""49.41.1"",""description"":""Перевозка грузов специализированными автотранспортными средствами""}"
7fd0078b-f569-519c-8208-68556bfa3ce2,7714729497,7714729497,activity,18,,,,other,,46.73.5,Торговля оптовая листовым стеклом,,,,,,,,,,,,"{""code"":""46.73.5"",""description"":""Торговля оптовая листовым стеклом""}"
7fd0078b-f569-519c-8208-68556bfa3ce2,7714729497,7714729497,activity,19,,,,other,,49.42,Предоставление услуг по перевозкам,,,,,,,,,,,,"{""code"":""49.42"",""description"":""Предоставление услуг по перевозкам""}"
7fd0078b-f569-519c-8208-68556bfa3ce2,7714729497,7714729497,activity,20,,,,other,,52.10,Деятельность по складированию и хранению,,,,,,,,,,,,"{""code"":""52.10"",""description"":""Деятельность по складированию и хранению""}"
7fd0078b-f569-519c-8208-68556bfa3ce2,7714729497,7714729497,activity,21,,,,other,,77.12,Аренда и лизинг грузовых транспортных средств,,,,,,,,,,,,"{""code"":""77.12"",""description"":""Аренда и лизинг грузовых транспортных средств""}"
7fd0078b-f569-519c-8208-68556bfa3ce2,7714729497,7714729497,activity,22,,,,other,,43.11,Разборка и снос зданий,,,,,,,,,,,,"{""code"":""43.11"",""description"":""Разборка и снос зданий""}"
7fd0078b-f569-519c-8208-68556bfa3ce2,7714729497,7714729497,activity,23,,,,other,,49.41.3,Аренда грузового автомобильного транспорта с водителем,,,,,,,,,,,,"{""code"":""49.41.3"",""description"":""Аренда грузового автомобильного транспорта с водителем""}"
7fd0078b-f569-519c-8208-68556bfa3ce2,7714729497,7714729497,activity,24,,,,other,,77.39.23,Аренда и лизинг подъемно-транспортного оборудования,,,,,,,,,,,,"{""code"":""77.39.23"",""description"":""Аренда и лизинг подъемно-транспортного оборудования""}"
7fd0078b-f569-519c-8208-68556bfa3ce2,7714729497,7714729497,activity,25,,,,other,,77.32,Аренда и лизинг строительных машин и оборудования,,,,,,,,,,,,"{""code"":""77.32"",""description"":""Аренда и лизинг строительных машин и оборудования""}"
7fd0078b-f569-519c-8208-68556bfa3ce2,7714729497,7714729497,activity,26,,,,other,,49.41,Деятельность автомобильного грузового транспорта,,,,,,,,,,,,"{""code"":""49.41"",""description"":""Деятельность автомобильного грузового транспорта""}"
7fd0078b-f569-519c-8208-68556bfa3ce2,7714729497,7714729497,phone,0,,,,phone,,,,,,,,,,,495,6147339,,,"{""phoneCode"":""495"",""phoneNumber"":""6147339""}"
7fd0078b-f569-519c-8208-68556bfa3ce2,7714729497,7714729497,phone,1,,,,phone,,,,,,,,,,,916,9471883,,,"{""phoneCode"":""916"",""phoneNumber"":""9471883""}"
7fd0078b-f569-519c-8208-68556bfa3ce2,7714729497,7714729497,tax_system,0,Упрощенная система налогообложения,,,tax_system,,УСН,,,,,,,,,,,,,"{""fullName"":""Упрощенная система налогообложения"",""shortName"":""УСН""}"
b617de18-d9c4-5b59-bf06-9b809f53f7dd,3664234989,3664234989,founder,0,ДОРОШЕНКО ЕЛЕНА СЕМЕНОВНА,361001597324,,founder,,,,100,12000,2023-02-02T21:00:00.000Z,True,,,,,,,,"{""name"":""ДОРОШЕНКО ЕЛЕНА СЕМЕНОВНА"",""inn"":""361001597324"",""amount"":12000,""share"":100,""dateFrom"":{""$date"":""2023-02-02T21:00:00.000Z""},""active"":true}"
b617de18-d9c4-5b59-bf06-9b809f53f7dd,3664234989,3664234989,founder,1,ДОРОШЕНКО ЕЛЕНА СЕМЕНОВНА,361001597324,,founder,,,,100,12000,2023-02-02T21:00:00.000Z,True,,,,,,,,"{""name"":""ДОРОШЕНКО ЕЛЕНА СЕМЕНОВНА"",""inn"":""361001597324"",""amount"":12000,""share"":100,""dateFrom"":{""$date"":""2023-02-02T21:00:00.000Z""},""active"":true}"
b617de18-d9c4-5b59-bf06-9b809f53f7dd,3664234989,3664234989,director,0,МЕШКОВ МАКСИМ НИКОЛАЕВИЧ,366318663381,,director,ГЕНЕРАЛЬНЫЙ ДИРЕКТОР,,,,,2023-11-20T21:00:00.000Z,,,,,,,,,"{""name"":""МЕШКОВ МАКСИМ НИКОЛАЕВИЧ"",""positionName"":""ГЕНЕРАЛЬНЫЙ ДИРЕКТОР"",""inn"":""366318663381"",""positionDate"":{""$date"":""2023-11-20T21:00:00.000Z""}}"
b617de18-d9c4-5b59-bf06-9b809f53f7dd,3664234989,3664234989,related_company,0,ИП МЕШКОВ МАКСИМ НИКОЛАЕВИЧ,366318663381,324366800030564,related_company,,,,,,,,,,,,,,,"{""inn"":""366318663381"",""ogrn"":""324366800030564"",""name"":""ИП МЕШКОВ МАКСИМ НИКОЛАЕВИЧ""}"
b617de18-d9c4-5b59-bf06-9b809f53f7dd,3664234989,3664234989,related_company,1,"ООО ""РЕСТОР""",3663141298,1193668016244,related_company,,,,,,,,2019-04-11T21:00:00.000Z,,,,,МЕШКОВ МАКСИМ НИКОЛАЕВИЧ,ГЕНЕРАЛЬНЫЙ ДИРЕКТОР,"{""inn"":""3663141298"",""ogrn"":""1193668016244"",""name"":""ООО \""РЕСТОР\"""",""registrationDate"":{""$date"":""2019-04-11T21:00:00.000Z""},""authPersonName"":""МЕШКОВ МАКСИМ НИКОЛАЕВИЧ"",""authPersonPosition"":""ГЕНЕРАЛЬНЫЙ ДИРЕКТОР""}"
b617de18-d9c4-5b59-bf06-9b809f53f7dd,3664234989,3664234989,related_company,2,"ООО ""ЧУЗИТ""",9719016729,1217700297704,related_company,,,,,,,,2021-06-22T21:00:00.000Z,,,,,ДОРОШЕНКО ЕЛЕНА СЕМЕНОВНА,ГЕНЕРАЛЬНЫЙ ДИРЕКТОР,"{""inn"":""9719016729"",""ogrn"":""1217700297704"",""name"":""ООО \""ЧУЗИТ\"""",""registrationDate"":{""$date"":""2021-06-22T21:00:00.000Z""},""authPersonName"":""ДОРОШЕНКО ЕЛЕНА СЕМЕНОВНА"",""authPersonPosition"":""ГЕНЕРАЛЬНЫЙ ДИРЕКТОР""}"
b617de18-d9c4-5b59-bf06-9b809f53f7dd,3664234989,3664234989,activity,0,,,,main,,41.20,Строительство жилых и нежилых зданий,,,,,,,,,,,,"{""code"":""41.20"",""description"":""Строительство жилых и нежилых зданий""}"
b617de18-d9c4-5b59-bf06-9b809f53f7dd,3664234989,3664234989,activity,1,,,,other,,68.32,Управление недвижимым имуществом за вознаграждение или на договорной основе,,,,,,,,,,,,"{""code"":""68.32"",""description"":""Управление недвижимым имуществом за вознаграждение или на договорной основе""}"
b617de18-d9c4-5b59-bf06-9b809f53f7dd,3664234989,3664234989,activity,2,,,,other,,82.99,"Деятельность по предоставлению прочих вспомогательных услуг для бизнеса, не включенная в другие группировки",,,,,,,,,,,,"{""code"":""82.99"",""description"":""Деятельность по предоставлению прочих вспомогательных услуг для бизнеса, не включенная в другие группировки""}"
b617de18-d9c4-5b59-bf06-9b809f53f7dd,3664234989,3664234989,activity,3,,,,other,,43.34.1,Производство малярных работ,,,,,,,,,,,,"{""code"":""43.34.1"",""description"":""Производство малярных работ""}"
b617de18-d9c4-5b59-bf06-9b809f53f7dd,3664234989,3664234989,activity,4,,,,other,,43.31,Производство штукатурных работ,,,,,,,,,,,,"{""code"":""43.31"",""description"":""Производство штукатурных работ""}"
b617de18-d9c4-5b59-bf06-9b809f53f7dd,3664234989,3664234989,activity,5,,,,other,,43.99.2,Работы по установке строительных лесов и подмостей,,,,,,,,,,,,"{""code"":""43.99.2"",""description"":""Работы по установке строительных лесов и подмостей""}"
b617de18-d9c4-5b59-bf06-9b809f53f7dd,3664234989,3664234989,activity,6,,,,other,,43.91,Производство кровельных работ,,,,,,,,,,,,"{""code"":""43.91"",""description"":""Производство кровельных работ""}"
b617de18-d9c4-5b59-bf06-9b809f53f7dd,3664234989,3664234989,activity,7,,,,other,,47.52.7,"Торговля розничная строительными материалами, не включенными в другие группировки, в специализированных магазинах",,,,,,,,,,,,"{""code"":""47.52.7"",""description"":""Торговля розничная строительными материалами, не включенными в другие группировки, в специализированных магазинах""}"
b617de18-d9c4-5b59-bf06-9b809f53f7dd,3664234989,3664234989,activity,8,,,,other,,46.73.4,Торговля оптовая лакокрасочными материалами,,,,,,,,,,,,"{""code"":""46.73.4"",""description"":""Торговля оптовая лакокрасочными материалами""}"
b617de18-d9c4-5b59-bf06-9b809f53f7dd,3664234989,3664234989,activity,9,,,,other,,77.32,Аренда и лизинг строительных машин и оборудования,,,,,,,,,,,,"{""code"":""77.32"",""description"":""Аренда и лизинг строительных машин и оборудования""}"
b617de18-d9c4-5b59-bf06-9b809f53f7dd,3664234989,3664234989,activity,10,,,,other,,43.22,"Производство санитарно-технических работ, монтаж отопительных систем и систем кондиционирования воздуха",,,,,,,,,,,,"{""code"":""43.22"",""description"":""Производство санитарно-технических работ, монтаж отопительных систем и систем кондиционирования воздуха""}"
b617de18-d9c4-5b59-bf06-9b809f53f7dd,3664234989,3664234989,activity,11,,,,other,,43.34,Производство малярных и стекольных работ,,,,,,,,,,,,"{""code"":""43.34"",""description"":""Производство малярных и стекольных работ""}"
b617de18-d9c4-5b59-bf06-9b809f53f7dd,3664234989,3664234989,activity,12,,,,other,,43.99.1,Работы гидроизоляционные,,,,,,,,,,,,"{""code"":""43.99.1"",""description"":""Работы гидроизоляционные""}"
b617de18-d9c4-5b59-bf06-9b809f53f7dd,3664234989,3664234989,activity,13,,,,other,,43.39,Производство прочих отделочных и завершающих работ,,,,,,,,,,,,"{""code"":""43.39"",""description"":""Производство прочих отделочных и завершающих работ""}"
b617de18-d9c4-5b59-bf06-9b809f53f7dd,3664234989,3664234989,activity,14,,,,other,,46.73.3,Торговля оптовая санитарно-техническим оборудованием,,,,,,,,,,,,"{""code"":""46.73.3"",""description"":""Торговля оптовая санитарно-техническим оборудованием""}"
b617de18-d9c4-5b59-bf06-9b809f53f7dd,3664234989,3664234989,activity,15,,,,other,,46.73.6,Торговля оптовая прочими строительными материалами и изделиями,,,,,,,,,,,,"{""code"":""46.73.6"",""description"":""Торговля оптовая прочими строительными материалами и изделиями""}"
b617de18-d9c4-5b59-bf06-9b809f53f7dd,3664234989,3664234989,activity,16,,,,other,,68.20.2,Аренда и управление собственным или арендованным нежилым недвижимым имуществом,,,,,,,,,,,,"{""code"":""68.20.2"",""description"":""Аренда и управление собственным или арендованным нежилым недвижимым имуществом""}"
b617de18-d9c4-5b59-bf06-9b809f53f7dd,3664234989,3664234989,activity,17,,,,other,,71.11,Деятельность в области архитектуры,,,,,,,,,,,,"{""code"":""71.11"",""description"":""Деятельность в области архитектуры""}"
b617de18-d9c4-5b59-bf06-9b809f53f7dd,3664234989,3664234989,activity,18,,,,other,,43.33,Работы по устройству покрытий полов и облицовке стен,,,,,,,,,,,,"{""code"":""43.33"",""description"":""Работы по устройству покрытий полов и облицовке стен""}"
b617de18-d9c4-5b59-bf06-9b809f53f7dd,3664234989,3664234989,activity,19,,,,other,,43.21,Производство электромонтажных работ,,,,,,,,,,,,"{""code"":""43.21"",""description"":""Производство электромонтажных работ""}"
b617de18-d9c4-5b59-bf06-9b809f53f7dd,3664234989,3664234989,activity,20,,,,other,,43.34.2,Производство стекольных работ,,,,,,,,,,,,"{""code"":""43.34.2"",""description"":""Производство стекольных работ""}"
b617de18-d9c4-5b59-bf06-9b809f53f7dd,3664234989,3664234989,activity,21,,,,other,,46.73,"Торговля оптовая лесоматериалами, строительными материалами и санитарно-техническим оборудованием",,,,,,,,,,,,"{""code"":""46.73"",""description"":""Торговля оптовая лесоматериалами, строительными материалами и санитарно-техническим оборудованием""}"
b617de18-d9c4-5b59-bf06-9b809f53f7dd,3664234989,3664234989,activity,22,,,,other,,43.99,"Работы строительные специализированные прочие, не включенные в другие группировки",,,,,,,,,,,,"{""code"":""43.99"",""description"":""Работы строительные специализированные прочие, не включенные в другие группировки""}"
b617de18-d9c4-5b59-bf06-9b809f53f7dd,3664234989,3664234989,activity,23,,,,other,,46.73.5,Торговля оптовая листовым стеклом,,,,,,,,,,,,"{""code"":""46.73.5"",""description"":""Торговля оптовая листовым стеклом""}"
b617de18-d9c4-5b59-bf06-9b809f53f7dd,3664234989,3664234989,activity,24,,,,other,,68.20,Аренда и управление собственным или арендованным недвижимым имуществом,,,,,,,,,,,,"{""code"":""68.20"",""description"":""Аренда и управление собственным или арендованным недвижимым имуществом""}"
b617de18-d9c4-5b59-bf06-9b809f53f7dd,3664234989,3664234989,phone,0,,,,phone,,,,,,,,,,,473,2727130,,,"{""phoneCode"":""473"",""phoneNumber"":""2727130""}"
b617de18-d9c4-5b59-bf06-9b809f53f7dd,3664234989,3664234989,tax_system,0,Общая система налогообложения,,,tax_system,,ОСНО,,,,,,,,,,,,,"{""fullName"":""Общая система налогообложения"",""shortName"":""ОСНО""}"
8b05ea33-54b4-5bb7-a6fc-6c2a86b0daf3,1327036448,1327036448,founder,0,БОЧАРОВА НАТАЛЬЯ ПЕТРОВНА,711806540457,,founder,,,,100,10000,2020-10-22T21:00:00.000Z,True,,,,,,,,"{""name"":""БОЧАРОВА НАТАЛЬЯ ПЕТРОВНА"",""inn"":""711806540457"",""amount"":10000,""share"":100,""dateFrom"":{""$date"":""2020-10-22T21:00:00.000Z""},""active"":true}"
8b05ea33-54b4-5bb7-a6fc-6c2a86b0daf3,1327036448,1327036448,director,0,БОЧАРОВА НАТАЛЬЯ ПЕТРОВНА,711806540457,,director,ДИРЕКТОР,,,,,2020-10-22T21:00:00.000Z,,,,,,,,,"{""name"":""БОЧАРОВА НАТАЛЬЯ ПЕТРОВНА"",""positionName"":""ДИРЕКТОР"",""inn"":""711806540457"",""positionDate"":{""$date"":""2020-10-22T21:00:00.000Z""}}"
8b05ea33-54b4-5bb7-a6fc-6c2a86b0daf3,1327036448,1327036448,related_company,0,ИП БОЧАРОВА НАТАЛЬЯ ПЕТРОВНА,711806540457,318132600028935,related_company,,,,,,,,,,,,,,,"{""inn"":""711806540457"",""ogrn"":""318132600028935"",""name"":""ИП БОЧАРОВА НАТАЛЬЯ ПЕТРОВНА""}"
8b05ea33-54b4-5bb7-a6fc-6c2a86b0daf3,1327036448,1327036448,activity,0,,,,main,,46.73.6,Торговля оптовая прочими строительными материалами и изделиями,,,,,,,,,,,,"{""code"":""46.73.6"",""description"":""Торговля оптовая прочими строительными материалами и изделиями""}"
8b05ea33-54b4-5bb7-a6fc-6c2a86b0daf3,1327036448,1327036448,activity,1,,,,other,,47.52,"Торговля розничная скобяными изделиями, лакокрасочными материалами и стеклом в специализированных магазинах",,,,,,,,,,,,"{""code"":""47.52"",""description"":""Торговля розничная скобяными изделиями, лакокрасочными материалами и стеклом в специализированных магазинах""}"
8b05ea33-54b4-5bb7-a6fc-6c2a86b0daf3,1327036448,1327036448,activity,2,,,,other,,46.90,Торговля оптовая неспециализированная,,,,,,,,,,,,"{""code"":""46.90"",""description"":""Торговля оптовая неспециализированная""}"
8b05ea33-54b4-5bb7-a6fc-6c2a86b0daf3,1327036448,1327036448,activity,3,,,,other,,46.49,Торговля оптовая прочими бытовыми товарами,,,,,,,,,,,,"{""code"":""46.49"",""description"":""Торговля оптовая прочими бытовыми товарами""}"
8b05ea33-54b4-5bb7-a6fc-6c2a86b0daf3,1327036448,1327036448,activity,4,,,,other,,23.61,Производство изделий из бетона для использования в строительстве,,,,,,,,,,,,"{""code"":""23.61"",""description"":""Производство изделий из бетона для использования в строительстве""}"
8b05ea33-54b4-5bb7-a6fc-6c2a86b0daf3,1327036448,1327036448,activity,5,,,,other,,43.21,Производство электромонтажных работ,,,,,,,,,,,,"{""code"":""43.21"",""description"":""Производство электромонтажных работ""}"
8b05ea33-54b4-5bb7-a6fc-6c2a86b0daf3,1327036448,1327036448,phone,0,,,,phone,,,,,,,,,,,905,0095483,,,"{""phoneCode"":""905"",""phoneNumber"":""0095483""}"
8b05ea33-54b4-5bb7-a6fc-6c2a86b0daf3,1327036448,1327036448,tax_system,0,Общая система налогообложения,,,tax_system,,ОСНО,,,,,,,,,,,,,"{""fullName"":""Общая система налогообложения"",""shortName"":""ОСНО""}"
b8c6a055-8412-5f43-96ca-5866daadf6f1,771965001547,771965001547,activity,0,,,,main,,43.39,Производство прочих отделочных и завершающих работ,,,,,,,,,,,,"{""code"":""43.39"",""description"":""Производство прочих отделочных и завершающих работ""}"
b8c6a055-8412-5f43-96ca-5866daadf6f1,771965001547,771965001547,activity,1,,,,other,,43.11,Разборка и снос зданий,,,,,,,,,,,,"{""code"":""43.11"",""description"":""Разборка и снос зданий""}"
b8c6a055-8412-5f43-96ca-5866daadf6f1,771965001547,771965001547,activity,2,,,,other,,43.22,"Производство санитарно-технических работ, монтаж отопительных систем и систем кондиционирования воздуха",,,,,,,,,,,,"{""code"":""43.22"",""description"":""Производство санитарно-технических работ, монтаж отопительных систем и систем кондиционирования воздуха""}"
b8c6a055-8412-5f43-96ca-5866daadf6f1,771965001547,771965001547,activity,3,,,,other,,22.19,Производство прочих резиновых изделий,,,,,,,,,,,,"{""code"":""22.19"",""description"":""Производство прочих резиновых изделий""}"
b8c6a055-8412-5f43-96ca-5866daadf6f1,771965001547,771965001547,activity,4,,,,other,,43.21,Производство электромонтажных работ,,,,,,,,,,,,"{""code"":""43.21"",""description"":""Производство электромонтажных работ""}"
b8c6a055-8412-5f43-96ca-5866daadf6f1,771965001547,771965001547,activity,5,,,,other,,43.31,Производство штукатурных работ,,,,,,,,,,,,"{""code"":""43.31"",""description"":""Производство штукатурных работ""}"
b8c6a055-8412-5f43-96ca-5866daadf6f1,771965001547,771965001547,activity,6,,,,other,,41.10,Разработка строительных проектов,,,,,,,,,,,,"{""code"":""41.10"",""description"":""Разработка строительных проектов""}"
b8c6a055-8412-5f43-96ca-5866daadf6f1,771965001547,771965001547,activity,7,,,,other,,71.11,Деятельность в области архитектуры,,,,,,,,,,,,"{""code"":""71.11"",""description"":""Деятельность в области архитектуры""}"
b8c6a055-8412-5f43-96ca-5866daadf6f1,771965001547,771965001547,activity,8,,,,other,,81.21,Деятельность по общей уборке зданий,,,,,,,,,,,,"{""code"":""81.21"",""description"":""Деятельность по общей уборке зданий""}"
b8c6a055-8412-5f43-96ca-5866daadf6f1,771965001547,771965001547,activity,9,,,,other,,43.99,"Работы строительные специализированные прочие, не включенные в другие группировки",,,,,,,,,,,,"{""code"":""43.99"",""description"":""Работы строительные специализированные прочие, не включенные в другие группировки""}"
b8c6a055-8412-5f43-96ca-5866daadf6f1,771965001547,771965001547,activity,10,,,,other,,22.23,"Производство пластмассовых изделий, используемых в строительстве",,,,,,,,,,,,"{""code"":""22.23"",""description"":""Производство пластмассовых изделий, используемых в строительстве""}"
b8c6a055-8412-5f43-96ca-5866daadf6f1,771965001547,771965001547,activity,11,,,,other,,43.12,Подготовка строительной площадки,,,,,,,,,,,,"{""code"":""43.12"",""description"":""Подготовка строительной площадки""}"
b8c6a055-8412-5f43-96ca-5866daadf6f1,771965001547,771965001547,activity,12,,,,other,,71.12,"Деятельность в области инженерных изысканий, инженерно-технического проектирования, управления проектами строительства, выполнения строительного контроля и авторского надзора, предоставление технических консультаций в этих областях",,,,,,,,,,,,"{""code"":""71.12"",""description"":""Деятельность в области инженерных изысканий, инженерно-технического проектирования, управления проектами строительства, выполнения строительного контроля и авторского надзора, предоставление технических консультаций в этих областях""}"
b8c6a055-8412-5f43-96ca-5866daadf6f1,771965001547,771965001547,activity,13,,,,other,,43.33,Работы по устройству покрытий полов и облицовке стен,,,,,,,,,,,,"{""code"":""43.33"",""description"":""Работы по устройству покрытий полов и облицовке стен""}"
b8c6a055-8412-5f43-96ca-5866daadf6f1,771965001547,771965001547,activity,14,,,,other,,42.99,"Строительство прочих инженерных сооружений, не включенных в другие группировки",,,,,,,,,,,,"{""code"":""42.99"",""description"":""Строительство прочих инженерных сооружений, не включенных в другие группировки""}"
b8c6a055-8412-5f43-96ca-5866daadf6f1,771965001547,771965001547,activity,15,,,,other,,43.32,Работы столярные и плотничные,,,,,,,,,,,,"{""code"":""43.32"",""description"":""Работы столярные и плотничные""}"
b8c6a055-8412-5f43-96ca-5866daadf6f1,771965001547,771965001547,activity,16,,,,other,,43.91,Производство кровельных работ,,,,,,,,,,,,"{""code"":""43.91"",""description"":""Производство кровельных работ""}"
b8c6a055-8412-5f43-96ca-5866daadf6f1,771965001547,771965001547,activity,17,,,,other,,43.29,Производство прочих строительно-монтажных работ,,,,,,,,,,,,"{""code"":""43.29"",""description"":""Производство прочих строительно-монтажных работ""}"
b8c6a055-8412-5f43-96ca-5866daadf6f1,771965001547,771965001547,activity,18,,,,other,,43.34,Производство малярных и стекольных работ,,,,,,,,,,,,"{""code"":""43.34"",""description"":""Производство малярных и стекольных работ""}"
b8c6a055-8412-5f43-96ca-5866daadf6f1,771965001547,771965001547,activity,19,,,,other,,47.11,"Торговля розничная преимущественно пищевыми продуктами, включая напитки, и табачными изделиями в неспециализированных магазинах",,,,,,,,,,,,"{""code"":""47.11"",""description"":""Торговля розничная преимущественно пищевыми продуктами, включая напитки, и табачными изделиями в неспециализированных магазинах""}"
b8c6a055-8412-5f43-96ca-5866daadf6f1,771965001547,771965001547,activity,20,,,,other,,47.25.1,"Торговля розничная алкогольными напитками, включая пиво, в специализированных магазинах",,,,,,,,,,,,"{""code"":""47.25.1"",""description"":""Торговля розничная алкогольными напитками, включая пиво, в специализированных магазинах""}"
b8c6a055-8412-5f43-96ca-5866daadf6f1,771965001547,771965001547,activity,21,,,,other,,56.30,Подача напитков,,,,,,,,,,,,"{""code"":""56.30"",""description"":""Подача напитков""}"
b8c6a055-8412-5f43-96ca-5866daadf6f1,771965001547,771965001547,activity,22,,,,other,,47.25.12,Торговля розничная пивом в специализированных магазинах,,,,,,,,,,,,"{""code"":""47.25.12"",""description"":""Торговля розничная пивом в специализированных магазинах""}"
b8c6a055-8412-5f43-96ca-5866daadf6f1,771965001547,771965001547,activity,23,,,,other,,47.26,Торговля розничная табачными изделиями в специализированных магазинах,,,,,,,,,,,,"{""code"":""47.26"",""description"":""Торговля розничная табачными изделиями в специализированных магазинах""}"
e6fa7bf3-b4a3-5b59-b0bd-9e66a928131f,6164137887,6164137887,founder,0,ТКАЧЕВ ТИМУР СЕРГЕЕВИЧ,232105427380,,founder,,,,100,10000,2022-04-26T21:00:00.000Z,True,,,,,,,,"{""name"":""ТКАЧЕВ ТИМУР СЕРГЕЕВИЧ"",""inn"":""232105427380"",""amount"":10000,""share"":100,""dateFrom"":{""$date"":""2022-04-26T21:00:00.000Z""},""active"":true}"
e6fa7bf3-b4a3-5b59-b0bd-9e66a928131f,6164137887,6164137887,director,0,ТКАЧЕВ ТИМУР СЕРГЕЕВИЧ,232105427380,,director,ГЕНЕРАЛЬНЫЙ ДИРЕКТОР,,,,,2022-04-26T21:00:00.000Z,,,,,,,,,"{""name"":""ТКАЧЕВ ТИМУР СЕРГЕЕВИЧ"",""positionName"":""ГЕНЕРАЛЬНЫЙ ДИРЕКТОР"",""inn"":""232105427380"",""positionDate"":{""$date"":""2022-04-26T21:00:00.000Z""}}"
e6fa7bf3-b4a3-5b59-b0bd-9e66a928131f,6164137887,6164137887,related_company,0,ИП ТКАЧЕВ ТИМУР СЕРГЕЕВИЧ,232105427380,323237500358696,related_company,,,,,,,,,,,,,,,"{""inn"":""232105427380"",""ogrn"":""323237500358696"",""name"":""ИП ТКАЧЕВ ТИМУР СЕРГЕЕВИЧ""}"
e6fa7bf3-b4a3-5b59-b0bd-9e66a928131f,6164137887,6164137887,activity,0,,,,main,,41.20,Строительство жилых и нежилых зданий,,,,,,,,,,,,"{""code"":""41.20"",""description"":""Строительство жилых и нежилых зданий""}"
e6fa7bf3-b4a3-5b59-b0bd-9e66a928131f,6164137887,6164137887,activity,1,,,,other,,25.12,Производство металлических дверей и окон,,,,,,,,,,,,"{""code"":""25.12"",""description"":""Производство металлических дверей и окон""}"
e6fa7bf3-b4a3-5b59-b0bd-9e66a928131f,6164137887,6164137887,activity,2,,,,other,,23.63,Производство товарного бетона,,,,,,,,,,,,"{""code"":""23.63"",""description"":""Производство товарного бетона""}"
e6fa7bf3-b4a3-5b59-b0bd-9e66a928131f,6164137887,6164137887,activity,3,,,,other,,25.50,"Ковка, прессование, штамповка и профилирование, изготовление изделий методом порошковой металлургии",,,,,,,,,,,,"{""code"":""25.50"",""description"":""Ковка, прессование, штамповка и профилирование, изготовление изделий методом порошковой металлургии""}"
e6fa7bf3-b4a3-5b59-b0bd-9e66a928131f,6164137887,6164137887,activity,4,,,,other,,25.11,"Производство строительных металлических конструкций, изделий и их частей",,,,,,,,,,,,"{""code"":""25.11"",""description"":""Производство строительных металлических конструкций, изделий и их частей""}"
e6fa7bf3-b4a3-5b59-b0bd-9e66a928131f,6164137887,6164137887,activity,5,,,,other,,23.61,Производство изделий из бетона для использования в строительстве,,,,,,,,,,,,"{""code"":""23.61"",""description"":""Производство изделий из бетона для использования в строительстве""}"
e6fa7bf3-b4a3-5b59-b0bd-9e66a928131f,6164137887,6164137887,activity,6,,,,other,,23.65,Производство изделий из хризотилцемента и волокнистого цемента,,,,,,,,,,,,"{""code"":""23.65"",""description"":""Производство изделий из хризотилцемента и волокнистого цемента""}"
e6fa7bf3-b4a3-5b59-b0bd-9e66a928131f,6164137887,6164137887,activity,7,,,,other,,23.62,Производство гипсовых изделий для использования в строительстве,,,,,,,,,,,,"{""code"":""23.62"",""description"":""Производство гипсовых изделий для использования в строительстве""}"
e6fa7bf3-b4a3-5b59-b0bd-9e66a928131f,6164137887,6164137887,activity,8,,,,other,,43.31,Производство штукатурных работ,,,,,,,,,,,,"{""code"":""43.31"",""description"":""Производство штукатурных работ""}"
e6fa7bf3-b4a3-5b59-b0bd-9e66a928131f,6164137887,6164137887,activity,9,,,,other,,23.64,Производство сухих бетонных смесей,,,,,,,,,,,,"{""code"":""23.64"",""description"":""Производство сухих бетонных смесей""}"
e6fa7bf3-b4a3-5b59-b0bd-9e66a928131f,6164137887,6164137887,activity,10,,,,other,,25.62,Обработка металлических изделий механическая,,,,,,,,,,,,"{""code"":""25.62"",""description"":""Обработка металлических изделий механическая""}"
e6fa7bf3-b4a3-5b59-b0bd-9e66a928131f,6164137887,6164137887,activity,11,,,,other,,23.69,"Производство прочих изделий из гипса, бетона или цемента",,,,,,,,,,,,"{""code"":""23.69"",""description"":""Производство прочих изделий из гипса, бетона или цемента""}"
e6fa7bf3-b4a3-5b59-b0bd-9e66a928131f,6164137887,6164137887,activity,12,,,,other,,43.11,Разборка и снос зданий,,,,,,,,,,,,"{""code"":""43.11"",""description"":""Разборка и снос зданий""}"
e6fa7bf3-b4a3-5b59-b0bd-9e66a928131f,6164137887,6164137887,activity,13,,,,other,,25.61,Обработка металлов и нанесение покрытий на металлы,,,,,,,,,,,,"{""code"":""25.61"",""description"":""Обработка металлов и нанесение покрытий на металлы""}"
e6fa7bf3-b4a3-5b59-b0bd-9e66a928131f,6164137887,6164137887,activity,14,,,,other,,43.29,Производство прочих строительно-монтажных работ,,,,,,,,,,,,"{""code"":""43.29"",""description"":""Производство прочих строительно-монтажных работ""}"
e6fa7bf3-b4a3-5b59-b0bd-9e66a928131f,6164137887,6164137887,activity,15,,,,other,,43.22,"Производство санитарно-технических работ, монтаж отопительных систем и систем кондиционирования воздуха",,,,,,,,,,,,"{""code"":""43.22"",""description"":""Производство санитарно-технических работ, монтаж отопительных систем и систем кондиционирования воздуха""}"
e6fa7bf3-b4a3-5b59-b0bd-9e66a928131f,6164137887,6164137887,activity,16,,,,other,,71.11,Деятельность в области архитектуры,,,,,,,,,,,,"{""code"":""71.11"",""description"":""Деятельность в области архитектуры""}"
e6fa7bf3-b4a3-5b59-b0bd-9e66a928131f,6164137887,6164137887,activity,17,,,,other,,43.99.4,Работы бетонные и железобетонные,,,,,,,,,,,,"{""code"":""43.99.4"",""description"":""Работы бетонные и железобетонные""}"
e6fa7bf3-b4a3-5b59-b0bd-9e66a928131f,6164137887,6164137887,activity,18,,,,other,,43.32.3,"Производство работ по внутренней отделке зданий (включая потолки, раздвижные и съемные перегородки и т.д.)",,,,,,,,,,,,"{""code"":""43.32.3"",""description"":""Производство работ по внутренней отделке зданий (включая потолки, раздвижные и съемные перегородки и т.д.)""}"
e6fa7bf3-b4a3-5b59-b0bd-9e66a928131f,6164137887,6164137887,activity,19,,,,other,,81.30,Деятельность по благоустройству ландшафта,,,,,,,,,,,,"{""code"":""81.30"",""description"":""Деятельность по благоустройству ландшафта""}"
e6fa7bf3-b4a3-5b59-b0bd-9e66a928131f,6164137887,6164137887,activity,20,,,,other,,43.33,Работы по устройству покрытий полов и облицовке стен,,,,,,,,,,,,"{""code"":""43.33"",""description"":""Работы по устройству покрытий полов и облицовке стен""}"
e6fa7bf3-b4a3-5b59-b0bd-9e66a928131f,6164137887,6164137887,activity,21,,,,other,,43.91,Производство кровельных работ,,,,,,,,,,,,"{""code"":""43.91"",""description"":""Производство кровельных работ""}"
e6fa7bf3-b4a3-5b59-b0bd-9e66a928131f,6164137887,6164137887,activity,22,,,,other,,43.99.6,Работы каменные и кирпичные,,,,,,,,,,,,"{""code"":""43.99.6"",""description"":""Работы каменные и кирпичные""}"
e6fa7bf3-b4a3-5b59-b0bd-9e66a928131f,6164137887,6164137887,activity,23,,,,other,,42.91,Строительство водных сооружений,,,,,,,,,,,,"{""code"":""42.91"",""description"":""Строительство водных сооружений""}"
e6fa7bf3-b4a3-5b59-b0bd-9e66a928131f,6164137887,6164137887,activity,24,,,,other,,43.39,Производство прочих отделочных и завершающих работ,,,,,,,,,,,,"{""code"":""43.39"",""description"":""Производство прочих отделочных и завершающих работ""}"
e6fa7bf3-b4a3-5b59-b0bd-9e66a928131f,6164137887,6164137887,activity,25,,,,other,,42.21,"Строительство инженерных коммуникаций для водоснабжения и водоотведения, газоснабжения",,,,,,,,,,,,"{""code"":""42.21"",""description"":""Строительство инженерных коммуникаций для водоснабжения и водоотведения, газоснабжения""}"
e6fa7bf3-b4a3-5b59-b0bd-9e66a928131f,6164137887,6164137887,activity,26,,,,other,,43.21,Производство электромонтажных работ,,,,,,,,,,,,"{""code"":""43.21"",""description"":""Производство электромонтажных работ""}"
e6fa7bf3-b4a3-5b59-b0bd-9e66a928131f,6164137887,6164137887,activity,27,,,,other,,43.12,Подготовка строительной площадки,,,,,,,,,,,,"{""code"":""43.12"",""description"":""Подготовка строительной площадки""}"
e6fa7bf3-b4a3-5b59-b0bd-9e66a928131f,6164137887,6164137887,activity,28,,,,other,,43.12.1,Расчистка территории строительной площадки,,,,,,,,,,,,"{""code"":""43.12.1"",""description"":""Расчистка территории строительной площадки""}"
e6fa7bf3-b4a3-5b59-b0bd-9e66a928131f,6164137887,6164137887,activity,29,,,,other,,43.99.2,Работы по установке строительных лесов и подмостей,,,,,,,,,,,,"{""code"":""43.99.2"",""description"":""Работы по установке строительных лесов и подмостей""}"
e6fa7bf3-b4a3-5b59-b0bd-9e66a928131f,6164137887,6164137887,tax_system,0,Упрощенная система налогообложения,,,tax_system,,УСН,,,,,,,,,,,,,"{""fullName"":""Упрощенная система налогообложения"",""shortName"":""УСН""}"
1c04a7f1-ff69-5978-847d-a46417374dee,7810984404,7810984404,founder,0,ТИМОШИШИН АЛЕКСАНДР ВАСИЛЬЕВИЧ,691106775204,,founder,,,,100,100000,2023-09-18T21:00:00.000Z,True,,,,,,,,"{""name"":""ТИМОШИШИН АЛЕКСАНДР ВАСИЛЬЕВИЧ"",""inn"":""691106775204"",""amount"":100000,""share"":100,""dateFrom"":{""$date"":""2023-09-18T21:00:00.000Z""},""active"":true}"
1c04a7f1-ff69-5978-847d-a46417374dee,7810984404,7810984404,director,0,ТИМОШИШИН АЛЕКСАНДР ВАСИЛЬЕВИЧ,691106775204,,director,ГЕНЕРАЛЬНЫЙ ДИРЕКТОР,,,,,2023-09-18T21:00:00.000Z,,,,,,,,,"{""name"":""ТИМОШИШИН АЛЕКСАНДР ВАСИЛЬЕВИЧ"",""positionName"":""ГЕНЕРАЛЬНЫЙ ДИРЕКТОР"",""inn"":""691106775204"",""positionDate"":{""$date"":""2023-09-18T21:00:00.000Z""}}"
1c04a7f1-ff69-5978-847d-a46417374dee,7810984404,7810984404,related_company,0,"ООО ""ЭДЕЛЬВЕЙС""",7743414371,1237700236355,related_company,,,,,,,,2023-03-26T21:00:00.000Z,,,,,ТИМОШИШИН АЛЕКСАНДР ВАСИЛЬЕВИЧ,ГЕНЕРАЛЬНЫЙ ДИРЕКТОР,"{""inn"":""7743414371"",""ogrn"":""1237700236355"",""name"":""ООО \""ЭДЕЛЬВЕЙС\"""",""registrationDate"":{""$date"":""2023-03-26T21:00:00.000Z""},""authPersonName"":""ТИМОШИШИН АЛЕКСАНДР ВАСИЛЬЕВИЧ"",""authPersonPosition"":""ГЕНЕРАЛЬНЫЙ ДИРЕКТОР""}"
1c04a7f1-ff69-5978-847d-a46417374dee,7810984404,7810984404,activity,0,,,,main,,46.90,Торговля оптовая неспециализированная,,,,,,,,,,,,"{""code"":""46.90"",""description"":""Торговля оптовая неспециализированная""}"
1c04a7f1-ff69-5978-847d-a46417374dee,7810984404,7810984404,activity,1,,,,other,,46.65,Торговля оптовая офисной мебелью,,,,,,,,,,,,"{""code"":""46.65"",""description"":""Торговля оптовая офисной мебелью""}"
1c04a7f1-ff69-5978-847d-a46417374dee,7810984404,7810984404,activity,2,,,,other,,46.74,"Торговля оптовая скобяными изделиями, водопроводным и отопительным оборудованием и принадлежностями",,,,,,,,,,,,"{""code"":""46.74"",""description"":""Торговля оптовая скобяными изделиями, водопроводным и отопительным оборудованием и принадлежностями""}"
1c04a7f1-ff69-5978-847d-a46417374dee,7810984404,7810984404,activity,3,,,,other,,46.69,Торговля оптовая прочими машинами и оборудованием,,,,,,,,,,,,"{""code"":""46.69"",""description"":""Торговля оптовая прочими машинами и оборудованием""}"
1c04a7f1-ff69-5978-847d-a46417374dee,7810984404,7810984404,activity,4,,,,other,,46.41,Торговля оптовая текстильными изделиями,,,,,,,,,,,,"{""code"":""46.41"",""description"":""Торговля оптовая текстильными изделиями""}"
1c04a7f1-ff69-5978-847d-a46417374dee,7810984404,7810984404,activity,5,,,,other,,53.20.3,Деятельность курьерская,,,,,,,,,,,,"{""code"":""53.20.3"",""description"":""Деятельность курьерская""}"
1c04a7f1-ff69-5978-847d-a46417374dee,7810984404,7810984404,activity,6,,,,other,,46.44,Торговля оптовая изделиями из керамики и стекла и чистящими средствами,,,,,,,,,,,,"{""code"":""46.44"",""description"":""Торговля оптовая изделиями из керамики и стекла и чистящими средствами""}"
1c04a7f1-ff69-5978-847d-a46417374dee,7810984404,7810984404,activity,7,,,,other,,46.62,Торговля оптовая станками,,,,,,,,,,,,"{""code"":""46.62"",""description"":""Торговля оптовая станками""}"
1c04a7f1-ff69-5978-847d-a46417374dee,7810984404,7810984404,activity,8,,,,other,,46.39,"Торговля оптовая неспециализированная пищевыми продуктами, напитками и табачными изделиями",,,,,,,,,,,,"{""code"":""46.39"",""description"":""Торговля оптовая неспециализированная пищевыми продуктами, напитками и табачными изделиями""}"
1c04a7f1-ff69-5978-847d-a46417374dee,7810984404,7810984404,activity,9,,,,other,,45.31.1,"Торговля оптовая автомобильными деталями, узлами и принадлежностями, кроме деятельности агентов",,,,,,,,,,,,"{""code"":""45.31.1"",""description"":""Торговля оптовая автомобильными деталями, узлами и принадлежностями, кроме деятельности агентов""}"
1c04a7f1-ff69-5978-847d-a46417374dee,7810984404,7810984404,activity,10,,,,other,,64.20,Деятельность холдинговых компаний,,,,,,,,,,,,"{""code"":""64.20"",""description"":""Деятельность холдинговых компаний""}"
1c04a7f1-ff69-5978-847d-a46417374dee,7810984404,7810984404,activity,11,,,,other,,52.24,Транспортная обработка грузов,,,,,,,,,,,,"{""code"":""52.24"",""description"":""Транспортная обработка грузов""}"
1c04a7f1-ff69-5978-847d-a46417374dee,7810984404,7810984404,activity,12,,,,other,,52.10,Деятельность по складированию и хранению,,,,,,,,,,,,"{""code"":""52.10"",""description"":""Деятельность по складированию и хранению""}"
1c04a7f1-ff69-5978-847d-a46417374dee,7810984404,7810984404,activity,13,,,,other,,46.73,"Торговля оптовая лесоматериалами, строительными материалами и санитарно-техническим оборудованием",,,,,,,,,,,,"{""code"":""46.73"",""description"":""Торговля оптовая лесоматериалами, строительными материалами и санитарно-техническим оборудованием""}"
1c04a7f1-ff69-5978-847d-a46417374dee,7810984404,7810984404,activity,14,,,,other,,46.66,Торговля оптовая прочей офисной техникой и оборудованием,,,,,,,,,,,,"{""code"":""46.66"",""description"":""Торговля оптовая прочей офисной техникой и оборудованием""}"
1c04a7f1-ff69-5978-847d-a46417374dee,7810984404,7810984404,activity,15,,,,other,,46.42,Торговля оптовая одеждой и обувью,,,,,,,,,,,,"{""code"":""46.42"",""description"":""Торговля оптовая одеждой и обувью""}"
1c04a7f1-ff69-5978-847d-a46417374dee,7810984404,7810984404,activity,16,,,,other,,46.43,Торговля оптовая бытовыми электротоварами,,,,,,,,,,,,"{""code"":""46.43"",""description"":""Торговля оптовая бытовыми электротоварами""}"
1c04a7f1-ff69-5978-847d-a46417374dee,7810984404,7810984404,activity,17,,,,other,,46.61.1,"Торговля оптовая сельскохозяйственными и лесохозяйственными машинами, оборудованием и инструментами, включая тракторы",,,,,,,,,,,,"{""code"":""46.61.1"",""description"":""Торговля оптовая сельскохозяйственными и лесохозяйственными машинами, оборудованием и инструментами, включая тракторы""}"
1c04a7f1-ff69-5978-847d-a46417374dee,7810984404,7810984404,activity,18,,,,other,,46.64,"Торговля оптовая машинами и оборудованием для текстильного, швейного и трикотажного производств",,,,,,,,,,,,"{""code"":""46.64"",""description"":""Торговля оптовая машинами и оборудованием для текстильного, швейного и трикотажного производств""}"
1c04a7f1-ff69-5978-847d-a46417374dee,7810984404,7810984404,activity,19,,,,other,,46.41.2,Торговля оптовая галантерейными изделиями,,,,,,,,,,,,"{""code"":""46.41.2"",""description"":""Торговля оптовая галантерейными изделиями""}"
1c04a7f1-ff69-5978-847d-a46417374dee,7810984404,7810984404,activity,20,,,,other,,46.49.42,Торговля оптовая играми и игрушками,,,,,,,,,,,,"{""code"":""46.49.42"",""description"":""Торговля оптовая играми и игрушками""}"
1c04a7f1-ff69-5978-847d-a46417374dee,7810984404,7810984404,activity,21,,,,other,,46.47.1,Торговля оптовая бытовой мебелью,,,,,,,,,,,,"{""code"":""46.47.1"",""description"":""Торговля оптовая бытовой мебелью""}"
1c04a7f1-ff69-5978-847d-a46417374dee,7810984404,7810984404,activity,22,,,,other,,46.45,Торговля оптовая парфюмерными и косметическими товарами,,,,,,,,,,,,"{""code"":""46.45"",""description"":""Торговля оптовая парфюмерными и косметическими товарами""}"
1c04a7f1-ff69-5978-847d-a46417374dee,7810984404,7810984404,activity,23,,,,other,,52.29,"Деятельность вспомогательная прочая, связанная с перевозками",,,,,,,,,,,,"{""code"":""52.29"",""description"":""Деятельность вспомогательная прочая, связанная с перевозками""}"
1c04a7f1-ff69-5978-847d-a46417374dee,7810984404,7810984404,activity,24,,,,other,,46.63,Торговля оптовая машинами и оборудованием для добычи полезных ископаемых и строительства,,,,,,,,,,,,"{""code"":""46.63"",""description"":""Торговля оптовая машинами и оборудованием для добычи полезных ископаемых и строительства""}"
1c04a7f1-ff69-5978-847d-a46417374dee,7810984404,7810984404,activity,25,,,,other,,46.47.2,Торговля оптовая осветительным оборудованием,,,,,,,,,,,,"{""code"":""46.47.2"",""description"":""Торговля оптовая осветительным оборудованием""}"
1c04a7f1-ff69-5978-847d-a46417374dee,7810984404,7810984404,tax_system,0,Общая система налогообложения,,,tax_system,,ОСНО,,,,,,,,,,,,,"{""fullName"":""Общая система налогообложения"",""shortName"":""ОСНО""}"
b5523ee8-f92f-5bdd-af7a-210742297e8b,7728380537,7728380537,founder,0,ДЖЕНГИЗ АХМЕТ ,770375400000,,founder,,,,100,12000,2017-09-21T21:00:00.000Z,True,,,,,,,,"{""name"":""ДЖЕНГИЗ АХМЕТ "",""inn"":""770375400000"",""amount"":12000,""share"":100,""dateFrom"":{""$date"":""2017-09-21T21:00:00.000Z""},""active"":true}"
b5523ee8-f92f-5bdd-af7a-210742297e8b,7728380537,7728380537,director,0,ОСТАПЕНКО АЛЕКСЕЙ ВЛАДИМИРОВИЧ,772086215193,,director,ГЕНЕРАЛЬНЫЙ ДИРЕКТОР,,,,,2024-01-25T21:00:00.000Z,,,,,,,,,"{""name"":""ОСТАПЕНКО АЛЕКСЕЙ ВЛАДИМИРОВИЧ"",""positionName"":""ГЕНЕРАЛЬНЫЙ ДИРЕКТОР"",""inn"":""772086215193"",""positionDate"":{""$date"":""2024-01-25T21:00:00.000Z""}}"
b5523ee8-f92f-5bdd-af7a-210742297e8b,7728380537,7728380537,related_company,0,"ООО ""ГОЛД СТЕЙК""",7720845558,1217700052558,related_company,,,,,,,,2021-02-09T21:00:00.000Z,,,,,ОСТАПЕНКО АЛЕКСЕЙ ВЛАДИМИРОВИЧ,ГЕНЕРАЛЬНЫЙ ДИРЕКТОР,"{""inn"":""7720845558"",""ogrn"":""1217700052558"",""name"":""ООО \""ГОЛД СТЕЙК\"""",""registrationDate"":{""$date"":""2021-02-09T21:00:00.000Z""},""authPersonName"":""ОСТАПЕНКО АЛЕКСЕЙ ВЛАДИМИРОВИЧ"",""authPersonPosition"":""ГЕНЕРАЛЬНЫЙ ДИРЕКТОР""}"
b5523ee8-f92f-5bdd-af7a-210742297e8b,7728380537,7728380537,related_company,1,"ООО ""ГСМ КОНСТРАКШН""",7726469571,1207700390820,related_company,,,,,,,,2020-10-19T21:00:00.000Z,,,,,БЕКИРОГЛУ ГЮЛБЕЙ null,ГЕНЕРАЛЬНЫЙ ДИРЕКТОР,"{""inn"":""7726469571"",""ogrn"":""1207700390820"",""name"":""ООО \""ГСМ КОНСТРАКШН\"""",""registrationDate"":{""$date"":""2020-10-19T21:00:00.000Z""},""authPersonName"":""БЕКИРОГЛУ ГЮЛБЕЙ null"",""authPersonPosition"":""ГЕНЕРАЛЬНЫЙ ДИРЕКТОР""}"
b5523ee8-f92f-5bdd-af7a-210742297e8b,7728380537,7728380537,related_company,2,ИП ЮСУПОВ ДИЛШОД БЕГНАЗАРОВИЧ,631608450709,324774600074785,related_company,,,,,,,,,,,,,,,"{""inn"":""631608450709"",""ogrn"":""324774600074785"",""name"":""ИП ЮСУПОВ ДИЛШОД БЕГНАЗАРОВИЧ""}"
b5523ee8-f92f-5bdd-af7a-210742297e8b,7728380537,7728380537,activity,0,,,,main,,43.21,Производство электромонтажных работ,,,,,,,,,,,,"{""code"":""43.21"",""description"":""Производство электромонтажных работ""}"
b5523ee8-f92f-5bdd-af7a-210742297e8b,7728380537,7728380537,activity,1,,,,other,,41.20,Строительство жилых и нежилых зданий,,,,,,,,,,,,"{""code"":""41.20"",""description"":""Строительство жилых и нежилых зданий""}"
b5523ee8-f92f-5bdd-af7a-210742297e8b,7728380537,7728380537,activity,2,,,,other,,42.22.1,Строительство междугородних линий электропередачи и связи,,,,,,,,,,,,"{""code"":""42.22.1"",""description"":""Строительство междугородних линий электропередачи и связи""}"
b5523ee8-f92f-5bdd-af7a-210742297e8b,7728380537,7728380537,activity,3,,,,other,,43.11,Разборка и снос зданий,,,,,,,,,,,,"{""code"":""43.11"",""description"":""Разборка и снос зданий""}"
b5523ee8-f92f-5bdd-af7a-210742297e8b,7728380537,7728380537,activity,4,,,,other,,43.32,Работы столярные и плотничные,,,,,,,,,,,,"{""code"":""43.32"",""description"":""Работы столярные и плотничные""}"
b5523ee8-f92f-5bdd-af7a-210742297e8b,7728380537,7728380537,activity,5,,,,other,,43.22,"Производство санитарно-технических работ, монтаж отопительных систем и систем кондиционирования воздуха",,,,,,,,,,,,"{""code"":""43.22"",""description"":""Производство санитарно-технических работ, монтаж отопительных систем и систем кондиционирования воздуха""}"
b5523ee8-f92f-5bdd-af7a-210742297e8b,7728380537,7728380537,activity,6,,,,other,,43.39,Производство прочих отделочных и завершающих работ,,,,,,,,,,,,"{""code"":""43.39"",""description"":""Производство прочих отделочных и завершающих работ""}"
b5523ee8-f92f-5bdd-af7a-210742297e8b,7728380537,7728380537,activity,7,,,,other,,43.99.4,Работы бетонные и железобетонные,,,,,,,,,,,,"{""code"":""43.99.4"",""description"":""Работы бетонные и железобетонные""}"
b5523ee8-f92f-5bdd-af7a-210742297e8b,7728380537,7728380537,activity,8,,,,other,,43.99.1,Работы гидроизоляционные,,,,,,,,,,,,"{""code"":""43.99.1"",""description"":""Работы гидроизоляционные""}"
b5523ee8-f92f-5bdd-af7a-210742297e8b,7728380537,7728380537,activity,9,,,,other,,43.99.7,Работы по сборке и монтажу сборных конструкций,,,,,,,,,,,,"{""code"":""43.99.7"",""description"":""Работы по сборке и монтажу сборных конструкций""}"
b5523ee8-f92f-5bdd-af7a-210742297e8b,7728380537,7728380537,activity,10,,,,other,,71.12.2,"Деятельность заказчика-застройщика, генерального подрядчика",,,,,,,,,,,,"{""code"":""71.12.2"",""description"":""Деятельность заказчика-застройщика, генерального подрядчика""}"
b5523ee8-f92f-5bdd-af7a-210742297e8b,7728380537,7728380537,activity,11,,,,other,,42.22.2,Строительство местных линий электропередачи и связи,,,,,,,,,,,,"{""code"":""42.22.2"",""description"":""Строительство местных линий электропередачи и связи""}"
b5523ee8-f92f-5bdd-af7a-210742297e8b,7728380537,7728380537,activity,12,,,,other,,42.21,"Строительство инженерных коммуникаций для водоснабжения и водоотведения, газоснабжения",,,,,,,,,,,,"{""code"":""42.21"",""description"":""Строительство инженерных коммуникаций для водоснабжения и водоотведения, газоснабжения""}"
b5523ee8-f92f-5bdd-af7a-210742297e8b,7728380537,7728380537,activity,13,,,,other,,43.29,Производство прочих строительно-монтажных работ,,,,,,,,,,,,"{""code"":""43.29"",""description"":""Производство прочих строительно-монтажных работ""}"
b5523ee8-f92f-5bdd-af7a-210742297e8b,7728380537,7728380537,activity,14,,,,other,,43.12,Подготовка строительной площадки,,,,,,,,,,,,"{""code"":""43.12"",""description"":""Подготовка строительной площадки""}"
b5523ee8-f92f-5bdd-af7a-210742297e8b,7728380537,7728380537,activity,15,,,,other,,43.33,Работы по устройству покрытий полов и облицовке стен,,,,,,,,,,,,"{""code"":""43.33"",""description"":""Работы по устройству покрытий полов и облицовке стен""}"
b5523ee8-f92f-5bdd-af7a-210742297e8b,7728380537,7728380537,activity,16,,,,other,,43.91,Производство кровельных работ,,,,,,,,,,,,"{""code"":""43.91"",""description"":""Производство кровельных работ""}"
b5523ee8-f92f-5bdd-af7a-210742297e8b,7728380537,7728380537,activity,17,,,,other,,43.99.5,Работы по монтажу стальных строительных конструкций,,,,,,,,,,,,"{""code"":""43.99.5"",""description"":""Работы по монтажу стальных строительных конструкций""}"
b5523ee8-f92f-5bdd-af7a-210742297e8b,7728380537,7728380537,activity,18,,,,other,,43.99.2,Работы по установке строительных лесов и подмостей,,,,,,,,,,,,"{""code"":""43.99.2"",""description"":""Работы по установке строительных лесов и подмостей""}"
b5523ee8-f92f-5bdd-af7a-210742297e8b,7728380537,7728380537,activity,19,,,,other,,43.99.9,"Работы строительные специализированные, не включенные в другие группировки",,,,,,,,,,,,"{""code"":""43.99.9"",""description"":""Работы строительные специализированные, не включенные в другие группировки""}"
b5523ee8-f92f-5bdd-af7a-210742297e8b,7728380537,7728380537,activity,20,,,,other,,71.12.45,"Создание геодезической, нивелирной, гравиметрической сетей",,,,,,,,,,,,"{""code"":""71.12.45"",""description"":""Создание геодезической, нивелирной, гравиметрической сетей""}"
b5523ee8-f92f-5bdd-af7a-210742297e8b,7728380537,7728380537,activity,21,,,,other,,41.10,Разработка строительных проектов,,,,,,,,,,,,"{""code"":""41.10"",""description"":""Разработка строительных проектов""}"
b5523ee8-f92f-5bdd-af7a-210742297e8b,7728380537,7728380537,activity,22,,,,other,,42.22,Строительство коммунальных объектов для обеспечения электроэнергией и телекоммуникациями,,,,,,,,,,,,"{""code"":""42.22"",""description"":""Строительство коммунальных объектов для обеспечения электроэнергией и телекоммуникациями""}"
b5523ee8-f92f-5bdd-af7a-210742297e8b,7728380537,7728380537,activity,23,,,,other,,42.99,"Строительство прочих инженерных сооружений, не включенных в другие группировки",,,,,,,,,,,,"{""code"":""42.99"",""description"":""Строительство прочих инженерных сооружений, не включенных в другие группировки""}"
b5523ee8-f92f-5bdd-af7a-210742297e8b,7728380537,7728380537,activity,24,,,,other,,43.12.3,Производство земляных работ,,,,,,,,,,,,"{""code"":""43.12.3"",""description"":""Производство земляных работ""}"
b5523ee8-f92f-5bdd-af7a-210742297e8b,7728380537,7728380537,activity,25,,,,other,,43.31,Производство штукатурных работ,,,,,,,,,,,,"{""code"":""43.31"",""description"":""Производство штукатурных работ""}"
b5523ee8-f92f-5bdd-af7a-210742297e8b,7728380537,7728380537,activity,26,,,,other,,43.99,"Работы строительные специализированные прочие, не включенные в другие группировки",,,,,,,,,,,,"{""code"":""43.99"",""description"":""Работы строительные специализированные прочие, не включенные в другие группировки""}"
b5523ee8-f92f-5bdd-af7a-210742297e8b,7728380537,7728380537,activity,27,,,,other,,43.34,Производство малярных и стекольных работ,,,,,,,,,,,,"{""code"":""43.34"",""description"":""Производство малярных и стекольных работ""}"
b5523ee8-f92f-5bdd-af7a-210742297e8b,7728380537,7728380537,activity,28,,,,other,,43.99.3,Работы свайные и работы по строительству фундаментов,,,,,,,,,,,,"{""code"":""43.99.3"",""description"":""Работы свайные и работы по строительству фундаментов""}"
b5523ee8-f92f-5bdd-af7a-210742297e8b,7728380537,7728380537,activity,29,,,,other,,71.12,"Деятельность в области инженерных изысканий, инженерно-технического проектирования, управления проектами строительства, выполнения строительного контроля и авторского надзора, предоставление технических консультаций в этих областях",,,,,,,,,,,,"{""code"":""71.12"",""description"":""Деятельность в области инженерных изысканий, инженерно-технического проектирования, управления проектами строительства, выполнения строительного контроля и авторского надзора, предоставление технических консультаций в этих областях""}"
b5523ee8-f92f-5bdd-af7a-210742297e8b,7728380537,7728380537,activity,30,,,,other,,43.99.6,Работы каменные и кирпичные,,,,,,,,,,,,"{""code"":""43.99.6"",""description"":""Работы каменные и кирпичные""}"
b5523ee8-f92f-5bdd-af7a-210742297e8b,7728380537,7728380537,activity,31,,,,other,,43.21,Производство электромонтажных работ,,,,,,,,,,,,"{""code"":""43.21"",""description"":""Производство электромонтажных работ""}"
b5523ee8-f92f-5bdd-af7a-210742297e8b,7728380537,7728380537,activity,32,,,,other,,46.73,"Торговля оптовая лесоматериалами, строительными материалами и санитарно-техническим оборудованием",,,,,,,,,,,,"{""code"":""46.73"",""description"":""Торговля оптовая лесоматериалами, строительными материалами и санитарно-техническим оборудованием""}"
b5523ee8-f92f-5bdd-af7a-210742297e8b,7728380537,7728380537,activity,33,,,,other,,46.90,Торговля оптовая неспециализированная,,,,,,,,,,,,"{""code"":""46.90"",""description"":""Торговля оптовая неспециализированная""}"
b5523ee8-f92f-5bdd-af7a-210742297e8b,7728380537,7728380537,activity,34,,,,other,,46.74,"Торговля оптовая скобяными изделиями, водопроводным и отопительным оборудованием и принадлежностями",,,,,,,,,,,,"{""code"":""46.74"",""description"":""Торговля оптовая скобяными изделиями, водопроводным и отопительным оборудованием и принадлежностями""}"
b5523ee8-f92f-5bdd-af7a-210742297e8b,7728380537,7728380537,activity,35,,,,other,,46.73.6,Торговля оптовая прочими строительными материалами и изделиями,,,,,,,,,,,,"{""code"":""46.73.6"",""description"":""Торговля оптовая прочими строительными материалами и изделиями""}"
b5523ee8-f92f-5bdd-af7a-210742297e8b,7728380537,7728380537,activity,36,,,,other,,46.73.1,Торговля оптовая древесным сырьем и необработанными лесоматериалами,,,,,,,,,,,,"{""code"":""46.73.1"",""description"":""Торговля оптовая древесным сырьем и необработанными лесоматериалами""}"
b5523ee8-f92f-5bdd-af7a-210742297e8b,7728380537,7728380537,activity,37,,,,other,,46.13.2,Деятельность агентов по оптовой торговле строительными материалами,,,,,,,,,,,,"{""code"":""46.13.2"",""description"":""Деятельность агентов по оптовой торговле строительными материалами""}"
b5523ee8-f92f-5bdd-af7a-210742297e8b,7728380537,7728380537,activity,38,,,,other,,46.72.2,Торговля оптовая металлами в первичных формах,,,,,,,,,,,,"{""code"":""46.72.2"",""description"":""Торговля оптовая металлами в первичных формах""}"
b5523ee8-f92f-5bdd-af7a-210742297e8b,7728380537,7728380537,activity,39,,,,other,,46.72,Торговля оптовая металлами и металлическими рудами,,,,,,,,,,,,"{""code"":""46.72"",""description"":""Торговля оптовая металлами и металлическими рудами""}"
b5523ee8-f92f-5bdd-af7a-210742297e8b,7728380537,7728380537,tax_system,0,Общая система налогообложения,,,tax_system,,ОСНО,,,,,,,,,,,,,"{""fullName"":""Общая система налогообложения"",""shortName"":""ОСНО""}"
cb60b150-aae0-5bc9-aeb1-8995097ee9bc,5001146298,5001146298,founder,0,МАЛКИН СЕРГЕЙ НИКОЛАЕВИЧ,333411752602,,founder,,,,100,10000,2022-07-11T21:00:00.000Z,True,,,,,,,,"{""name"":""МАЛКИН СЕРГЕЙ НИКОЛАЕВИЧ"",""inn"":""333411752602"",""amount"":10000,""share"":100,""dateFrom"":{""$date"":""2022-07-11T21:00:00.000Z""},""active"":true}"
cb60b150-aae0-5bc9-aeb1-8995097ee9bc,5001146298,5001146298,director,0,МАЛКИН СЕРГЕЙ НИКОЛАЕВИЧ,333411752602,,director,ГЕНЕРАЛЬНЫЙ ДИРЕКТОР,,,,,2022-07-11T21:00:00.000Z,,,,,,,,,"{""name"":""МАЛКИН СЕРГЕЙ НИКОЛАЕВИЧ"",""positionName"":""ГЕНЕРАЛЬНЫЙ ДИРЕКТОР"",""inn"":""333411752602"",""positionDate"":{""$date"":""2022-07-11T21:00:00.000Z""}}"
cb60b150-aae0-5bc9-aeb1-8995097ee9bc,5001146298,5001146298,activity,0,,,,main,,41.20,Строительство жилых и нежилых зданий,,,,,,,,,,,,"{""code"":""41.20"",""description"":""Строительство жилых и нежилых зданий""}"
cb60b150-aae0-5bc9-aeb1-8995097ee9bc,5001146298,5001146298,activity,1,,,,other,,25.11,"Производство строительных металлических конструкций, изделий и их частей",,,,,,,,,,,,"{""code"":""25.11"",""description"":""Производство строительных металлических конструкций, изделий и их частей""}"
cb60b150-aae0-5bc9-aeb1-8995097ee9bc,5001146298,5001146298,activity,2,,,,other,,42.99,"Строительство прочих инженерных сооружений, не включенных в другие группировки",,,,,,,,,,,,"{""code"":""42.99"",""description"":""Строительство прочих инженерных сооружений, не включенных в другие группировки""}"
cb60b150-aae0-5bc9-aeb1-8995097ee9bc,5001146298,5001146298,activity,3,,,,other,,42.22.2,Строительство местных линий электропередачи и связи,,,,,,,,,,,,"{""code"":""42.22.2"",""description"":""Строительство местных линий электропередачи и связи""}"
cb60b150-aae0-5bc9-aeb1-8995097ee9bc,5001146298,5001146298,activity,4,,,,other,,77.32,Аренда и лизинг строительных машин и оборудования,,,,,,,,,,,,"{""code"":""77.32"",""description"":""Аренда и лизинг строительных машин и оборудования""}"
cb60b150-aae0-5bc9-aeb1-8995097ee9bc,5001146298,5001146298,activity,5,,,,other,,43.34.2,Производство стекольных работ,,,,,,,,,,,,"{""code"":""43.34.2"",""description"":""Производство стекольных работ""}"
cb60b150-aae0-5bc9-aeb1-8995097ee9bc,5001146298,5001146298,activity,6,,,,other,,43.22,"Производство санитарно-технических работ, монтаж отопительных систем и систем кондиционирования воздуха",,,,,,,,,,,,"{""code"":""43.22"",""description"":""Производство санитарно-технических работ, монтаж отопительных систем и систем кондиционирования воздуха""}"
cb60b150-aae0-5bc9-aeb1-8995097ee9bc,5001146298,5001146298,activity,7,,,,other,,43.91,Производство кровельных работ,,,,,,,,,,,,"{""code"":""43.91"",""description"":""Производство кровельных работ""}"
cb60b150-aae0-5bc9-aeb1-8995097ee9bc,5001146298,5001146298,activity,8,,,,other,,43.99.3,Работы свайные и работы по строительству фундаментов,,,,,,,,,,,,"{""code"":""43.99.3"",""description"":""Работы свайные и работы по строительству фундаментов""}"
cb60b150-aae0-5bc9-aeb1-8995097ee9bc,5001146298,5001146298,activity,9,,,,other,,43.11,Разборка и снос зданий,,,,,,,,,,,,"{""code"":""43.11"",""description"":""Разборка и снос зданий""}"
cb60b150-aae0-5bc9-aeb1-8995097ee9bc,5001146298,5001146298,activity,10,,,,other,,43.99.6,Работы каменные и кирпичные,,,,,,,,,,,,"{""code"":""43.99.6"",""description"":""Работы каменные и кирпичные""}"
cb60b150-aae0-5bc9-aeb1-8995097ee9bc,5001146298,5001146298,activity,11,,,,other,,43.99.5,Работы по монтажу стальных строительных конструкций,,,,,,,,,,,,"{""code"":""43.99.5"",""description"":""Работы по монтажу стальных строительных конструкций""}"
cb60b150-aae0-5bc9-aeb1-8995097ee9bc,5001146298,5001146298,activity,12,,,,other,,43.31,Производство штукатурных работ,,,,,,,,,,,,"{""code"":""43.31"",""description"":""Производство штукатурных работ""}"
cb60b150-aae0-5bc9-aeb1-8995097ee9bc,5001146298,5001146298,activity,13,,,,other,,43.12.2,"Производство дренажных работ на сельскохозяйственных землях, землях лесных территорий, а также на строительных площадках",,,,,,,,,,,,"{""code"":""43.12.2"",""description"":""Производство дренажных работ на сельскохозяйственных землях, землях лесных территорий, а также на строительных площадках""}"
cb60b150-aae0-5bc9-aeb1-8995097ee9bc,5001146298,5001146298,activity,14,,,,other,,49.41,Деятельность автомобильного грузового транспорта,,,,,,,,,,,,"{""code"":""49.41"",""description"":""Деятельность автомобильного грузового транспорта""}"
cb60b150-aae0-5bc9-aeb1-8995097ee9bc,5001146298,5001146298,activity,15,,,,other,,49.42,Предоставление услуг по перевозкам,,,,,,,,,,,,"{""code"":""49.42"",""description"":""Предоставление услуг по перевозкам""}"
cb60b150-aae0-5bc9-aeb1-8995097ee9bc,5001146298,5001146298,activity,16,,,,other,,78.30,Деятельность по подбору персонала прочая,,,,,,,,,,,,"{""code"":""78.30"",""description"":""Деятельность по подбору персонала прочая""}"
cb60b150-aae0-5bc9-aeb1-8995097ee9bc,5001146298,5001146298,activity,17,,,,other,,43.32.2,"Работы по установке внутренних лестниц, встроенных шкафов, встроенного кухонного оборудования",,,,,,,,,,,,"{""code"":""43.32.2"",""description"":""Работы по установке внутренних лестниц, встроенных шкафов, встроенного кухонного оборудования""}"
cb60b150-aae0-5bc9-aeb1-8995097ee9bc,5001146298,5001146298,activity,18,,,,other,,82.99,"Деятельность по предоставлению прочих вспомогательных услуг для бизнеса, не включенная в другие группировки",,,,,,,,,,,,"{""code"":""82.99"",""description"":""Деятельность по предоставлению прочих вспомогательных услуг для бизнеса, не включенная в другие группировки""}"
cb60b150-aae0-5bc9-aeb1-8995097ee9bc,5001146298,5001146298,activity,19,,,,other,,42.13,Строительство мостов и тоннелей,,,,,,,,,,,,"{""code"":""42.13"",""description"":""Строительство мостов и тоннелей""}"
cb60b150-aae0-5bc9-aeb1-8995097ee9bc,5001146298,5001146298,activity,20,,,,other,,43.32.3,"Производство работ по внутренней отделке зданий (включая потолки, раздвижные и съемные перегородки и т.д.)",,,,,,,,,,,,"{""code"":""43.32.3"",""description"":""Производство работ по внутренней отделке зданий (включая потолки, раздвижные и съемные перегородки и т.д.)""}"
cb60b150-aae0-5bc9-aeb1-8995097ee9bc,5001146298,5001146298,activity,21,,,,other,,43.12.3,Производство земляных работ,,,,,,,,,,,,"{""code"":""43.12.3"",""description"":""Производство земляных работ""}"
cb60b150-aae0-5bc9-aeb1-8995097ee9bc,5001146298,5001146298,activity,22,,,,other,,42.21,"Строительство инженерных коммуникаций для водоснабжения и водоотведения, газоснабжения",,,,,,,,,,,,"{""code"":""42.21"",""description"":""Строительство инженерных коммуникаций для водоснабжения и водоотведения, газоснабжения""}"
cb60b150-aae0-5bc9-aeb1-8995097ee9bc,5001146298,5001146298,activity,23,,,,other,,43.99.2,Работы по установке строительных лесов и подмостей,,,,,,,,,,,,"{""code"":""43.99.2"",""description"":""Работы по установке строительных лесов и подмостей""}"
cb60b150-aae0-5bc9-aeb1-8995097ee9bc,5001146298,5001146298,activity,24,,,,other,,43.33,Работы по устройству покрытий полов и облицовке стен,,,,,,,,,,,,"{""code"":""43.33"",""description"":""Работы по устройству покрытий полов и облицовке стен""}"
cb60b150-aae0-5bc9-aeb1-8995097ee9bc,5001146298,5001146298,activity,25,,,,other,,43.13,Разведочное бурение,,,,,,,,,,,,"{""code"":""43.13"",""description"":""Разведочное бурение""}"
cb60b150-aae0-5bc9-aeb1-8995097ee9bc,5001146298,5001146298,activity,26,,,,other,,43.34,Производство малярных и стекольных работ,,,,,,,,,,,,"{""code"":""43.34"",""description"":""Производство малярных и стекольных работ""}"
cb60b150-aae0-5bc9-aeb1-8995097ee9bc,5001146298,5001146298,activity,27,,,,other,,68.10,Покупка и продажа собственного недвижимого имущества,,,,,,,,,,,,"{""code"":""68.10"",""description"":""Покупка и продажа собственного недвижимого имущества""}"
cb60b150-aae0-5bc9-aeb1-8995097ee9bc,5001146298,5001146298,activity,28,,,,other,,43.39,Производство прочих отделочных и завершающих работ,,,,,,,,,,,,"{""code"":""43.39"",""description"":""Производство прочих отделочных и завершающих работ""}"
cb60b150-aae0-5bc9-aeb1-8995097ee9bc,5001146298,5001146298,activity,29,,,,other,,42.12,Строительство железных дорог и метро,,,,,,,,,,,,"{""code"":""42.12"",""description"":""Строительство железных дорог и метро""}"
cb60b150-aae0-5bc9-aeb1-8995097ee9bc,5001146298,5001146298,activity,30,,,,other,,43.99.7,Работы по сборке и монтажу сборных конструкций,,,,,,,,,,,,"{""code"":""43.99.7"",""description"":""Работы по сборке и монтажу сборных конструкций""}"
cb60b150-aae0-5bc9-aeb1-8995097ee9bc,5001146298,5001146298,activity,31,,,,other,,46.90,Торговля оптовая неспециализированная,,,,,,,,,,,,"{""code"":""46.90"",""description"":""Торговля оптовая неспециализированная""}"
cb60b150-aae0-5bc9-aeb1-8995097ee9bc,5001146298,5001146298,activity,32,,,,other,,43.99.9,"Работы строительные специализированные, не включенные в другие группировки",,,,,,,,,,,,"{""code"":""43.99.9"",""description"":""Работы строительные специализированные, не включенные в другие группировки""}"
cb60b150-aae0-5bc9-aeb1-8995097ee9bc,5001146298,5001146298,activity,33,,,,other,,43.12,Подготовка строительной площадки,,,,,,,,,,,,"{""code"":""43.12"",""description"":""Подготовка строительной площадки""}"
cb60b150-aae0-5bc9-aeb1-8995097ee9bc,5001146298,5001146298,activity,34,,,,other,,43.32.1,"Установка дверей (кроме автоматических и вращающихся), окон, дверных и оконных рам из дерева или прочих материалов",,,,,,,,,,,,"{""code"":""43.32.1"",""description"":""Установка дверей (кроме автоматических и вращающихся), окон, дверных и оконных рам из дерева или прочих материалов""}"
cb60b150-aae0-5bc9-aeb1-8995097ee9bc,5001146298,5001146298,activity,35,,,,other,,43.12.4,"Подготовка участка к разработке и добыче полезных ископаемых, за исключением нефтяных и газовых участков",,,,,,,,,,,,"{""code"":""43.12.4"",""description"":""Подготовка участка к разработке и добыче полезных ископаемых, за исключением нефтяных и газовых участков""}"
cb60b150-aae0-5bc9-aeb1-8995097ee9bc,5001146298,5001146298,activity,36,,,,other,,43.99.4,Работы бетонные и железобетонные,,,,,,,,,,,,"{""code"":""43.99.4"",""description"":""Работы бетонные и железобетонные""}"
cb60b150-aae0-5bc9-aeb1-8995097ee9bc,5001146298,5001146298,activity,37,,,,other,,42.22.3,Строительство электростанций,,,,,,,,,,,,"{""code"":""42.22.3"",""description"":""Строительство электростанций""}"
cb60b150-aae0-5bc9-aeb1-8995097ee9bc,5001146298,5001146298,activity,38,,,,other,,71.12,"Деятельность в области инженерных изысканий, инженерно-технического проектирования, управления проектами строительства, выполнения строительного контроля и авторского надзора, предоставление технических консультаций в этих областях",,,,,,,,,,,,"{""code"":""71.12"",""description"":""Деятельность в области инженерных изысканий, инженерно-технического проектирования, управления проектами строительства, выполнения строительного контроля и авторского надзора, предоставление технических консультаций в этих областях""}"
cb60b150-aae0-5bc9-aeb1-8995097ee9bc,5001146298,5001146298,activity,39,,,,other,,43.12.1,Расчистка территории строительной площадки,,,,,,,,,,,,"{""code"":""43.12.1"",""description"":""Расчистка территории строительной площадки""}"
cb60b150-aae0-5bc9-aeb1-8995097ee9bc,5001146298,5001146298,activity,40,,,,other,,43.29,Производство прочих строительно-монтажных работ,,,,,,,,,,,,"{""code"":""43.29"",""description"":""Производство прочих строительно-монтажных работ""}"
cb60b150-aae0-5bc9-aeb1-8995097ee9bc,5001146298,5001146298,activity,41,,,,other,,42.91,Строительство водных сооружений,,,,,,,,,,,,"{""code"":""42.91"",""description"":""Строительство водных сооружений""}"
cb60b150-aae0-5bc9-aeb1-8995097ee9bc,5001146298,5001146298,activity,42,,,,other,,52.24,Транспортная обработка грузов,,,,,,,,,,,,"{""code"":""52.24"",""description"":""Транспортная обработка грузов""}"
cb60b150-aae0-5bc9-aeb1-8995097ee9bc,5001146298,5001146298,activity,43,,,,other,,68.20,Аренда и управление собственным или арендованным недвижимым имуществом,,,,,,,,,,,,"{""code"":""68.20"",""description"":""Аренда и управление собственным или арендованным недвижимым имуществом""}"
cb60b150-aae0-5bc9-aeb1-8995097ee9bc,5001146298,5001146298,activity,44,,,,other,,42.11,Строительство автомобильных дорог и автомагистралей,,,,,,,,,,,,"{""code"":""42.11"",""description"":""Строительство автомобильных дорог и автомагистралей""}"
cb60b150-aae0-5bc9-aeb1-8995097ee9bc,5001146298,5001146298,activity,45,,,,other,,52.29,"Деятельность вспомогательная прочая, связанная с перевозками",,,,,,,,,,,,"{""code"":""52.29"",""description"":""Деятельность вспомогательная прочая, связанная с перевозками""}"
cb60b150-aae0-5bc9-aeb1-8995097ee9bc,5001146298,5001146298,activity,46,,,,other,,43.32,Работы столярные и плотничные,,,,,,,,,,,,"{""code"":""43.32"",""description"":""Работы столярные и плотничные""}"
cb60b150-aae0-5bc9-aeb1-8995097ee9bc,5001146298,5001146298,activity,47,,,,other,,41.10,Разработка строительных проектов,,,,,,,,,,,,"{""code"":""41.10"",""description"":""Разработка строительных проектов""}"
cb60b150-aae0-5bc9-aeb1-8995097ee9bc,5001146298,5001146298,activity,48,,,,other,,43.21,Производство электромонтажных работ,,,,,,,,,,,,"{""code"":""43.21"",""description"":""Производство электромонтажных работ""}"
cb60b150-aae0-5bc9-aeb1-8995097ee9bc,5001146298,5001146298,activity,49,,,,other,,42.22,Строительство коммунальных объектов для обеспечения электроэнергией и телекоммуникациями,,,,,,,,,,,,"{""code"":""42.22"",""description"":""Строительство коммунальных объектов для обеспечения электроэнергией и телекоммуникациями""}"
cb60b150-aae0-5bc9-aeb1-8995097ee9bc,5001146298,5001146298,activity,50,,,,other,,46.73,"Торговля оптовая лесоматериалами, строительными материалами и санитарно-техническим оборудованием",,,,,,,,,,,,"{""code"":""46.73"",""description"":""Торговля оптовая лесоматериалами, строительными материалами и санитарно-техническим оборудованием""}"
cb60b150-aae0-5bc9-aeb1-8995097ee9bc,5001146298,5001146298,tax_system,0,Общая система налогообложения,,,tax_system,,ОСНО,,,,,,,,,,,,,"{""fullName"":""Общая система налогообложения"",""shortName"":""ОСНО""}"
09f88f34-447c-5e8c-af75-d9bcc4828f23,3666269345,3666269345,director,0,СЕРГЕЕВ ДЕНИС АЛЕКСАНДРОВИЧ,481744431846,,director,ПРЕДСЕДАТЕЛЬ,,,,,2025-09-15T21:00:00.000Z,,,,,,,,,"{""name"":""СЕРГЕЕВ ДЕНИС АЛЕКСАНДРОВИЧ"",""positionName"":""ПРЕДСЕДАТЕЛЬ"",""inn"":""481744431846"",""positionDate"":{""$date"":""2025-09-15T21:00:00.000Z""}}"
09f88f34-447c-5e8c-af75-d9bcc4828f23,3666269345,3666269345,related_company,0,"ООО ""ПЕРВЫЙ ИНВЕСТИЦИОННЫЙ ХОЛДИНГ""",9701289404,1247700436048,related_company,,,,,,,,2024-06-16T21:00:00.000Z,,,,,АКИНЬШИН ИГОРЬ ИГОРЕВИЧ,ПРЕЗИДЕНТ ПРАВЛЕНИЯ,"{""inn"":""9701289404"",""ogrn"":""1247700436048"",""name"":""ООО \""ПЕРВЫЙ ИНВЕСТИЦИОННЫЙ ХОЛДИНГ\"""",""registrationDate"":{""$date"":""2024-06-16T21:00:00.000Z""},""authPersonName"":""АКИНЬШИН ИГОРЬ ИГОРЕВИЧ"",""authPersonPosition"":""ПРЕЗИДЕНТ ПРАВЛЕНИЯ""}"
09f88f34-447c-5e8c-af75-d9bcc4828f23,3666269345,3666269345,related_company,1,"ООО МК ""ЗЕНИТ""",9722053738,1237700583152,related_company,,,,,,,,2023-08-31T21:00:00.000Z,,,,,АКИНЬШИН ИГОРЬ ИГОРЕВИЧ,ПРЕЗИДЕНТ ПРАВЛЕНИЯ,"{""inn"":""9722053738"",""ogrn"":""1237700583152"",""name"":""ООО МК \""ЗЕНИТ\"""",""registrationDate"":{""$date"":""2023-08-31T21:00:00.000Z""},""authPersonName"":""АКИНЬШИН ИГОРЬ ИГОРЕВИЧ"",""authPersonPosition"":""ПРЕЗИДЕНТ ПРАВЛЕНИЯ""}"
09f88f34-447c-5e8c-af75-d9bcc4828f23,3666269345,3666269345,related_company,2,"ООО ""ЗЕНИТ""",3625016592,1193668021711,related_company,,,,,,,,2019-05-30T21:00:00.000Z,,,,,АКИНЬШИН ИГОРЬ ИГОРЕВИЧ,ГЕНЕРАЛЬНЫЙ ДИРЕКТОР,"{""inn"":""3625016592"",""ogrn"":""1193668021711"",""name"":""ООО \""ЗЕНИТ\"""",""registrationDate"":{""$date"":""2019-05-30T21:00:00.000Z""},""authPersonName"":""АКИНЬШИН ИГОРЬ ИГОРЕВИЧ"",""authPersonPosition"":""ГЕНЕРАЛЬНЫЙ ДИРЕКТОР""}"
09f88f34-447c-5e8c-af75-d9bcc4828f23,3666269345,3666269345,related_company,3,ИП АКИНЬШИН ИГОРЬ ИГОРЕВИЧ,366607783582,314366825100142,related_company,,,,,,,,,,,,,,,"{""inn"":""366607783582"",""ogrn"":""314366825100142"",""name"":""ИП АКИНЬШИН ИГОРЬ ИГОРЕВИЧ""}"
09f88f34-447c-5e8c-af75-d9bcc4828f23,3666269345,3666269345,related_company,4,"ООО ""АКИНЬШИН БЕЗ ПАРТНЕРОВ""",3666267901,1233600014790,related_company,,,,,,,,2023-08-23T21:00:00.000Z,,,,,АКИНЬШИН ИГОРЬ ИГОРЕВИЧ,УПРАВЛЯЮЩИЙ ИНДИВИДУАЛЬНЫЙ ПРЕДПРИНИМАТЕЛЬ,"{""inn"":""3666267901"",""ogrn"":""1233600014790"",""name"":""ООО \""АКИНЬШИН БЕЗ ПАРТНЕРОВ\"""",""registrationDate"":{""$date"":""2023-08-23T21:00:00.000Z""},""authPersonName"":""АКИНЬШИН ИГОРЬ ИГОРЕВИЧ"",""authPersonPosition"":""УПРАВЛЯЮЩИЙ ИНДИВИДУАЛЬНЫЙ ПРЕДПРИНИМАТЕЛЬ""}"
09f88f34-447c-5e8c-af75-d9bcc4828f23,3666269345,3666269345,activity,0,,,,main,,94.99,"Деятельность прочих общественных организаций и некоммерческих организаций, кроме религиозных и политических организаций",,,,,,,,,,,,"{""code"":""94.99"",""description"":""Деятельность прочих общественных организаций и некоммерческих организаций, кроме религиозных и политических организаций""}"
09f88f34-447c-5e8c-af75-d9bcc4828f23,3666269345,3666269345,activity,1,,,,other,,58.11.2,"Издание книг, брошюр, рекламных буклетов и аналогичных изданий, включая издание словарей и энциклопедий на электронных носителях",,,,,,,,,,,,"{""code"":""58.11.2"",""description"":""Издание книг, брошюр, рекламных буклетов и аналогичных изданий, включая издание словарей и энциклопедий на электронных носителях""}"
09f88f34-447c-5e8c-af75-d9bcc4828f23,3666269345,3666269345,activity,2,,,,other,,58.19,Виды издательской деятельности прочие,,,,,,,,,,,,"{""code"":""58.19"",""description"":""Виды издательской деятельности прочие""}"
09f88f34-447c-5e8c-af75-d9bcc4828f23,3666269345,3666269345,activity,3,,,,other,,18.12,Прочие виды полиграфической деятельности,,,,,,,,,,,,"{""code"":""18.12"",""description"":""Прочие виды полиграфической деятельности""}"
09f88f34-447c-5e8c-af75-d9bcc4828f23,3666269345,3666269345,activity,4,,,,other,,82.30,Деятельность по организации конференций и выставок,,,,,,,,,,,,"{""code"":""82.30"",""description"":""Деятельность по организации конференций и выставок""}"
09f88f34-447c-5e8c-af75-d9bcc4828f23,3666269345,3666269345,tax_system,0,Общая система налогообложения,,,tax_system,,ОСНО,,,,,,,,,,,,,"{""fullName"":""Общая система налогообложения"",""shortName"":""ОСНО""}"
fdf77a3c-89ce-5cb6-805e-0ac40aa7dea3,1650051822,1650051822,director,0,ГИЛЯЗОВ АРСЕН МАНСУРОВИЧ,165042616264,,director,ПРЕДСЕДАТЕЛЬ,,,,,2014-02-12T20:00:00.000Z,,,,,,,,,"{""name"":""ГИЛЯЗОВ АРСЕН МАНСУРОВИЧ"",""positionName"":""ПРЕДСЕДАТЕЛЬ"",""inn"":""165042616264"",""positionDate"":{""$date"":""2014-02-12T20:00:00.000Z""}}"
fdf77a3c-89ce-5cb6-805e-0ac40aa7dea3,1650051822,1650051822,activity,0,,,,main,,52.21.24,Деятельность стоянок для транспортных средств,,,,,,,,,,,,"{""code"":""52.21.24"",""description"":""Деятельность стоянок для транспортных средств""}"
fdf77a3c-89ce-5cb6-805e-0ac40aa7dea3,1650051822,1650051822,phone,0,,,,phone,,,,,,,,,,,855,2427375,,,"{""phoneCode"":""855"",""phoneNumber"":""2427375""}"
fdf77a3c-89ce-5cb6-805e-0ac40aa7dea3,1650051822,1650051822,phone,1,,,,phone,,,,,,,,,,,855,2770375,,,"{""phoneCode"":""855"",""phoneNumber"":""2770375""}"
fdf77a3c-89ce-5cb6-805e-0ac40aa7dea3,1650051822,1650051822,phone,2,,,,phone,,,,,,,,,,,917,2586806,,,"{""phoneCode"":""917"",""phoneNumber"":""2586806""}"
fdf77a3c-89ce-5cb6-805e-0ac40aa7dea3,1650051822,1650051822,tax_system,0,Общая система налогообложения,,,tax_system,,ОСНО,,,,,,,,,,,,,"{""fullName"":""Общая система налогообложения"",""shortName"":""ОСНО""}"
2b04ed91-ad4f-50cc-bf46-97f861780978,234803704704,234803704704,related_company,0,"ООО ""РАДУГА""",2310090664,1042305686906,related_company,,,,,,,,2004-02-17T21:00:00.000Z,,,,,МАЗУР ВАЛЕРИЙ НИКОЛАЕВИЧ,ДИРЕКТОР,"{""inn"":""2310090664"",""ogrn"":""1042305686906"",""name"":""ООО \""РАДУГА\"""",""registrationDate"":{""$date"":""2004-02-17T21:00:00.000Z""},""authPersonName"":""МАЗУР ВАЛЕРИЙ НИКОЛАЕВИЧ"",""authPersonPosition"":""ДИРЕКТОР""}"
2b04ed91-ad4f-50cc-bf46-97f861780978,234803704704,234803704704,activity,0,,,,main,,43.21,Производство электромонтажных работ,,,,,,,,,,,,"{""code"":""43.21"",""description"":""Производство электромонтажных работ""}"
2b04ed91-ad4f-50cc-bf46-97f861780978,234803704704,234803704704,activity,1,,,,other,,41.10,Разработка строительных проектов,,,,,,,,,,,,"{""code"":""41.10"",""description"":""Разработка строительных проектов""}"
2b04ed91-ad4f-50cc-bf46-97f861780978,234803704704,234803704704,activity,2,,,,other,,43.29,Производство прочих строительно-монтажных работ,,,,,,,,,,,,"{""code"":""43.29"",""description"":""Производство прочих строительно-монтажных работ""}"
2b04ed91-ad4f-50cc-bf46-97f861780978,234803704704,234803704704,activity,3,,,,other,,43.22,"Производство санитарно-технических работ, монтаж отопительных систем и систем кондиционирования воздуха",,,,,,,,,,,,"{""code"":""43.22"",""description"":""Производство санитарно-технических работ, монтаж отопительных систем и систем кондиционирования воздуха""}"
2b04ed91-ad4f-50cc-bf46-97f861780978,234803704704,234803704704,activity,4,,,,other,,42.99,"Строительство прочих инженерных сооружений, не включенных в другие группировки",,,,,,,,,,,,"{""code"":""42.99"",""description"":""Строительство прочих инженерных сооружений, не включенных в другие группировки""}"
2b04ed91-ad4f-50cc-bf46-97f861780978,234803704704,234803704704,activity,5,,,,other,,81.10,Деятельность по комплексному обслуживанию помещений,,,,,,,,,,,,"{""code"":""81.10"",""description"":""Деятельность по комплексному обслуживанию помещений""}"
2b04ed91-ad4f-50cc-bf46-97f861780978,234803704704,234803704704,activity,6,,,,other,,41.20,Строительство жилых и нежилых зданий,,,,,,,,,,,,"{""code"":""41.20"",""description"":""Строительство жилых и нежилых зданий""}"
2b04ed91-ad4f-50cc-bf46-97f861780978,234803704704,234803704704,activity,7,,,,other,,80.20,Деятельность систем обеспечения безопасности,,,,,,,,,,,,"{""code"":""80.20"",""description"":""Деятельность систем обеспечения безопасности""}"
2b04ed91-ad4f-50cc-bf46-97f861780978,234803704704,234803704704,activity,8,,,,other,,43.12,Подготовка строительной площадки,,,,,,,,,,,,"{""code"":""43.12"",""description"":""Подготовка строительной площадки""}"
8f7166fa-496f-5205-b55e-4f08cb11b658,501207152100,501207152100,related_company,0,"ООО ""ВЗВ""",7721705169,1107746824437,related_company,,,,,,,,2010-10-07T20:00:00.000Z,,,,,БОБКОВА ЕЛЕНА НИКОЛАЕВНА,Генеральный директор,"{""inn"":""7721705169"",""ogrn"":""1107746824437"",""name"":""ООО \""ВЗВ\"""",""registrationDate"":{""$date"":""2010-10-07T20:00:00.000Z""},""authPersonName"":""БОБКОВА ЕЛЕНА НИКОЛАЕВНА"",""authPersonPosition"":""Генеральный директор""}"
8f7166fa-496f-5205-b55e-4f08cb11b658,501207152100,501207152100,activity,0,,,,main,,73.11,Деятельность рекламных агентств,,,,,,,,,,,,"{""code"":""73.11"",""description"":""Деятельность рекламных агентств""}"
8f7166fa-496f-5205-b55e-4f08cb11b658,501207152100,501207152100,activity,1,,,,other,,70.22,Консультирование по вопросам коммерческой деятельности и управления,,,,,,,,,,,,"{""code"":""70.22"",""description"":""Консультирование по вопросам коммерческой деятельности и управления""}"
8f7166fa-496f-5205-b55e-4f08cb11b658,501207152100,501207152100,activity,2,,,,other,,73.20,Исследование конъюнктуры рынка и изучение общественного мнения,,,,,,,,,,,,"{""code"":""73.20"",""description"":""Исследование конъюнктуры рынка и изучение общественного мнения""}"
8f7166fa-496f-5205-b55e-4f08cb11b658,501207152100,501207152100,activity,3,,,,other,,47.99,"Торговля розничная прочая вне магазинов, палаток, рынков",,,,,,,,,,,,"{""code"":""47.99"",""description"":""Торговля розничная прочая вне магазинов, палаток, рынков""}"
8f7166fa-496f-5205-b55e-4f08cb11b658,501207152100,501207152100,activity,4,,,,other,,68.20,Аренда и управление собственным или арендованным недвижимым имуществом,,,,,,,,,,,,"{""code"":""68.20"",""description"":""Аренда и управление собственным или арендованным недвижимым имуществом""}"
8f7166fa-496f-5205-b55e-4f08cb11b658,501207152100,501207152100,activity,5,,,,other,,47.91,Торговля розничная по почте или по информационно-коммуникационной сети Интернет,,,,,,,,,,,,"{""code"":""47.91"",""description"":""Торговля розничная по почте или по информационно-коммуникационной сети Интернет""}"
8f7166fa-496f-5205-b55e-4f08cb11b658,501207152100,501207152100,activity,6,,,,other,,46.90,Торговля оптовая неспециализированная,,,,,,,,,,,,"{""code"":""46.90"",""description"":""Торговля оптовая неспециализированная""}"
8f7166fa-496f-5205-b55e-4f08cb11b658,501207152100,501207152100,activity,7,,,,other,,82.99,"Деятельность по предоставлению прочих вспомогательных услуг для бизнеса, не включенная в другие группировки",,,,,,,,,,,,"{""code"":""82.99"",""description"":""Деятельность по предоставлению прочих вспомогательных услуг для бизнеса, не включенная в другие группировки""}"
197c8b68-2db5-5181-8c9b-6f0b2a5ad489,7449088645,7449088645,founder,0,ГАРБУЗОВ ЕВГЕНИЙ ВАСИЛЬЕВИЧ,742400495236,,founder,,,,100,10000,2014-04-22T20:00:00.000Z,True,,,,,,,,"{""name"":""ГАРБУЗОВ ЕВГЕНИЙ ВАСИЛЬЕВИЧ"",""inn"":""742400495236"",""amount"":10000,""share"":100,""dateFrom"":{""$date"":""2014-04-22T20:00:00.000Z""},""active"":true}"
197c8b68-2db5-5181-8c9b-6f0b2a5ad489,7449088645,7449088645,director,0,ГАРБУЗОВ ЕВГЕНИЙ ВАСИЛЬЕВИЧ,742400495236,,director,ГЕНЕРАЛЬНЫЙ ДИРЕКТОР,,,,,2018-11-12T21:00:00.000Z,,,,,,,,,"{""name"":""ГАРБУЗОВ ЕВГЕНИЙ ВАСИЛЬЕВИЧ"",""positionName"":""ГЕНЕРАЛЬНЫЙ ДИРЕКТОР"",""inn"":""742400495236"",""positionDate"":{""$date"":""2018-11-12T21:00:00.000Z""}}"
197c8b68-2db5-5181-8c9b-6f0b2a5ad489,7449088645,7449088645,related_company,0,"ООО ""ТД ""УФАНЕФТЕМАШ""",9102232582,1179102019799,related_company,,,,,,,,2017-08-08T21:00:00.000Z,,,,,САФИУЛЛИН ТИМУР РАШИДОВИЧ,ДИРЕКТОР,"{""inn"":""9102232582"",""ogrn"":""1179102019799"",""name"":""ООО \""ТД \""УФАНЕФТЕМАШ\"""",""registrationDate"":{""$date"":""2017-08-08T21:00:00.000Z""},""authPersonName"":""САФИУЛЛИН ТИМУР РАШИДОВИЧ"",""authPersonPosition"":""ДИРЕКТОР""}"
197c8b68-2db5-5181-8c9b-6f0b2a5ad489,7449088645,7449088645,related_company,1,ИП ГАРБУЗОВ ЕВГЕНИЙ ВАСИЛЬЕВИЧ,742400495236,317745600182499,related_company,,,,,,,,,,,,,,,"{""inn"":""742400495236"",""ogrn"":""317745600182499"",""name"":""ИП ГАРБУЗОВ ЕВГЕНИЙ ВАСИЛЬЕВИЧ""}"
197c8b68-2db5-5181-8c9b-6f0b2a5ad489,7449088645,7449088645,activity,0,,,,main,,41.20,Строительство жилых и нежилых зданий,,,,,,,,,,,,"{""code"":""41.20"",""description"":""Строительство жилых и нежилых зданий""}"
197c8b68-2db5-5181-8c9b-6f0b2a5ad489,7449088645,7449088645,activity,1,,,,other,,47.9,"Торговля розничная вне магазинов, палаток, рынков",,,,,,,,,,,,"{""code"":""47.9"",""description"":""Торговля розничная вне магазинов, палаток, рынков""}"
197c8b68-2db5-5181-8c9b-6f0b2a5ad489,7449088645,7449088645,activity,2,,,,other,,47.2,"Торговля розничная пищевыми продуктами, напитками и табачными изделиями в специализированных магазинах",,,,,,,,,,,,"{""code"":""47.2"",""description"":""Торговля розничная пищевыми продуктами, напитками и табачными изделиями в специализированных магазинах""}"
197c8b68-2db5-5181-8c9b-6f0b2a5ad489,7449088645,7449088645,activity,3,,,,other,,47.5,Торговля розничная прочими бытовыми изделиями в специализированных магазинах,,,,,,,,,,,,"{""code"":""47.5"",""description"":""Торговля розничная прочими бытовыми изделиями в специализированных магазинах""}"
197c8b68-2db5-5181-8c9b-6f0b2a5ad489,7449088645,7449088645,activity,4,,,,other,,46.4,Торговля оптовая непродовольственными потребительскими товарами,,,,,,,,,,,,"{""code"":""46.4"",""description"":""Торговля оптовая непродовольственными потребительскими товарами""}"
197c8b68-2db5-5181-8c9b-6f0b2a5ad489,7449088645,7449088645,activity,5,,,,other,,46.17.23,Деятельность агентов по оптовой торговле пивом,,,,,,,,,,,,"{""code"":""46.17.23"",""description"":""Деятельность агентов по оптовой торговле пивом""}"
197c8b68-2db5-5181-8c9b-6f0b2a5ad489,7449088645,7449088645,activity,6,,,,other,,47.11.2,"Торговля розничная незамороженными продуктами, включая напитки и табачные изделия, в неспециализированных магазинах",,,,,,,,,,,,"{""code"":""47.11.2"",""description"":""Торговля розничная незамороженными продуктами, включая напитки и табачные изделия, в неспециализированных магазинах""}"
197c8b68-2db5-5181-8c9b-6f0b2a5ad489,7449088645,7449088645,activity,7,,,,other,,56.30,Подача напитков,,,,,,,,,,,,"{""code"":""56.30"",""description"":""Подача напитков""}"
197c8b68-2db5-5181-8c9b-6f0b2a5ad489,7449088645,7449088645,activity,8,,,,other,,56.10,Деятельность ресторанов и услуги по доставке продуктов питания,,,,,,,,,,,,"{""code"":""56.10"",""description"":""Деятельность ресторанов и услуги по доставке продуктов питания""}"
197c8b68-2db5-5181-8c9b-6f0b2a5ad489,7449088645,7449088645,activity,9,,,,other,,46.34,Торговля оптовая напитками,,,,,,,,,,,,"{""code"":""46.34"",""description"":""Торговля оптовая напитками""}"
197c8b68-2db5-5181-8c9b-6f0b2a5ad489,7449088645,7449088645,activity,10,,,,other,,47.25,Торговля розничная напитками в специализированных магазинах,,,,,,,,,,,,"{""code"":""47.25"",""description"":""Торговля розничная напитками в специализированных магазинах""}"
197c8b68-2db5-5181-8c9b-6f0b2a5ad489,7449088645,7449088645,activity,11,,,,other,,46.34.23,Торговля оптовая пивом,,,,,,,,,,,,"{""code"":""46.34.23"",""description"":""Торговля оптовая пивом""}"
197c8b68-2db5-5181-8c9b-6f0b2a5ad489,7449088645,7449088645,activity,12,,,,other,,47.25.1,"Торговля розничная алкогольными напитками, включая пиво, в специализированных магазинах",,,,,,,,,,,,"{""code"":""47.25.1"",""description"":""Торговля розничная алкогольными напитками, включая пиво, в специализированных магазинах""}"
197c8b68-2db5-5181-8c9b-6f0b2a5ad489,7449088645,7449088645,activity,13,,,,other,,46.34.2,"Торговля оптовая алкогольными напитками, включая пиво и пищевой этиловый спирт",,,,,,,,,,,,"{""code"":""46.34.2"",""description"":""Торговля оптовая алкогольными напитками, включая пиво и пищевой этиловый спирт""}"
197c8b68-2db5-5181-8c9b-6f0b2a5ad489,7449088645,7449088645,activity,14,,,,other,,47.25.12,Торговля розничная пивом в специализированных магазинах,,,,,,,,,,,,"{""code"":""47.25.12"",""description"":""Торговля розничная пивом в специализированных магазинах""}"
197c8b68-2db5-5181-8c9b-6f0b2a5ad489,7449088645,7449088645,activity,15,,,,other,,49.41.2,Перевозка грузов неспециализированными автотранспортными средствами,,,,,,,,,,,,"{""code"":""49.41.2"",""description"":""Перевозка грузов неспециализированными автотранспортными средствами""}"
197c8b68-2db5-5181-8c9b-6f0b2a5ad489,7449088645,7449088645,activity,16,,,,other,,45.11.3,Торговля розничная легковыми автомобилями и легкими автотранспортными средствами прочая,,,,,,,,,,,,"{""code"":""45.11.3"",""description"":""Торговля розничная легковыми автомобилями и легкими автотранспортными средствами прочая""}"
197c8b68-2db5-5181-8c9b-6f0b2a5ad489,7449088645,7449088645,activity,17,,,,other,,52.10,Деятельность по складированию и хранению,,,,,,,,,,,,"{""code"":""52.10"",""description"":""Деятельность по складированию и хранению""}"
197c8b68-2db5-5181-8c9b-6f0b2a5ad489,7449088645,7449088645,activity,18,,,,other,,49.41.3,Аренда грузового автомобильного транспорта с водителем,,,,,,,,,,,,"{""code"":""49.41.3"",""description"":""Аренда грузового автомобильного транспорта с водителем""}"
197c8b68-2db5-5181-8c9b-6f0b2a5ad489,7449088645,7449088645,activity,19,,,,other,,77.39.23,Аренда и лизинг подъемно-транспортного оборудования,,,,,,,,,,,,"{""code"":""77.39.23"",""description"":""Аренда и лизинг подъемно-транспортного оборудования""}"
197c8b68-2db5-5181-8c9b-6f0b2a5ad489,7449088645,7449088645,activity,20,,,,other,,43.31,Производство штукатурных работ,,,,,,,,,,,,"{""code"":""43.31"",""description"":""Производство штукатурных работ""}"
197c8b68-2db5-5181-8c9b-6f0b2a5ad489,7449088645,7449088645,activity,21,,,,other,,77.32,Аренда и лизинг строительных машин и оборудования,,,,,,,,,,,,"{""code"":""77.32"",""description"":""Аренда и лизинг строительных машин и оборудования""}"
197c8b68-2db5-5181-8c9b-6f0b2a5ad489,7449088645,7449088645,activity,22,,,,other,,49.41,Деятельность автомобильного грузового транспорта,,,,,,,,,,,,"{""code"":""49.41"",""description"":""Деятельность автомобильного грузового транспорта""}"
197c8b68-2db5-5181-8c9b-6f0b2a5ad489,7449088645,7449088645,activity,23,,,,other,,49.41.1,Перевозка грузов специализированными автотранспортными средствами,,,,,,,,,,,,"{""code"":""49.41.1"",""description"":""Перевозка грузов специализированными автотранспортными средствами""}"
197c8b68-2db5-5181-8c9b-6f0b2a5ad489,7449088645,7449088645,activity,24,,,,other,,43.12.4,"Подготовка участка к разработке и добыче полезных ископаемых, за исключением нефтяных и газовых участков",,,,,,,,,,,,"{""code"":""43.12.4"",""description"":""Подготовка участка к разработке и добыче полезных ископаемых, за исключением нефтяных и газовых участков""}"
197c8b68-2db5-5181-8c9b-6f0b2a5ad489,7449088645,7449088645,activity,25,,,,other,,43.32,Работы столярные и плотничные,,,,,,,,,,,,"{""code"":""43.32"",""description"":""Работы столярные и плотничные""}"
197c8b68-2db5-5181-8c9b-6f0b2a5ad489,7449088645,7449088645,activity,26,,,,other,,43.29,Производство прочих строительно-монтажных работ,,,,,,,,,,,,"{""code"":""43.29"",""description"":""Производство прочих строительно-монтажных работ""}"
197c8b68-2db5-5181-8c9b-6f0b2a5ad489,7449088645,7449088645,activity,27,,,,other,,52.24,Транспортная обработка грузов,,,,,,,,,,,,"{""code"":""52.24"",""description"":""Транспортная обработка грузов""}"
197c8b68-2db5-5181-8c9b-6f0b2a5ad489,7449088645,7449088645,activity,28,,,,other,,43.34.1,Производство малярных работ,,,,,,,,,,,,"{""code"":""43.34.1"",""description"":""Производство малярных работ""}"
197c8b68-2db5-5181-8c9b-6f0b2a5ad489,7449088645,7449088645,activity,29,,,,other,,46.73,"Торговля оптовая лесоматериалами, строительными материалами и санитарно-техническим оборудованием",,,,,,,,,,,,"{""code"":""46.73"",""description"":""Торговля оптовая лесоматериалами, строительными материалами и санитарно-техническим оборудованием""}"
197c8b68-2db5-5181-8c9b-6f0b2a5ad489,7449088645,7449088645,activity,30,,,,other,,43.99,"Работы строительные специализированные прочие, не включенные в другие группировки",,,,,,,,,,,,"{""code"":""43.99"",""description"":""Работы строительные специализированные прочие, не включенные в другие группировки""}"
197c8b68-2db5-5181-8c9b-6f0b2a5ad489,7449088645,7449088645,activity,31,,,,other,,46.73.6,Торговля оптовая прочими строительными материалами и изделиями,,,,,,,,,,,,"{""code"":""46.73.6"",""description"":""Торговля оптовая прочими строительными материалами и изделиями""}"
197c8b68-2db5-5181-8c9b-6f0b2a5ad489,7449088645,7449088645,activity,32,,,,other,,42.11,Строительство автомобильных дорог и автомагистралей,,,,,,,,,,,,"{""code"":""42.11"",""description"":""Строительство автомобильных дорог и автомагистралей""}"
197c8b68-2db5-5181-8c9b-6f0b2a5ad489,7449088645,7449088645,activity,33,,,,other,,43.33,Работы по устройству покрытий полов и облицовке стен,,,,,,,,,,,,"{""code"":""43.33"",""description"":""Работы по устройству покрытий полов и облицовке стен""}"
197c8b68-2db5-5181-8c9b-6f0b2a5ad489,7449088645,7449088645,activity,34,,,,other,,43.91,Производство кровельных работ,,,,,,,,,,,,"{""code"":""43.91"",""description"":""Производство кровельных работ""}"
197c8b68-2db5-5181-8c9b-6f0b2a5ad489,7449088645,7449088645,activity,35,,,,other,,43.34,Производство малярных и стекольных работ,,,,,,,,,,,,"{""code"":""43.34"",""description"":""Производство малярных и стекольных работ""}"
197c8b68-2db5-5181-8c9b-6f0b2a5ad489,7449088645,7449088645,activity,36,,,,other,,47.52,"Торговля розничная скобяными изделиями, лакокрасочными материалами и стеклом в специализированных магазинах",,,,,,,,,,,,"{""code"":""47.52"",""description"":""Торговля розничная скобяными изделиями, лакокрасочными материалами и стеклом в специализированных магазинах""}"
197c8b68-2db5-5181-8c9b-6f0b2a5ad489,7449088645,7449088645,activity,37,,,,other,,11.05,Производство пива,,,,,,,,,,,,"{""code"":""11.05"",""description"":""Производство пива""}"
197c8b68-2db5-5181-8c9b-6f0b2a5ad489,7449088645,7449088645,activity,38,,,,other,,46.71,"Торговля оптовая твердым, жидким и газообразным топливом и подобными продуктами",,,,,,,,,,,,"{""code"":""46.71"",""description"":""Торговля оптовая твердым, жидким и газообразным топливом и подобными продуктами""}"
197c8b68-2db5-5181-8c9b-6f0b2a5ad489,7449088645,7449088645,activity,39,,,,other,,46.71.2,"Торговля оптовая моторным топливом, включая авиационный бензин",,,,,,,,,,,,"{""code"":""46.71.2"",""description"":""Торговля оптовая моторным топливом, включая авиационный бензин""}"
197c8b68-2db5-5181-8c9b-6f0b2a5ad489,7449088645,7449088645,tax_system,0,Упрощенная система налогообложения,,,tax_system,,УСН,,,,,,,,,,,,,"{""fullName"":""Упрощенная система налогообложения"",""shortName"":""УСН""}"
b0ef79d0-8c0a-5461-96cf-2f0d92a81c26,7724398540,7724398540,founder,0,МАМЕДОВ ТАЛЕХ НАСИБ ОГЛЫ,711813228538,,founder,,,,100,100000,2017-01-24T21:00:00.000Z,True,,,,,,,,"{""name"":""МАМЕДОВ ТАЛЕХ НАСИБ ОГЛЫ"",""inn"":""711813228538"",""amount"":100000,""share"":100,""dateFrom"":{""$date"":""2017-01-24T21:00:00.000Z""},""active"":true}"
b0ef79d0-8c0a-5461-96cf-2f0d92a81c26,7724398540,7724398540,director,0,МАМЕДОВ ТАЛЕХ НАСИБ ОГЛЫ,711813228538,,director,ГЕНЕРАЛЬНЫЙ ДИРЕКТОР,,,,,2021-03-25T21:00:00.000Z,,,,,,,,,"{""name"":""МАМЕДОВ ТАЛЕХ НАСИБ ОГЛЫ"",""positionName"":""ГЕНЕРАЛЬНЫЙ ДИРЕКТОР"",""inn"":""711813228538"",""positionDate"":{""$date"":""2021-03-25T21:00:00.000Z""}}"
b0ef79d0-8c0a-5461-96cf-2f0d92a81c26,7724398540,7724398540,activity,0,,,,main,,46.31,Торговля оптовая фруктами и овощами,,,,,,,,,,,,"{""code"":""46.31"",""description"":""Торговля оптовая фруктами и овощами""}"
b0ef79d0-8c0a-5461-96cf-2f0d92a81c26,7724398540,7724398540,activity,1,,,,other,,46.39,"Торговля оптовая неспециализированная пищевыми продуктами, напитками и табачными изделиями",,,,,,,,,,,,"{""code"":""46.39"",""description"":""Торговля оптовая неспециализированная пищевыми продуктами, напитками и табачными изделиями""}"
b0ef79d0-8c0a-5461-96cf-2f0d92a81c26,7724398540,7724398540,activity,2,,,,other,,53.20.31,Деятельность по курьерской доставке различными видами транспорта,,,,,,,,,,,,"{""code"":""53.20.31"",""description"":""Деятельность по курьерской доставке различными видами транспорта""}"
b0ef79d0-8c0a-5461-96cf-2f0d92a81c26,7724398540,7724398540,activity,3,,,,other,,46.90,Торговля оптовая неспециализированная,,,,,,,,,,,,"{""code"":""46.90"",""description"":""Торговля оптовая неспециализированная""}"
b0ef79d0-8c0a-5461-96cf-2f0d92a81c26,7724398540,7724398540,activity,4,,,,other,,82.99,"Деятельность по предоставлению прочих вспомогательных услуг для бизнеса, не включенная в другие группировки",,,,,,,,,,,,"{""code"":""82.99"",""description"":""Деятельность по предоставлению прочих вспомогательных услуг для бизнеса, не включенная в другие группировки""}"
b0ef79d0-8c0a-5461-96cf-2f0d92a81c26,7724398540,7724398540,activity,5,,,,other,,46.19,Деятельность агентов по оптовой торговле универсальным ассортиментом товаров,,,,,,,,,,,,"{""code"":""46.19"",""description"":""Деятельность агентов по оптовой торговле универсальным ассортиментом товаров""}"
b0ef79d0-8c0a-5461-96cf-2f0d92a81c26,7724398540,7724398540,activity,6,,,,other,,46.31,Торговля оптовая фруктами и овощами,,,,,,,,,,,,"{""code"":""46.31"",""description"":""Торговля оптовая фруктами и овощами""}"
b0ef79d0-8c0a-5461-96cf-2f0d92a81c26,7724398540,7724398540,phone,0,,,,phone,,,,,,,,,,,495,2405078,,,"{""phoneCode"":""495"",""phoneNumber"":""2405078""}"
b0ef79d0-8c0a-5461-96cf-2f0d92a81c26,7724398540,7724398540,tax_system,0,Общая система налогообложения,,,tax_system,,ОСНО,,,,,,,,,,,,,"{""fullName"":""Общая система налогообложения"",""shortName"":""ОСНО""}"
126fa025-82ca-541e-9375-a033cb40d2f2,5244026965,5244026965,founder,0,АНОСОВА ЕЛЕНА МАРКОВНА,525703767704,,founder,,,,100,12500,2021-01-11T21:00:00.000Z,True,,,,,,,,"{""name"":""АНОСОВА ЕЛЕНА МАРКОВНА"",""inn"":""525703767704"",""amount"":12500,""share"":100,""dateFrom"":{""$date"":""2021-01-11T21:00:00.000Z""},""active"":true}"
126fa025-82ca-541e-9375-a033cb40d2f2,5244026965,5244026965,director,0,СЕДОВ АНДРЕЙ ВЛАДИМИРОВИЧ,525818329143,,director,ДИРЕКТОР,,,,,2025-02-17T21:00:00.000Z,,,,,,,,,"{""name"":""СЕДОВ АНДРЕЙ ВЛАДИМИРОВИЧ"",""positionName"":""ДИРЕКТОР"",""inn"":""525818329143"",""positionDate"":{""$date"":""2025-02-17T21:00:00.000Z""}}"
126fa025-82ca-541e-9375-a033cb40d2f2,5244026965,5244026965,related_company,0,"ООО ""БАЗИС""",5244013194,1035201166274,related_company,,,,,,,,2003-07-17T20:00:00.000Z,,,,,АНОСОВА ЕЛЕНА МАРКОВНА,ГЕНЕРАЛЬНЫЙ ДИРЕКТОР,"{""inn"":""5244013194"",""ogrn"":""1035201166274"",""name"":""ООО \""БАЗИС\"""",""registrationDate"":{""$date"":""2003-07-17T20:00:00.000Z""},""authPersonName"":""АНОСОВА ЕЛЕНА МАРКОВНА"",""authPersonPosition"":""ГЕНЕРАЛЬНЫЙ ДИРЕКТОР""}"
126fa025-82ca-541e-9375-a033cb40d2f2,5244026965,5244026965,activity,0,,,,main,,20.14.7,Производство прочих химических органических основных веществ,,,,,,,,,,,,"{""code"":""20.14.7"",""description"":""Производство прочих химических органических основных веществ""}"
126fa025-82ca-541e-9375-a033cb40d2f2,5244026965,5244026965,phone,0,,,,phone,,,,,,,,,,,83146,38764,,,"{""phoneCode"":""83146"",""phoneNumber"":""38764""}"
126fa025-82ca-541e-9375-a033cb40d2f2,5244026965,5244026965,phone,1,,,,phone,,,,,,,,,,,904,9012607,,,"{""phoneCode"":""904"",""phoneNumber"":""9012607""}"
126fa025-82ca-541e-9375-a033cb40d2f2,5244026965,5244026965,phone,2,,,,phone,,,,,,,,,,,951,9020190,,,"{""phoneCode"":""951"",""phoneNumber"":""9020190""}"
126fa025-82ca-541e-9375-a033cb40d2f2,5244026965,5244026965,tax_system,0,Упрощенная система налогообложения,,,tax_system,,УСН,,,,,,,,,,,,,"{""fullName"":""Упрощенная система налогообложения"",""shortName"":""УСН""}"
c159a604-3bb0-52bd-81eb-1faaa168b96c,0278917431,0278917431,founder,0,КАМАЛЕТДИНОВ АЛЬБЕРТ РИНАТОВИЧ,027206074410,,founder,,,,100,20000,2019-03-18T21:00:00.000Z,True,,,,,,,,"{""name"":""КАМАЛЕТДИНОВ АЛЬБЕРТ РИНАТОВИЧ"",""inn"":""027206074410"",""amount"":20000,""share"":100,""dateFrom"":{""$date"":""2019-03-18T21:00:00.000Z""},""active"":true}"
c159a604-3bb0-52bd-81eb-1faaa168b96c,0278917431,0278917431,director,0,КАМАЛЕТДИНОВ АЛЬБЕРТ РИНАТОВИЧ,027206074410,,director,ДИРЕКТОР,,,,,2017-12-26T21:00:00.000Z,,,,,,,,,"{""name"":""КАМАЛЕТДИНОВ АЛЬБЕРТ РИНАТОВИЧ"",""positionName"":""ДИРЕКТОР"",""inn"":""027206074410"",""positionDate"":{""$date"":""2017-12-26T21:00:00.000Z""}}"
c159a604-3bb0-52bd-81eb-1faaa168b96c,0278917431,0278917431,activity,0,,,,main,,43.21,Производство электромонтажных работ,,,,,,,,,,,,"{""code"":""43.21"",""description"":""Производство электромонтажных работ""}"
c159a604-3bb0-52bd-81eb-1faaa168b96c,0278917431,0278917431,activity,1,,,,other,,71.12.12,"Разработка проектов промышленных процессов и производств, относящихся к металлургии, электротехнике, электронной технике, горному делу, химической технологии, машиностроению, а также в области промышленного строительства, системотехники и техники безопасности",,,,,,,,,,,,"{""code"":""71.12.12"",""description"":""Разработка проектов промышленных процессов и производств, относящихся к металлургии, электротехнике, электронной технике, горному делу, химической технологии, машиностроению, а также в области промышленного строительства, системотехники и техники безопасности""}"
c159a604-3bb0-52bd-81eb-1faaa168b96c,0278917431,0278917431,activity,2,,,,other,,71.11.1,"Деятельность в области архитектуры, связанная с созданием архитектурного объекта",,,,,,,,,,,,"{""code"":""71.11.1"",""description"":""Деятельность в области архитектуры, связанная с созданием архитектурного объекта""}"
c159a604-3bb0-52bd-81eb-1faaa168b96c,0278917431,0278917431,activity,3,,,,other,,71.20,"Технические испытания, исследования, анализ и сертификация",,,,,,,,,,,,"{""code"":""71.20"",""description"":""Технические испытания, исследования, анализ и сертификация""}"
c159a604-3bb0-52bd-81eb-1faaa168b96c,0278917431,0278917431,activity,4,,,,other,,73.11,Деятельность рекламных агентств,,,,,,,,,,,,"{""code"":""73.11"",""description"":""Деятельность рекламных агентств""}"
c159a604-3bb0-52bd-81eb-1faaa168b96c,0278917431,0278917431,activity,5,,,,other,,81.29.9,"Деятельность по чистке и уборке прочая, не включенная в другие группировки",,,,,,,,,,,,"{""code"":""81.29.9"",""description"":""Деятельность по чистке и уборке прочая, не включенная в другие группировки""}"
c159a604-3bb0-52bd-81eb-1faaa168b96c,0278917431,0278917431,activity,6,,,,other,,95.22.1,Ремонт бытовой техники,,,,,,,,,,,,"{""code"":""95.22.1"",""description"":""Ремонт бытовой техники""}"
c159a604-3bb0-52bd-81eb-1faaa168b96c,0278917431,0278917431,activity,7,,,,other,,27.12,Производство электрической распределительной и регулирующей аппаратуры,,,,,,,,,,,,"{""code"":""27.12"",""description"":""Производство электрической распределительной и регулирующей аппаратуры""}"
c159a604-3bb0-52bd-81eb-1faaa168b96c,0278917431,0278917431,activity,8,,,,other,,29.20.5,Производство грузовых контейнеров,,,,,,,,,,,,"{""code"":""29.20.5"",""description"":""Производство грузовых контейнеров""}"
c159a604-3bb0-52bd-81eb-1faaa168b96c,0278917431,0278917431,activity,9,,,,other,,31.01,Производство мебели для офисов и предприятий торговли,,,,,,,,,,,,"{""code"":""31.01"",""description"":""Производство мебели для офисов и предприятий торговли""}"
c159a604-3bb0-52bd-81eb-1faaa168b96c,0278917431,0278917431,activity,10,,,,other,,35.12,Передача электроэнергии и технологическое присоединение к распределительным электросетям,,,,,,,,,,,,"{""code"":""35.12"",""description"":""Передача электроэнергии и технологическое присоединение к распределительным электросетям""}"
c159a604-3bb0-52bd-81eb-1faaa168b96c,0278917431,0278917431,activity,11,,,,other,,33.14,Ремонт электрического оборудования,,,,,,,,,,,,"{""code"":""33.14"",""description"":""Ремонт электрического оборудования""}"
c159a604-3bb0-52bd-81eb-1faaa168b96c,0278917431,0278917431,activity,12,,,,other,,35.11.1,"Производство электроэнергии тепловыми электростанциями, в том числе деятельность по обеспечению работоспособности электростанций",,,,,,,,,,,,"{""code"":""35.11.1"",""description"":""Производство электроэнергии тепловыми электростанциями, в том числе деятельность по обеспечению работоспособности электростанций""}"
c159a604-3bb0-52bd-81eb-1faaa168b96c,0278917431,0278917431,activity,13,,,,other,,35.21,Производство газа,,,,,,,,,,,,"{""code"":""35.21"",""description"":""Производство газа""}"
c159a604-3bb0-52bd-81eb-1faaa168b96c,0278917431,0278917431,activity,14,,,,other,,35.30.1,Производство пара и горячей воды (тепловой энергии),,,,,,,,,,,,"{""code"":""35.30.1"",""description"":""Производство пара и горячей воды (тепловой энергии)""}"
c159a604-3bb0-52bd-81eb-1faaa168b96c,0278917431,0278917431,activity,15,,,,other,,35.30.3,Распределение пара и горячей воды (тепловой энергии),,,,,,,,,,,,"{""code"":""35.30.3"",""description"":""Распределение пара и горячей воды (тепловой энергии)""}"
c159a604-3bb0-52bd-81eb-1faaa168b96c,0278917431,0278917431,activity,16,,,,other,,41.20,Строительство жилых и нежилых зданий,,,,,,,,,,,,"{""code"":""41.20"",""description"":""Строительство жилых и нежилых зданий""}"
c159a604-3bb0-52bd-81eb-1faaa168b96c,0278917431,0278917431,activity,17,,,,other,,36.00,"Забор, очистка и распределение воды",,,,,,,,,,,,"{""code"":""36.00"",""description"":""Забор, очистка и распределение воды""}"
c159a604-3bb0-52bd-81eb-1faaa168b96c,0278917431,0278917431,activity,18,,,,other,,42.22.2,Строительство местных линий электропередачи и связи,,,,,,,,,,,,"{""code"":""42.22.2"",""description"":""Строительство местных линий электропередачи и связи""}"
c159a604-3bb0-52bd-81eb-1faaa168b96c,0278917431,0278917431,activity,19,,,,other,,43.99.3,Работы свайные и работы по строительству фундаментов,,,,,,,,,,,,"{""code"":""43.99.3"",""description"":""Работы свайные и работы по строительству фундаментов""}"
c159a604-3bb0-52bd-81eb-1faaa168b96c,0278917431,0278917431,activity,20,,,,other,,43.99.7,Работы по сборке и монтажу сборных конструкций,,,,,,,,,,,,"{""code"":""43.99.7"",""description"":""Работы по сборке и монтажу сборных конструкций""}"
c159a604-3bb0-52bd-81eb-1faaa168b96c,0278917431,0278917431,activity,21,,,,other,,47.42,"Торговля розничная телекоммуникационным оборудованием, включая розничную торговлю мобильными телефонами, в специализированных магазинах",,,,,,,,,,,,"{""code"":""47.42"",""description"":""Торговля розничная телекоммуникационным оборудованием, включая розничную торговлю мобильными телефонами, в специализированных магазинах""}"
c159a604-3bb0-52bd-81eb-1faaa168b96c,0278917431,0278917431,activity,22,,,,other,,43.22,"Производство санитарно-технических работ, монтаж отопительных систем и систем кондиционирования воздуха",,,,,,,,,,,,"{""code"":""43.22"",""description"":""Производство санитарно-технических работ, монтаж отопительных систем и систем кондиционирования воздуха""}"
c159a604-3bb0-52bd-81eb-1faaa168b96c,0278917431,0278917431,activity,23,,,,other,,47.59,"Торговля розничная мебелью, осветительными приборами и прочими бытовыми изделиями в специализированных магазинах",,,,,,,,,,,,"{""code"":""47.59"",""description"":""Торговля розничная мебелью, осветительными приборами и прочими бытовыми изделиями в специализированных магазинах""}"
c159a604-3bb0-52bd-81eb-1faaa168b96c,0278917431,0278917431,activity,24,,,,other,,64.99.3,"Капиталовложения в уставные капиталы, венчурное инвестирование, в том числе посредством инвестиционных компаний",,,,,,,,,,,,"{""code"":""64.99.3"",""description"":""Капиталовложения в уставные капиталы, венчурное инвестирование, в том числе посредством инвестиционных компаний""}"
c159a604-3bb0-52bd-81eb-1faaa168b96c,0278917431,0278917431,activity,25,,,,other,,68.31,Деятельность агентств недвижимости за вознаграждение или на договорной основе,,,,,,,,,,,,"{""code"":""68.31"",""description"":""Деятельность агентств недвижимости за вознаграждение или на договорной основе""}"
c159a604-3bb0-52bd-81eb-1faaa168b96c,0278917431,0278917431,activity,26,,,,other,,47.59.4,"Торговля розничная изделиями из дерева, пробки и плетеными изделиями в специализированных магазинах",,,,,,,,,,,,"{""code"":""47.59.4"",""description"":""Торговля розничная изделиями из дерева, пробки и плетеными изделиями в специализированных магазинах""}"
c159a604-3bb0-52bd-81eb-1faaa168b96c,0278917431,0278917431,activity,27,,,,other,,47.63.2,Торговля розничная лентами и дисками без записей в специализированных магазинах,,,,,,,,,,,,"{""code"":""47.63.2"",""description"":""Торговля розничная лентами и дисками без записей в специализированных магазинах""}"
c159a604-3bb0-52bd-81eb-1faaa168b96c,0278917431,0278917431,activity,28,,,,other,,71.12.45,"Создание геодезической, нивелирной, гравиметрической сетей",,,,,,,,,,,,"{""code"":""71.12.45"",""description"":""Создание геодезической, нивелирной, гравиметрической сетей""}"
c159a604-3bb0-52bd-81eb-1faaa168b96c,0278917431,0278917431,activity,29,,,,other,,71.12.1,"Деятельность, связанная с инженерно-техническим проектированием, управлением проектами строительства, выполнением строительного контроля и авторского надзора",,,,,,,,,,,,"{""code"":""71.12.1"",""description"":""Деятельность, связанная с инженерно-техническим проектированием, управлением проектами строительства, выполнением строительного контроля и авторского надзора""}"
c159a604-3bb0-52bd-81eb-1faaa168b96c,0278917431,0278917431,activity,30,,,,other,,71.11,Деятельность в области архитектуры,,,,,,,,,,,,"{""code"":""71.11"",""description"":""Деятельность в области архитектуры""}"
c159a604-3bb0-52bd-81eb-1faaa168b96c,0278917431,0278917431,activity,31,,,,other,,71.12.6,"Деятельность в области технического регулирования, стандартизации, метрологии, аккредитации, каталогизации продукции",,,,,,,,,,,,"{""code"":""71.12.6"",""description"":""Деятельность в области технического регулирования, стандартизации, метрологии, аккредитации, каталогизации продукции""}"
c159a604-3bb0-52bd-81eb-1faaa168b96c,0278917431,0278917431,activity,32,,,,other,,81.29.1,"Дезинфекция, дезинсекция, дератизация зданий, промышленного оборудования",,,,,,,,,,,,"{""code"":""81.29.1"",""description"":""Дезинфекция, дезинсекция, дератизация зданий, промышленного оборудования""}"
c159a604-3bb0-52bd-81eb-1faaa168b96c,0278917431,0278917431,activity,33,,,,other,,95.21,Ремонт электронной бытовой техники,,,,,,,,,,,,"{""code"":""95.21"",""description"":""Ремонт электронной бытовой техники""}"
c159a604-3bb0-52bd-81eb-1faaa168b96c,0278917431,0278917431,activity,34,,,,other,,71.20.9,"Деятельность по техническому контролю, испытаниям и анализу прочая",,,,,,,,,,,,"{""code"":""71.20.9"",""description"":""Деятельность по техническому контролю, испытаниям и анализу прочая""}"
c159a604-3bb0-52bd-81eb-1faaa168b96c,0278917431,0278917431,activity,35,,,,other,,27.11.1,"Производство электродвигателей, генераторов и трансформаторов, кроме ремонта",,,,,,,,,,,,"{""code"":""27.11.1"",""description"":""Производство электродвигателей, генераторов и трансформаторов, кроме ремонта""}"
c159a604-3bb0-52bd-81eb-1faaa168b96c,0278917431,0278917431,activity,36,,,,other,,29.20,Производство кузовов для автотранспортных средств; производство прицепов и полуприцепов,,,,,,,,,,,,"{""code"":""29.20"",""description"":""Производство кузовов для автотранспортных средств; производство прицепов и полуприцепов""}"
c159a604-3bb0-52bd-81eb-1faaa168b96c,0278917431,0278917431,activity,37,,,,other,,29.32,Производство прочих комплектующих и принадлежностей для автотранспортных средств,,,,,,,,,,,,"{""code"":""29.32"",""description"":""Производство прочих комплектующих и принадлежностей для автотранспортных средств""}"
c159a604-3bb0-52bd-81eb-1faaa168b96c,0278917431,0278917431,activity,38,,,,other,,35.2,Производство и распределение газообразного топлива,,,,,,,,,,,,"{""code"":""35.2"",""description"":""Производство и распределение газообразного топлива""}"
c159a604-3bb0-52bd-81eb-1faaa168b96c,0278917431,0278917431,activity,39,,,,other,,35.11,Производство электроэнергии,,,,,,,,,,,,"{""code"":""35.11"",""description"":""Производство электроэнергии""}"
c159a604-3bb0-52bd-81eb-1faaa168b96c,0278917431,0278917431,activity,40,,,,other,,35.11.4,"Производство электроэнергии, получаемой из возобновляемых источников энергии, включая выработанную солнечными, ветровыми, геотермальными электростанциями, в том числе деятельность по обеспечению их работоспособности",,,,,,,,,,,,"{""code"":""35.11.4"",""description"":""Производство электроэнергии, получаемой из возобновляемых источников энергии, включая выработанную солнечными, ветровыми, геотермальными электростанциями, в том числе деятельность по обеспечению их работоспособности""}"
c159a604-3bb0-52bd-81eb-1faaa168b96c,0278917431,0278917431,activity,41,,,,other,,31.09,Производство прочей мебели,,,,,,,,,,,,"{""code"":""31.09"",""description"":""Производство прочей мебели""}"
c159a604-3bb0-52bd-81eb-1faaa168b96c,0278917431,0278917431,activity,42,,,,other,,35.30.5,Обеспечение работоспособности тепловых сетей,,,,,,,,,,,,"{""code"":""35.30.5"",""description"":""Обеспечение работоспособности тепловых сетей""}"
c159a604-3bb0-52bd-81eb-1faaa168b96c,0278917431,0278917431,activity,43,,,,other,,35.30,"Производство, передача и распределение пара и горячей воды; кондиционирование воздуха",,,,,,,,,,,,"{""code"":""35.30"",""description"":""Производство, передача и распределение пара и горячей воды; кондиционирование воздуха""}"
c159a604-3bb0-52bd-81eb-1faaa168b96c,0278917431,0278917431,activity,44,,,,other,,35.30.2,Передача пара и горячей воды (тепловой энергии),,,,,,,,,,,,"{""code"":""35.30.2"",""description"":""Передача пара и горячей воды (тепловой энергии)""}"
c159a604-3bb0-52bd-81eb-1faaa168b96c,0278917431,0278917431,activity,45,,,,other,,42.22.1,Строительство междугородних линий электропередачи и связи,,,,,,,,,,,,"{""code"":""42.22.1"",""description"":""Строительство междугородних линий электропередачи и связи""}"
c159a604-3bb0-52bd-81eb-1faaa168b96c,0278917431,0278917431,activity,46,,,,other,,36.00.2,Распределение воды для питьевых и промышленных нужд,,,,,,,,,,,,"{""code"":""36.00.2"",""description"":""Распределение воды для питьевых и промышленных нужд""}"
c159a604-3bb0-52bd-81eb-1faaa168b96c,0278917431,0278917431,activity,47,,,,other,,43.99.2,Работы по установке строительных лесов и подмостей,,,,,,,,,,,,"{""code"":""43.99.2"",""description"":""Работы по установке строительных лесов и подмостей""}"
c159a604-3bb0-52bd-81eb-1faaa168b96c,0278917431,0278917431,activity,48,,,,other,,43.12.3,Производство земляных работ,,,,,,,,,,,,"{""code"":""43.12.3"",""description"":""Производство земляных работ""}"
c159a604-3bb0-52bd-81eb-1faaa168b96c,0278917431,0278917431,activity,49,,,,other,,43.99.5,Работы по монтажу стальных строительных конструкций,,,,,,,,,,,,"{""code"":""43.99.5"",""description"":""Работы по монтажу стальных строительных конструкций""}"
c159a604-3bb0-52bd-81eb-1faaa168b96c,0278917431,0278917431,activity,50,,,,other,,47.41.4,Торговля розничная офисными машинами и оборудованием в специализированных магазинах,,,,,,,,,,,,"{""code"":""47.41.4"",""description"":""Торговля розничная офисными машинами и оборудованием в специализированных магазинах""}"
c159a604-3bb0-52bd-81eb-1faaa168b96c,0278917431,0278917431,activity,51,,,,other,,47.54,Торговля розничная бытовыми электротоварами в специализированных магазинах,,,,,,,,,,,,"{""code"":""47.54"",""description"":""Торговля розничная бытовыми электротоварами в специализированных магазинах""}"
c159a604-3bb0-52bd-81eb-1faaa168b96c,0278917431,0278917431,activity,52,,,,other,,47.59.3,Торговля розничная осветительными приборами в специализированных магазинах,,,,,,,,,,,,"{""code"":""47.59.3"",""description"":""Торговля розничная осветительными приборами в специализированных магазинах""}"
c159a604-3bb0-52bd-81eb-1faaa168b96c,0278917431,0278917431,activity,53,,,,other,,47.63.1,"Торговля розничная музыкальными записями, аудиолентами, компакт-дисками и кассетами в специализированных магазинах",,,,,,,,,,,,"{""code"":""47.63.1"",""description"":""Торговля розничная музыкальными записями, аудиолентами, компакт-дисками и кассетами в специализированных магазинах""}"
c159a604-3bb0-52bd-81eb-1faaa168b96c,0278917431,0278917431,activity,54,,,,other,,47.78.1,"Торговля розничная фотоаппаратурой, оптическими приборами и средствами измерений, кроме очков, в специализированных магазинах",,,,,,,,,,,,"{""code"":""47.78.1"",""description"":""Торговля розничная фотоаппаратурой, оптическими приборами и средствами измерений, кроме очков, в специализированных магазинах""}"
c159a604-3bb0-52bd-81eb-1faaa168b96c,0278917431,0278917431,activity,55,,,,other,,68.20,Аренда и управление собственным или арендованным недвижимым имуществом,,,,,,,,,,,,"{""code"":""68.20"",""description"":""Аренда и управление собственным или арендованным недвижимым имуществом""}"
c159a604-3bb0-52bd-81eb-1faaa168b96c,0278917431,0278917431,activity,56,,,,other,,71.1,"Деятельность в области архитектуры, инженерных изысканий и предоставление технических консультаций в этих областях",,,,,,,,,,,,"{""code"":""71.1"",""description"":""Деятельность в области архитектуры, инженерных изысканий и предоставление технических консультаций в этих областях""}"
c159a604-3bb0-52bd-81eb-1faaa168b96c,0278917431,0278917431,activity,57,,,,other,,71.12,"Деятельность в области инженерных изысканий, инженерно-технического проектирования, управления проектами строительства, выполнения строительного контроля и авторского надзора, предоставление технических консультаций в этих областях",,,,,,,,,,,,"{""code"":""71.12"",""description"":""Деятельность в области инженерных изысканий, инженерно-технического проектирования, управления проектами строительства, выполнения строительного контроля и авторского надзора, предоставление технических консультаций в этих областях""}"
c159a604-3bb0-52bd-81eb-1faaa168b96c,0278917431,0278917431,activity,58,,,,other,,71.12.13,"Разработка проектов по кондиционированию воздуха, холодильной технике, санитарной технике и мониторингу загрязнения окружающей среды, строительной акустике",,,,,,,,,,,,"{""code"":""71.12.13"",""description"":""Разработка проектов по кондиционированию воздуха, холодильной технике, санитарной технике и мониторингу загрязнения окружающей среды, строительной акустике""}"
c159a604-3bb0-52bd-81eb-1faaa168b96c,0278917431,0278917431,activity,59,,,,other,,71.12.5,"Деятельность в области гидрометеорологии и смежных с ней областях, мониторинга состояния окружающей среды, ее загрязнения",,,,,,,,,,,,"{""code"":""71.12.5"",""description"":""Деятельность в области гидрометеорологии и смежных с ней областях, мониторинга состояния окружающей среды, ее загрязнения""}"
c159a604-3bb0-52bd-81eb-1faaa168b96c,0278917431,0278917431,activity,60,,,,other,,71.20.6,"Экспертиза проектной документации, запасов полезных ископаемых и подземных вод, геологической информации о предоставляемых в пользование участках недр, результатов инженерных изысканий",,,,,,,,,,,,"{""code"":""71.20.6"",""description"":""Экспертиза проектной документации, запасов полезных ископаемых и подземных вод, геологической информации о предоставляемых в пользование участках недр, результатов инженерных изысканий""}"
c159a604-3bb0-52bd-81eb-1faaa168b96c,0278917431,0278917431,activity,61,,,,other,,81.22,Деятельность по чистке и уборке жилых зданий и нежилых помещений прочая,,,,,,,,,,,,"{""code"":""81.22"",""description"":""Деятельность по чистке и уборке жилых зданий и нежилых помещений прочая""}"
c159a604-3bb0-52bd-81eb-1faaa168b96c,0278917431,0278917431,activity,62,,,,other,,95.11,Ремонт компьютеров и периферийного компьютерного оборудования,,,,,,,,,,,,"{""code"":""95.11"",""description"":""Ремонт компьютеров и периферийного компьютерного оборудования""}"
c159a604-3bb0-52bd-81eb-1faaa168b96c,0278917431,0278917431,activity,63,,,,other,,27.11,"Производство электродвигателей, электрогенераторов и трансформаторов",,,,,,,,,,,,"{""code"":""27.11"",""description"":""Производство электродвигателей, электрогенераторов и трансформаторов""}"
c159a604-3bb0-52bd-81eb-1faaa168b96c,0278917431,0278917431,activity,64,,,,other,,27.40,Производство электрических ламп и осветительного оборудования,,,,,,,,,,,,"{""code"":""27.40"",""description"":""Производство электрических ламп и осветительного оборудования""}"
c159a604-3bb0-52bd-81eb-1faaa168b96c,0278917431,0278917431,activity,65,,,,other,,29.31,Производство электрического и электронного оборудования для автотранспортных средств,,,,,,,,,,,,"{""code"":""29.31"",""description"":""Производство электрического и электронного оборудования для автотранспортных средств""}"
c159a604-3bb0-52bd-81eb-1faaa168b96c,0278917431,0278917431,activity,66,,,,other,,31.02,Производство кухонной мебели,,,,,,,,,,,,"{""code"":""31.02"",""description"":""Производство кухонной мебели""}"
c159a604-3bb0-52bd-81eb-1faaa168b96c,0278917431,0278917431,activity,67,,,,other,,33.20,Монтаж промышленных машин и оборудования,,,,,,,,,,,,"{""code"":""33.20"",""description"":""Монтаж промышленных машин и оборудования""}"
c159a604-3bb0-52bd-81eb-1faaa168b96c,0278917431,0278917431,activity,68,,,,other,,35.13,Распределение электроэнергии,,,,,,,,,,,,"{""code"":""35.13"",""description"":""Распределение электроэнергии""}"
c159a604-3bb0-52bd-81eb-1faaa168b96c,0278917431,0278917431,activity,69,,,,other,,35.22,Распределение газообразного топлива по газораспределительным сетям,,,,,,,,,,,,"{""code"":""35.22"",""description"":""Распределение газообразного топлива по газораспределительным сетям""}"
c159a604-3bb0-52bd-81eb-1faaa168b96c,0278917431,0278917431,activity,70,,,,other,,35.11.2,"Производство электроэнергии гидроэлектростанциями, в том числе деятельность по обеспечению работоспособности электростанций",,,,,,,,,,,,"{""code"":""35.11.2"",""description"":""Производство электроэнергии гидроэлектростанциями, в том числе деятельность по обеспечению работоспособности электростанций""}"
c159a604-3bb0-52bd-81eb-1faaa168b96c,0278917431,0278917431,activity,71,,,,other,,35.30.4,Обеспечение работоспособности котельных,,,,,,,,,,,,"{""code"":""35.30.4"",""description"":""Обеспечение работоспособности котельных""}"
c159a604-3bb0-52bd-81eb-1faaa168b96c,0278917431,0278917431,activity,72,,,,other,,35.30.14,Производство пара и горячей воды (тепловой энергии) котельными,,,,,,,,,,,,"{""code"":""35.30.14"",""description"":""Производство пара и горячей воды (тепловой энергии) котельными""}"
c159a604-3bb0-52bd-81eb-1faaa168b96c,0278917431,0278917431,activity,73,,,,other,,36.00.1,Забор и очистка воды для питьевых и промышленных нужд,,,,,,,,,,,,"{""code"":""36.00.1"",""description"":""Забор и очистка воды для питьевых и промышленных нужд""}"
c159a604-3bb0-52bd-81eb-1faaa168b96c,0278917431,0278917431,activity,74,,,,other,,42.21,"Строительство инженерных коммуникаций для водоснабжения и водоотведения, газоснабжения",,,,,,,,,,,,"{""code"":""42.21"",""description"":""Строительство инженерных коммуникаций для водоснабжения и водоотведения, газоснабжения""}"
c159a604-3bb0-52bd-81eb-1faaa168b96c,0278917431,0278917431,activity,75,,,,other,,43.29,Производство прочих строительно-монтажных работ,,,,,,,,,,,,"{""code"":""43.29"",""description"":""Производство прочих строительно-монтажных работ""}"
c159a604-3bb0-52bd-81eb-1faaa168b96c,0278917431,0278917431,activity,76,,,,other,,43.11,Разборка и снос зданий,,,,,,,,,,,,"{""code"":""43.11"",""description"":""Разборка и снос зданий""}"
c159a604-3bb0-52bd-81eb-1faaa168b96c,0278917431,0278917431,activity,77,,,,other,,43.99.4,Работы бетонные и железобетонные,,,,,,,,,,,,"{""code"":""43.99.4"",""description"":""Работы бетонные и железобетонные""}"
c159a604-3bb0-52bd-81eb-1faaa168b96c,0278917431,0278917431,activity,78,,,,other,,47.41,"Торговля розничная компьютерами, периферийными устройствами к ним и программным обеспечением в специализированных магазинах",,,,,,,,,,,,"{""code"":""47.41"",""description"":""Торговля розничная компьютерами, периферийными устройствами к ним и программным обеспечением в специализированных магазинах""}"
c159a604-3bb0-52bd-81eb-1faaa168b96c,0278917431,0278917431,activity,79,,,,other,,47.59.9,"Торговля розничная бытовыми изделиями и приборами, не включенными в другие группировки, в специализированных магазинах",,,,,,,,,,,,"{""code"":""47.59.9"",""description"":""Торговля розничная бытовыми изделиями и приборами, не включенными в другие группировки, в специализированных магазинах""}"
c159a604-3bb0-52bd-81eb-1faaa168b96c,0278917431,0278917431,activity,80,,,,other,,47.59.1,Торговля розничная мебелью в специализированных магазинах,,,,,,,,,,,,"{""code"":""47.59.1"",""description"":""Торговля розничная мебелью в специализированных магазинах""}"
c159a604-3bb0-52bd-81eb-1faaa168b96c,0278917431,0278917431,activity,81,,,,other,,47.43,Торговля розничная аудио- и видеотехникой в специализированных магазинах,,,,,,,,,,,,"{""code"":""47.43"",""description"":""Торговля розничная аудио- и видеотехникой в специализированных магазинах""}"
c159a604-3bb0-52bd-81eb-1faaa168b96c,0278917431,0278917431,activity,82,,,,other,,47.7,Торговля розничная прочими товарами в специализированных магазинах,,,,,,,,,,,,"{""code"":""47.7"",""description"":""Торговля розничная прочими товарами в специализированных магазинах""}"
c159a604-3bb0-52bd-81eb-1faaa168b96c,0278917431,0278917431,activity,83,,,,other,,68.10,Покупка и продажа собственного недвижимого имущества,,,,,,,,,,,,"{""code"":""68.10"",""description"":""Покупка и продажа собственного недвижимого имущества""}"
c159a604-3bb0-52bd-81eb-1faaa168b96c,0278917431,0278917431,activity,84,,,,other,,68.32,Управление недвижимым имуществом за вознаграждение или на договорной основе,,,,,,,,,,,,"{""code"":""68.32"",""description"":""Управление недвижимым имуществом за вознаграждение или на договорной основе""}"
c159a604-3bb0-52bd-81eb-1faaa168b96c,0278917431,0278917431,activity,85,,,,other,,71.12.9,Землеустройство,,,,,,,,,,,,"{""code"":""71.12.9"",""description"":""Землеустройство""}"
c159a604-3bb0-52bd-81eb-1faaa168b96c,0278917431,0278917431,phone,0,,,,phone,,,,,,,,,,,3472,465866,,,"{""phoneCode"":""3472"",""phoneNumber"":""465866""}"
c159a604-3bb0-52bd-81eb-1faaa168b96c,0278917431,0278917431,phone,1,,,,phone,,,,,,,,,,,917,0488007,,,"{""phoneCode"":""917"",""phoneNumber"":""0488007""}"
c159a604-3bb0-52bd-81eb-1faaa168b96c,0278917431,0278917431,phone,2,,,,phone,,,,,,,,,,,937,3508007,,,"{""phoneCode"":""937"",""phoneNumber"":""3508007""}"
c159a604-3bb0-52bd-81eb-1faaa168b96c,0278917431,0278917431,phone,3,,,,phone,,,,,,,,,,,927,3337530,,,"{""phoneCode"":""927"",""phoneNumber"":""3337530""}"
c159a604-3bb0-52bd-81eb-1faaa168b96c,0278917431,0278917431,tax_system,0,Общая система налогообложения,,,tax_system,,ОСНО,,,,,,,,,,,,,"{""fullName"":""Общая система налогообложения"",""shortName"":""ОСНО""}"
a64d8861-c75d-5ad7-ae59-15f0baf1997b,470606601830,470606601830,related_company,0,"ООО ""РУССКИЙ ЭКСПРЕСС""",7813183674,1037828040051,related_company,,,,,,,,2003-03-23T21:00:00.000Z,,,,,ГАМЗОВ РОМАН СЕРГЕЕВИЧ,ГЕНЕРАЛЬНЫЙ ДИРЕКТОР,"{""inn"":""7813183674"",""ogrn"":""1037828040051"",""name"":""ООО \""РУССКИЙ ЭКСПРЕСС\"""",""registrationDate"":{""$date"":""2003-03-23T21:00:00.000Z""},""authPersonName"":""ГАМЗОВ РОМАН СЕРГЕЕВИЧ"",""authPersonPosition"":""ГЕНЕРАЛЬНЫЙ ДИРЕКТОР""}"
a64d8861-c75d-5ad7-ae59-15f0baf1997b,470606601830,470606601830,activity,0,,,,main,,68.20,Аренда и управление собственным или арендованным недвижимым имуществом,,,,,,,,,,,,"{""code"":""68.20"",""description"":""Аренда и управление собственным или арендованным недвижимым имуществом""}"
a64d8861-c75d-5ad7-ae59-15f0baf1997b,470606601830,470606601830,activity,1,,,,other,,68.3,Операции с недвижимым имуществом за вознаграждение или на договорной основе,,,,,,,,,,,,"{""code"":""68.3"",""description"":""Операции с недвижимым имуществом за вознаграждение или на договорной основе""}"
a64d8861-c75d-5ad7-ae59-15f0baf1997b,470606601830,470606601830,activity,2,,,,other,,69.10,Деятельность в области права,,,,,,,,,,,,"{""code"":""69.10"",""description"":""Деятельность в области права""}"
a64d8861-c75d-5ad7-ae59-15f0baf1997b,470606601830,470606601830,activity,3,,,,other,,46.13,Деятельность агентов по оптовой торговле лесоматериалами и строительными материалами,,,,,,,,,,,,"{""code"":""46.13"",""description"":""Деятельность агентов по оптовой торговле лесоматериалами и строительными материалами""}"
a64d8861-c75d-5ad7-ae59-15f0baf1997b,470606601830,470606601830,activity,4,,,,other,,46.18,"Деятельность агентов, специализирующихся на оптовой торговле прочими отдельными видами товаров",,,,,,,,,,,,"{""code"":""46.18"",""description"":""Деятельность агентов, специализирующихся на оптовой торговле прочими отдельными видами товаров""}"
a64d8861-c75d-5ad7-ae59-15f0baf1997b,470606601830,470606601830,activity,5,,,,other,,46.14,"Деятельность агентов по оптовой торговле машинами, промышленным оборудованием, судами и летательными аппаратами",,,,,,,,,,,,"{""code"":""46.14"",""description"":""Деятельность агентов по оптовой торговле машинами, промышленным оборудованием, судами и летательными аппаратами""}"
a64d8861-c75d-5ad7-ae59-15f0baf1997b,470606601830,470606601830,activity,6,,,,other,,46.19,Деятельность агентов по оптовой торговле универсальным ассортиментом товаров,,,,,,,,,,,,"{""code"":""46.19"",""description"":""Деятельность агентов по оптовой торговле универсальным ассортиментом товаров""}"
a64d8861-c75d-5ad7-ae59-15f0baf1997b,470606601830,470606601830,activity,7,,,,other,,52.29,"Деятельность вспомогательная прочая, связанная с перевозками",,,,,,,,,,,,"{""code"":""52.29"",""description"":""Деятельность вспомогательная прочая, связанная с перевозками""}"
a64d8861-c75d-5ad7-ae59-15f0baf1997b,470606601830,470606601830,activity,8,,,,other,,63.99.1,Деятельность по оказанию консультационных и информационных услуг,,,,,,,,,,,,"{""code"":""63.99.1"",""description"":""Деятельность по оказанию консультационных и информационных услуг""}"
a64d8861-c75d-5ad7-ae59-15f0baf1997b,470606601830,470606601830,activity,9,,,,other,,46.69,Торговля оптовая прочими машинами и оборудованием,,,,,,,,,,,,"{""code"":""46.69"",""description"":""Торговля оптовая прочими машинами и оборудованием""}"
a64d8861-c75d-5ad7-ae59-15f0baf1997b,470606601830,470606601830,activity,10,,,,other,,70.22,Консультирование по вопросам коммерческой деятельности и управления,,,,,,,,,,,,"{""code"":""70.22"",""description"":""Консультирование по вопросам коммерческой деятельности и управления""}"
c1009ef1-6f45-52e3-a65f-00e31bb34a59,616205958623,616205958623,activity,0,,,,main,,62.01,Разработка компьютерного программного обеспечения,,,,,,,,,,,,"{""code"":""62.01"",""description"":""Разработка компьютерного программного обеспечения""}"
c1009ef1-6f45-52e3-a65f-00e31bb34a59,616205958623,616205958623,activity,1,,,,other,,63.11,"Деятельность по обработке данных, предоставление услуг по размещению информации и связанная с этим деятельность",,,,,,,,,,,,"{""code"":""63.11"",""description"":""Деятельность по обработке данных, предоставление услуг по размещению информации и связанная с этим деятельность""}"
c1009ef1-6f45-52e3-a65f-00e31bb34a59,616205958623,616205958623,activity,2,,,,other,,73.20,Исследование конъюнктуры рынка и изучение общественного мнения,,,,,,,,,,,,"{""code"":""73.20"",""description"":""Исследование конъюнктуры рынка и изучение общественного мнения""}"
c1009ef1-6f45-52e3-a65f-00e31bb34a59,616205958623,616205958623,activity,3,,,,other,,62.09,"Деятельность, связанная с использованием вычислительной техники и информационных технологий, прочая",,,,,,,,,,,,"{""code"":""62.09"",""description"":""Деятельность, связанная с использованием вычислительной техники и информационных технологий, прочая""}"
c1009ef1-6f45-52e3-a65f-00e31bb34a59,616205958623,616205958623,activity,4,,,,other,,73.11,Деятельность рекламных агентств,,,,,,,,,,,,"{""code"":""73.11"",""description"":""Деятельность рекламных агентств""}"
c1009ef1-6f45-52e3-a65f-00e31bb34a59,616205958623,616205958623,activity,5,,,,other,,62.02,Деятельность консультативная и работы в области компьютерных технологий,,,,,,,,,,,,"{""code"":""62.02"",""description"":""Деятельность консультативная и работы в области компьютерных технологий""}"
c1009ef1-6f45-52e3-a65f-00e31bb34a59,616205958623,616205958623,activity,6,,,,other,,63.11.1,Деятельность по созданию и использованию баз данных и информационных ресурсов,,,,,,,,,,,,"{""code"":""63.11.1"",""description"":""Деятельность по созданию и использованию баз данных и информационных ресурсов""}"
c1009ef1-6f45-52e3-a65f-00e31bb34a59,616205958623,616205958623,activity,7,,,,other,,82.99,"Деятельность по предоставлению прочих вспомогательных услуг для бизнеса, не включенная в другие группировки",,,,,,,,,,,,"{""code"":""82.99"",""description"":""Деятельность по предоставлению прочих вспомогательных услуг для бизнеса, не включенная в другие группировки""}"
38d16768-5aec-5111-8a14-3e25f4d77e90,9701166515,9701166515,founder,0,ОСИПОВ РУСЛАН ЕВГЕНЬЕВИЧ,503658965254,,founder,,,,100,50000,2026-06-18T21:00:00.000Z,True,,,,,,,,"{""name"":""ОСИПОВ РУСЛАН ЕВГЕНЬЕВИЧ"",""inn"":""503658965254"",""amount"":50000,""share"":100,""dateFrom"":{""$date"":""2026-06-18T21:00:00.000Z""},""active"":true}"
38d16768-5aec-5111-8a14-3e25f4d77e90,9701166515,9701166515,director,0,ОСИПОВ РУСЛАН ЕВГЕНЬЕВИЧ,503658965254,,director,ГЕНЕРАЛЬНЫЙ ДИРЕКТОР,,,,,2026-06-18T21:00:00.000Z,,,,,,,,,"{""name"":""ОСИПОВ РУСЛАН ЕВГЕНЬЕВИЧ"",""positionName"":""ГЕНЕРАЛЬНЫЙ ДИРЕКТОР"",""inn"":""503658965254"",""positionDate"":{""$date"":""2026-06-18T21:00:00.000Z""}}"
38d16768-5aec-5111-8a14-3e25f4d77e90,9701166515,9701166515,related_company,0,"ООО ""СТК ""ОПУС""",7723840220,1127746482357,related_company,,,,,,,,2012-06-20T20:00:00.000Z,,,,,СОКОЛОВА ЮЛИЯ НИКОЛАЕВНА,ГЕНЕРАЛЬНЫЙ ДИРЕКТОР,"{""inn"":""7723840220"",""ogrn"":""1127746482357"",""name"":""ООО \""СТК \""ОПУС\"""",""registrationDate"":{""$date"":""2012-06-20T20:00:00.000Z""},""authPersonName"":""СОКОЛОВА ЮЛИЯ НИКОЛАЕВНА"",""authPersonPosition"":""ГЕНЕРАЛЬНЫЙ ДИРЕКТОР""}"
38d16768-5aec-5111-8a14-3e25f4d77e90,9701166515,9701166515,activity,0,,,,main,,52.29,"Деятельность вспомогательная прочая, связанная с перевозками",,,,,,,,,,,,"{""code"":""52.29"",""description"":""Деятельность вспомогательная прочая, связанная с перевозками""}"
38d16768-5aec-5111-8a14-3e25f4d77e90,9701166515,9701166515,activity,1,,,,other,,68.20,Аренда и управление собственным или арендованным недвижимым имуществом,,,,,,,,,,,,"{""code"":""68.20"",""description"":""Аренда и управление собственным или арендованным недвижимым имуществом""}"
38d16768-5aec-5111-8a14-3e25f4d77e90,9701166515,9701166515,activity,2,,,,other,,46.90,Торговля оптовая неспециализированная,,,,,,,,,,,,"{""code"":""46.90"",""description"":""Торговля оптовая неспециализированная""}"
38d16768-5aec-5111-8a14-3e25f4d77e90,9701166515,9701166515,activity,3,,,,other,,46.76,Торговля оптовая прочими промежуточными продуктами,,,,,,,,,,,,"{""code"":""46.76"",""description"":""Торговля оптовая прочими промежуточными продуктами""}"
38d16768-5aec-5111-8a14-3e25f4d77e90,9701166515,9701166515,activity,4,,,,other,,77.12,Аренда и лизинг грузовых транспортных средств,,,,,,,,,,,,"{""code"":""77.12"",""description"":""Аренда и лизинг грузовых транспортных средств""}"
38d16768-5aec-5111-8a14-3e25f4d77e90,9701166515,9701166515,tax_system,0,Упрощенная система налогообложения,,,tax_system,,УСН,,,,,,,,,,,,,"{""fullName"":""Упрощенная система налогообложения"",""shortName"":""УСН""}"
540a5aa3-dd7e-5c02-bfd5-d0b0e0579614,9714079997,9714079997,founder,0,КОСЯКИН СТЕПАН АЛЕКСАНДРОВИЧ,366314195301,,founder,,,,100,200000,2025-08-21T21:00:00.000Z,True,,,,,,,,"{""name"":""КОСЯКИН СТЕПАН АЛЕКСАНДРОВИЧ"",""inn"":""366314195301"",""amount"":200000,""share"":100,""dateFrom"":{""$date"":""2025-08-21T21:00:00.000Z""},""active"":true}"
540a5aa3-dd7e-5c02-bfd5-d0b0e0579614,9714079997,9714079997,director,0,КОСЯКИН СТЕПАН АЛЕКСАНДРОВИЧ,366314195301,,director,ДИРЕКТОР,,,,,2025-08-21T21:00:00.000Z,,,,,,,,,"{""name"":""КОСЯКИН СТЕПАН АЛЕКСАНДРОВИЧ"",""positionName"":""ДИРЕКТОР"",""inn"":""366314195301"",""positionDate"":{""$date"":""2025-08-21T21:00:00.000Z""}}"
540a5aa3-dd7e-5c02-bfd5-d0b0e0579614,9714079997,9714079997,related_company,0,"ООО ""СИРИУС""",9714079549,1257700361423,related_company,,,,,,,,2025-08-13T21:00:00.000Z,,,,,КОСЯКИН СТЕПАН АЛЕКСАНДРОВИЧ,ДИРЕКТОР,"{""inn"":""9714079549"",""ogrn"":""1257700361423"",""name"":""ООО \""СИРИУС\"""",""registrationDate"":{""$date"":""2025-08-13T21:00:00.000Z""},""authPersonName"":""КОСЯКИН СТЕПАН АЛЕКСАНДРОВИЧ"",""authPersonPosition"":""ДИРЕКТОР""}"
540a5aa3-dd7e-5c02-bfd5-d0b0e0579614,9714079997,9714079997,activity,0,,,,main,,46.90,Торговля оптовая неспециализированная,,,,,,,,,,,,"{""code"":""46.90"",""description"":""Торговля оптовая неспециализированная""}"
540a5aa3-dd7e-5c02-bfd5-d0b0e0579614,9714079997,9714079997,activity,1,,,,other,,52.29,"Деятельность вспомогательная прочая, связанная с перевозками",,,,,,,,,,,,"{""code"":""52.29"",""description"":""Деятельность вспомогательная прочая, связанная с перевозками""}"
540a5aa3-dd7e-5c02-bfd5-d0b0e0579614,9714079997,9714079997,activity,2,,,,other,,43.22,"Производство санитарно-технических работ, монтаж отопительных систем и систем кондиционирования воздуха",,,,,,,,,,,,"{""code"":""43.22"",""description"":""Производство санитарно-технических работ, монтаж отопительных систем и систем кондиционирования воздуха""}"
540a5aa3-dd7e-5c02-bfd5-d0b0e0579614,9714079997,9714079997,activity,3,,,,other,,46.45,Торговля оптовая парфюмерными и косметическими товарами,,,,,,,,,,,,"{""code"":""46.45"",""description"":""Торговля оптовая парфюмерными и косметическими товарами""}"
540a5aa3-dd7e-5c02-bfd5-d0b0e0579614,9714079997,9714079997,activity,4,,,,other,,73.20.1,Исследование конъюнктуры рынка,,,,,,,,,,,,"{""code"":""73.20.1"",""description"":""Исследование конъюнктуры рынка""}"
540a5aa3-dd7e-5c02-bfd5-d0b0e0579614,9714079997,9714079997,activity,5,,,,other,,43.99.1,Работы гидроизоляционные,,,,,,,,,,,,"{""code"":""43.99.1"",""description"":""Работы гидроизоляционные""}"
540a5aa3-dd7e-5c02-bfd5-d0b0e0579614,9714079997,9714079997,activity,6,,,,other,,46.69.5,"Торговля оптовая производственным электротехническим оборудованием, машинами, аппаратурой и материалами",,,,,,,,,,,,"{""code"":""46.69.5"",""description"":""Торговля оптовая производственным электротехническим оборудованием, машинами, аппаратурой и материалами""}"
540a5aa3-dd7e-5c02-bfd5-d0b0e0579614,9714079997,9714079997,activity,7,,,,other,,25.99,"Производство прочих готовых металлических изделий, не включенных в другие группировки",,,,,,,,,,,,"{""code"":""25.99"",""description"":""Производство прочих готовых металлических изделий, не включенных в другие группировки""}"
540a5aa3-dd7e-5c02-bfd5-d0b0e0579614,9714079997,9714079997,activity,8,,,,other,,82.11,Деятельность административно-хозяйственная комплексная по обеспечению работы организации,,,,,,,,,,,,"{""code"":""82.11"",""description"":""Деятельность административно-хозяйственная комплексная по обеспечению работы организации""}"
540a5aa3-dd7e-5c02-bfd5-d0b0e0579614,9714079997,9714079997,activity,9,,,,other,,43.29,Производство прочих строительно-монтажных работ,,,,,,,,,,,,"{""code"":""43.29"",""description"":""Производство прочих строительно-монтажных работ""}"
540a5aa3-dd7e-5c02-bfd5-d0b0e0579614,9714079997,9714079997,activity,10,,,,other,,49.41.2,Перевозка грузов неспециализированными автотранспортными средствами,,,,,,,,,,,,"{""code"":""49.41.2"",""description"":""Перевозка грузов неспециализированными автотранспортными средствами""}"
540a5aa3-dd7e-5c02-bfd5-d0b0e0579614,9714079997,9714079997,activity,11,,,,other,,25.50.1,"Предоставление услуг по ковке, прессованию, объемной и листовой штамповке и профилированию листового металла",,,,,,,,,,,,"{""code"":""25.50.1"",""description"":""Предоставление услуг по ковке, прессованию, объемной и листовой штамповке и профилированию листового металла""}"
540a5aa3-dd7e-5c02-bfd5-d0b0e0579614,9714079997,9714079997,activity,12,,,,other,,46.73.6,Торговля оптовая прочими строительными материалами и изделиями,,,,,,,,,,,,"{""code"":""46.73.6"",""description"":""Торговля оптовая прочими строительными материалами и изделиями""}"
540a5aa3-dd7e-5c02-bfd5-d0b0e0579614,9714079997,9714079997,activity,13,,,,other,,71.11.3,Деятельность в области ландшафтной архитектуры и консультативные услуги в области архитектуры,,,,,,,,,,,,"{""code"":""71.11.3"",""description"":""Деятельность в области ландшафтной архитектуры и консультативные услуги в области архитектуры""}"
540a5aa3-dd7e-5c02-bfd5-d0b0e0579614,9714079997,9714079997,activity,14,,,,other,,47.21,Торговля розничная фруктами и овощами в специализированных магазинах,,,,,,,,,,,,"{""code"":""47.21"",""description"":""Торговля розничная фруктами и овощами в специализированных магазинах""}"
540a5aa3-dd7e-5c02-bfd5-d0b0e0579614,9714079997,9714079997,activity,15,,,,other,,46.31,Торговля оптовая фруктами и овощами,,,,,,,,,,,,"{""code"":""46.31"",""description"":""Торговля оптовая фруктами и овощами""}"
540a5aa3-dd7e-5c02-bfd5-d0b0e0579614,9714079997,9714079997,tax_system,0,Общая система налогообложения,,,tax_system,,ОСНО,,,,,,,,,,,,,"{""fullName"":""Общая система налогообложения"",""shortName"":""ОСНО""}"
cac3a7f0-24aa-5e00-baa7-3e391420b2f2,7826131151,7826131151,founder,0,КОМПАНИЯ ЛЕСТЕРБОЛЛ КОММЕРШИАЛ ИНКОРПОРЕЙТЕД,,,founder,,,,26,62092800,2018-05-09T21:00:00.000Z,True,,,,,,,,"{""name"":""КОМПАНИЯ ЛЕСТЕРБОЛЛ КОММЕРШИАЛ ИНКОРПОРЕЙТЕД"",""amount"":62092800,""share"":26,""dateFrom"":{""$date"":""2018-05-09T21:00:00.000Z""},""active"":true}"
cac3a7f0-24aa-5e00-baa7-3e391420b2f2,7826131151,7826131151,founder,1,"КОМПАНИЯ С ОГРАНИЧЕННОЙ ОТВЕТСТВЕННОСТЬЮ ""БРИКСТОУН РЕАЛ ИСТЭЙТ ФАНДЗ СИКАВ П.Л.С.""",,,founder,,,,73,168312200,2013-02-26T20:00:00.000Z,True,,,,,,,,"{""name"":""КОМПАНИЯ С ОГРАНИЧЕННОЙ ОТВЕТСТВЕННОСТЬЮ \""БРИКСТОУН РЕАЛ ИСТЭЙТ ФАНДЗ СИКАВ П.Л.С.\"""",""amount"":168312200,""share"":73,""dateFrom"":{""$date"":""2013-02-26T20:00:00.000Z""},""active"":true}"
cac3a7f0-24aa-5e00-baa7-3e391420b2f2,7826131151,7826131151,director,0,МАСЛОВ ВЛАДИМИР ВАДИМОВИЧ,780105327589,,director,ГЕНЕРАЛЬНЫЙ ДИРЕКТОР,,,,,2017-03-18T21:00:00.000Z,,,,,,,,,"{""name"":""МАСЛОВ ВЛАДИМИР ВАДИМОВИЧ"",""positionName"":""ГЕНЕРАЛЬНЫЙ ДИРЕКТОР"",""inn"":""780105327589"",""positionDate"":{""$date"":""2017-03-18T21:00:00.000Z""}}"
cac3a7f0-24aa-5e00-baa7-3e391420b2f2,7826131151,7826131151,related_company,0,"ООО ""ПРО КАПИТАЛ СИБИРЬ""",5404307131,1075404004565,related_company,,,,,,,,2007-02-05T21:00:00.000Z,,,,,МАСЛОВ ВЛАДИМИР ВАДИМОВИЧ,ГЕНЕРАЛЬНЫЙ ДИРЕКТОР,"{""inn"":""5404307131"",""ogrn"":""1075404004565"",""name"":""ООО \""ПРО КАПИТАЛ СИБИРЬ\"""",""registrationDate"":{""$date"":""2007-02-05T21:00:00.000Z""},""authPersonName"":""МАСЛОВ ВЛАДИМИР ВАДИМОВИЧ"",""authPersonPosition"":""ГЕНЕРАЛЬНЫЙ ДИРЕКТОР""}"
cac3a7f0-24aa-5e00-baa7-3e391420b2f2,7826131151,7826131151,related_company,1,"ООО ""АЛЬБЕРГО ТОМСК""",7017196837,1077017035534,related_company,,,,,,,,2007-11-12T21:00:00.000Z,,,,,МАСЛОВ ВЛАДИМИР ВАДИМОВИЧ,ГЕНЕРАЛЬНЫЙ ДИРЕКТОР,"{""inn"":""7017196837"",""ogrn"":""1077017035534"",""name"":""ООО \""АЛЬБЕРГО ТОМСК\"""",""registrationDate"":{""$date"":""2007-11-12T21:00:00.000Z""},""authPersonName"":""МАСЛОВ ВЛАДИМИР ВАДИМОВИЧ"",""authPersonPosition"":""ГЕНЕРАЛЬНЫЙ ДИРЕКТОР""}"
cac3a7f0-24aa-5e00-baa7-3e391420b2f2,7826131151,7826131151,related_company,2,"ООО ""АЛЬБЕРГО УРАЛ""",6672265954,1086672008290,related_company,,,,,,,,2008-04-17T20:00:00.000Z,,,,,МАСЛОВ ВЛАДИМИР ВАДИМОВИЧ,ГЕНЕРАЛЬНЫЙ ДИРЕКТОР,"{""inn"":""6672265954"",""ogrn"":""1086672008290"",""name"":""ООО \""АЛЬБЕРГО УРАЛ\"""",""registrationDate"":{""$date"":""2008-04-17T20:00:00.000Z""},""authPersonName"":""МАСЛОВ ВЛАДИМИР ВАДИМОВИЧ"",""authPersonPosition"":""ГЕНЕРАЛЬНЫЙ ДИРЕКТОР""}"
cac3a7f0-24aa-5e00-baa7-3e391420b2f2,7826131151,7826131151,related_company,3,"ООО ""ДОМИНА ИНВЕСТ""",7838132262,1257800067326,related_company,,,,,,,,2025-07-24T21:00:00.000Z,,,,,МАСЛОВ ВЛАДИМИР ВАДИМОВИЧ,ГЕНЕРАЛЬНЫЙ ДИРЕКТОР,"{""inn"":""7838132262"",""ogrn"":""1257800067326"",""name"":""ООО \""ДОМИНА ИНВЕСТ\"""",""registrationDate"":{""$date"":""2025-07-24T21:00:00.000Z""},""authPersonName"":""МАСЛОВ ВЛАДИМИР ВАДИМОВИЧ"",""authPersonPosition"":""ГЕНЕРАЛЬНЫЙ ДИРЕКТОР""}"
cac3a7f0-24aa-5e00-baa7-3e391420b2f2,7826131151,7826131151,related_company,4,"ООО ""ПРО КАПИТАЛ РУС""",7842341653,5067847302023,related_company,,,,,,,,2006-08-31T20:00:00.000Z,,,,,МАСЛОВ ВЛАДИМИР ВАДИМОВИЧ,ГЕНЕРАЛЬНЫЙ ДИРЕКТОР,"{""inn"":""7842341653"",""ogrn"":""5067847302023"",""name"":""ООО \""ПРО КАПИТАЛ РУС\"""",""registrationDate"":{""$date"":""2006-08-31T20:00:00.000Z""},""authPersonName"":""МАСЛОВ ВЛАДИМИР ВАДИМОВИЧ"",""authPersonPosition"":""ГЕНЕРАЛЬНЫЙ ДИРЕКТОР""}"
cac3a7f0-24aa-5e00-baa7-3e391420b2f2,7826131151,7826131151,related_company,5,"ООО ""АЛЬБЕРГО ЛИПЕЦК""",4823032012,1074823019611,related_company,,,,,,,,2007-11-07T21:00:00.000Z,,,,,МАСЛОВ ВЛАДИМИР ВАДИМОВИЧ,ГЕНЕРАЛЬНЫЙ ДИРЕКТОР,"{""inn"":""4823032012"",""ogrn"":""1074823019611"",""name"":""ООО \""АЛЬБЕРГО ЛИПЕЦК\"""",""registrationDate"":{""$date"":""2007-11-07T21:00:00.000Z""},""authPersonName"":""МАСЛОВ ВЛАДИМИР ВАДИМОВИЧ"",""authPersonPosition"":""ГЕНЕРАЛЬНЫЙ ДИРЕКТОР""}"
cac3a7f0-24aa-5e00-baa7-3e391420b2f2,7826131151,7826131151,related_company,6,"ООО ""АЛЬБЕРГО КАЛИНИНГРАД""",7838113478,1237800049904,related_company,,,,,,,,2023-04-25T21:00:00.000Z,,,,,ЗЫКОВА ЕЛЕНА НИКОЛАЕВНА,ГЕНЕРАЛЬНЫЙ ДИРЕКТОР,"{""inn"":""7838113478"",""ogrn"":""1237800049904"",""name"":""ООО \""АЛЬБЕРГО КАЛИНИНГРАД\"""",""registrationDate"":{""$date"":""2023-04-25T21:00:00.000Z""},""authPersonName"":""ЗЫКОВА ЕЛЕНА НИКОЛАЕВНА"",""authPersonPosition"":""ГЕНЕРАЛЬНЫЙ ДИРЕКТОР""}"
cac3a7f0-24aa-5e00-baa7-3e391420b2f2,7826131151,7826131151,related_company,7,"ООО ""ДОМИНА РУС""",7840412387,1097847119303,related_company,,,,,,,,2009-04-23T20:00:00.000Z,,,,,КУЗНЕЦОВА КРИСТИНА РАМАЗАНОВНА,ГЕНЕРАЛЬНЫЙ ДИРЕКТОР,"{""inn"":""7840412387"",""ogrn"":""1097847119303"",""name"":""ООО \""ДОМИНА РУС\"""",""registrationDate"":{""$date"":""2009-04-23T20:00:00.000Z""},""authPersonName"":""КУЗНЕЦОВА КРИСТИНА РАМАЗАНОВНА"",""authPersonPosition"":""ГЕНЕРАЛЬНЫЙ ДИРЕКТОР""}"
cac3a7f0-24aa-5e00-baa7-3e391420b2f2,7826131151,7826131151,activity,0,,,,main,,68.20.29,Аренда и управление собственным или арендованным прочим нежилым недвижимым имуществом,,,,,,,,,,,,"{""code"":""68.20.29"",""description"":""Аренда и управление собственным или арендованным прочим нежилым недвижимым имуществом""}"
cac3a7f0-24aa-5e00-baa7-3e391420b2f2,7826131151,7826131151,activity,1,,,,other,,55.10,Деятельность гостиниц и прочих мест для временного проживания,,,,,,,,,,,,"{""code"":""55.10"",""description"":""Деятельность гостиниц и прочих мест для временного проживания""}"
cac3a7f0-24aa-5e00-baa7-3e391420b2f2,7826131151,7826131151,activity,2,,,,other,,68.20.2,Аренда и управление собственным или арендованным нежилым недвижимым имуществом,,,,,,,,,,,,"{""code"":""68.20.2"",""description"":""Аренда и управление собственным или арендованным нежилым недвижимым имуществом""}"
cac3a7f0-24aa-5e00-baa7-3e391420b2f2,7826131151,7826131151,tax_system,0,Общая система налогообложения,,,tax_system,,ОСНО,,,,,,,,,,,,,"{""fullName"":""Общая система налогообложения"",""shortName"":""ОСНО""}"
bf753ecf-e209-570c-931c-80a9fafd7e3b,9714021411,9714021411,founder,0,АЗИСОВ МАКСИМ АЛЕКСАНДРОВИЧ,544509725415,,founder,,,,100,15000,2023-10-02T21:00:00.000Z,True,,,,,,,,"{""name"":""АЗИСОВ МАКСИМ АЛЕКСАНДРОВИЧ"",""inn"":""544509725415"",""amount"":15000,""share"":100,""dateFrom"":{""$date"":""2023-10-02T21:00:00.000Z""},""active"":true}"
bf753ecf-e209-570c-931c-80a9fafd7e3b,9714021411,9714021411,director,0,АЗИСОВ МАКСИМ АЛЕКСАНДРОВИЧ,544509725415,,director,ГЕНЕРАЛЬНЫЙ ДИРЕКТОР,,,,,2023-10-02T21:00:00.000Z,,,,,,,,,"{""name"":""АЗИСОВ МАКСИМ АЛЕКСАНДРОВИЧ"",""positionName"":""ГЕНЕРАЛЬНЫЙ ДИРЕКТОР"",""inn"":""544509725415"",""positionDate"":{""$date"":""2023-10-02T21:00:00.000Z""}}"
bf753ecf-e209-570c-931c-80a9fafd7e3b,9714021411,9714021411,related_company,0,ИП АЗИСОВ МАКСИМ АЛЕКСАНДРОВИЧ,544509725415,323547600156032,related_company,,,,,,,,,,,,,,,"{""inn"":""544509725415"",""ogrn"":""323547600156032"",""name"":""ИП АЗИСОВ МАКСИМ АЛЕКСАНДРОВИЧ""}"
bf753ecf-e209-570c-931c-80a9fafd7e3b,9714021411,9714021411,activity,0,,,,main,,49.41,Деятельность автомобильного грузового транспорта,,,,,,,,,,,,"{""code"":""49.41"",""description"":""Деятельность автомобильного грузового транспорта""}"
bf753ecf-e209-570c-931c-80a9fafd7e3b,9714021411,9714021411,activity,1,,,,other,,52.29,"Деятельность вспомогательная прочая, связанная с перевозками",,,,,,,,,,,,"{""code"":""52.29"",""description"":""Деятельность вспомогательная прочая, связанная с перевозками""}"
bf753ecf-e209-570c-931c-80a9fafd7e3b,9714021411,9714021411,activity,2,,,,other,,49.42,Предоставление услуг по перевозкам,,,,,,,,,,,,"{""code"":""49.42"",""description"":""Предоставление услуг по перевозкам""}"
bf753ecf-e209-570c-931c-80a9fafd7e3b,9714021411,9714021411,activity,3,,,,other,,45.20,Техническое обслуживание и ремонт автотранспортных средств,,,,,,,,,,,,"{""code"":""45.20"",""description"":""Техническое обслуживание и ремонт автотранспортных средств""}"
bf753ecf-e209-570c-931c-80a9fafd7e3b,9714021411,9714021411,activity,4,,,,other,,45.40,"Торговля мотоциклами, их деталями, узлами и принадлежностями; техническое обслуживание и ремонт мотоциклов",,,,,,,,,,,,"{""code"":""45.40"",""description"":""Торговля мотоциклами, их деталями, узлами и принадлежностями; техническое обслуживание и ремонт мотоциклов""}"
bf753ecf-e209-570c-931c-80a9fafd7e3b,9714021411,9714021411,activity,5,,,,other,,41.20,Строительство жилых и нежилых зданий,,,,,,,,,,,,"{""code"":""41.20"",""description"":""Строительство жилых и нежилых зданий""}"
bf753ecf-e209-570c-931c-80a9fafd7e3b,9714021411,9714021411,activity,6,,,,other,,47.26,Торговля розничная табачными изделиями в специализированных магазинах,,,,,,,,,,,,"{""code"":""47.26"",""description"":""Торговля розничная табачными изделиями в специализированных магазинах""}"
bf753ecf-e209-570c-931c-80a9fafd7e3b,9714021411,9714021411,activity,7,,,,other,,46.35,Торговля оптовая табачными изделиями,,,,,,,,,,,,"{""code"":""46.35"",""description"":""Торговля оптовая табачными изделиями""}"
bf753ecf-e209-570c-931c-80a9fafd7e3b,9714021411,9714021411,activity,8,,,,other,,47.11,"Торговля розничная преимущественно пищевыми продуктами, включая напитки, и табачными изделиями в неспециализированных магазинах",,,,,,,,,,,,"{""code"":""47.11"",""description"":""Торговля розничная преимущественно пищевыми продуктами, включая напитки, и табачными изделиями в неспециализированных магазинах""}"
bf753ecf-e209-570c-931c-80a9fafd7e3b,9714021411,9714021411,activity,9,,,,other,,33.11,Ремонт металлоизделий,,,,,,,,,,,,"{""code"":""33.11"",""description"":""Ремонт металлоизделий""}"
bf753ecf-e209-570c-931c-80a9fafd7e3b,9714021411,9714021411,activity,10,,,,other,,45.31,"Торговля оптовая автомобильными деталями, узлами и принадлежностями",,,,,,,,,,,,"{""code"":""45.31"",""description"":""Торговля оптовая автомобильными деталями, узлами и принадлежностями""}"
bf753ecf-e209-570c-931c-80a9fafd7e3b,9714021411,9714021411,activity,11,,,,other,,45.32,"Торговля розничная автомобильными деталями, узлами и принадлежностями",,,,,,,,,,,,"{""code"":""45.32"",""description"":""Торговля розничная автомобильными деталями, узлами и принадлежностями""}"
bf753ecf-e209-570c-931c-80a9fafd7e3b,9714021411,9714021411,tax_system,0,Общая система налогообложения,,,tax_system,,ОСНО,,,,,,,,,,,,,"{""fullName"":""Общая система налогообложения"",""shortName"":""ОСНО""}"
cc7f6d32-2807-51de-93d3-f602c3ee1490,6321305439,6321305439,founder,0,МЕНГЕЛЬ ЕВГЕНИЙ АЛЕКСАНДРОВИЧ,632114639329,,founder,,,,100,10000,2013-01-28T20:00:00.000Z,True,,,,,,,,"{""name"":""МЕНГЕЛЬ ЕВГЕНИЙ АЛЕКСАНДРОВИЧ"",""inn"":""632114639329"",""amount"":10000,""share"":100,""dateFrom"":{""$date"":""2013-01-28T20:00:00.000Z""},""active"":true}"
cc7f6d32-2807-51de-93d3-f602c3ee1490,6321305439,6321305439,director,0,МЕНГЕЛЬ ЕВГЕНИЙ АЛЕКСАНДРОВИЧ,632114639329,,director,ДИРЕКТОР,,,,,2021-09-05T21:00:00.000Z,,,,,,,,,"{""name"":""МЕНГЕЛЬ ЕВГЕНИЙ АЛЕКСАНДРОВИЧ"",""positionName"":""ДИРЕКТОР"",""inn"":""632114639329"",""positionDate"":{""$date"":""2021-09-05T21:00:00.000Z""}}"
cc7f6d32-2807-51de-93d3-f602c3ee1490,6321305439,6321305439,related_company,0,ИП МЕНГЕЛЬ ЕВГЕНИЙ АЛЕКСАНДРОВИЧ,632114639329,319631300100657,related_company,,,,,,,,,,,,,,,"{""inn"":""632114639329"",""ogrn"":""319631300100657"",""name"":""ИП МЕНГЕЛЬ ЕВГЕНИЙ АЛЕКСАНДРОВИЧ""}"
cc7f6d32-2807-51de-93d3-f602c3ee1490,6321305439,6321305439,related_company,1,"ООО ""ПФА""",6382088196,1226300000409,related_company,,,,,,,,2022-01-10T21:00:00.000Z,,,,,МЕНГЕЛЬ ЕВГЕНИЙ АЛЕКСАНДРОВИЧ,ДИРЕКТОР,"{""inn"":""6382088196"",""ogrn"":""1226300000409"",""name"":""ООО \""ПФА\"""",""registrationDate"":{""$date"":""2022-01-10T21:00:00.000Z""},""authPersonName"":""МЕНГЕЛЬ ЕВГЕНИЙ АЛЕКСАНДРОВИЧ"",""authPersonPosition"":""ДИРЕКТОР""}"
cc7f6d32-2807-51de-93d3-f602c3ee1490,6321305439,6321305439,activity,0,,,,main,,46.73.6,Торговля оптовая прочими строительными материалами и изделиями,,,,,,,,,,,,"{""code"":""46.73.6"",""description"":""Торговля оптовая прочими строительными материалами и изделиями""}"
cc7f6d32-2807-51de-93d3-f602c3ee1490,6321305439,6321305439,activity,1,,,,other,,46.9,Торговля оптовая неспециализированная,,,,,,,,,,,,"{""code"":""46.9"",""description"":""Торговля оптовая неспециализированная""}"
cc7f6d32-2807-51de-93d3-f602c3ee1490,6321305439,6321305439,activity,2,,,,other,,93.11,Деятельность спортивных объектов,,,,,,,,,,,,"{""code"":""93.11"",""description"":""Деятельность спортивных объектов""}"
cc7f6d32-2807-51de-93d3-f602c3ee1490,6321305439,6321305439,activity,3,,,,other,,93.19,Деятельность в области спорта прочая,,,,,,,,,,,,"{""code"":""93.19"",""description"":""Деятельность в области спорта прочая""}"
cc7f6d32-2807-51de-93d3-f602c3ee1490,6321305439,6321305439,activity,4,,,,other,,85.41.1,Образование в области спорта и отдыха,,,,,,,,,,,,"{""code"":""85.41.1"",""description"":""Образование в области спорта и отдыха""}"
cc7f6d32-2807-51de-93d3-f602c3ee1490,6321305439,6321305439,activity,5,,,,other,,93.13,Деятельность фитнес-центров,,,,,,,,,,,,"{""code"":""93.13"",""description"":""Деятельность фитнес-центров""}"
cc7f6d32-2807-51de-93d3-f602c3ee1490,6321305439,6321305439,activity,6,,,,other,,47.52.7,"Торговля розничная строительными материалами, не включенными в другие группировки, в специализированных магазинах",,,,,,,,,,,,"{""code"":""47.52.7"",""description"":""Торговля розничная строительными материалами, не включенными в другие группировки, в специализированных магазинах""}"
cc7f6d32-2807-51de-93d3-f602c3ee1490,6321305439,6321305439,activity,7,,,,other,,93.12,Деятельность спортивных клубов,,,,,,,,,,,,"{""code"":""93.12"",""description"":""Деятельность спортивных клубов""}"
cc7f6d32-2807-51de-93d3-f602c3ee1490,6321305439,6321305439,tax_system,0,Общая система налогообложения,,,tax_system,,ОСНО,,,,,,,,,,,,,"{""fullName"":""Общая система налогообложения"",""shortName"":""ОСНО""}"
b500a13c-df88-59e0-9311-3c5160d8958a,2364004929,2364004929,founder,0,УШАНЕВА ТАТЬЯНА ВАЛЕНТИНОВНА,231301101471,,founder,,,,50,5481,2011-03-27T20:00:00.000Z,True,,,,,,,,"{""name"":""УШАНЕВА ТАТЬЯНА ВАЛЕНТИНОВНА"",""inn"":""231301101471"",""amount"":5481,""share"":50,""dateFrom"":{""$date"":""2011-03-27T20:00:00.000Z""},""active"":true}"
b500a13c-df88-59e0-9311-3c5160d8958a,2364004929,2364004929,founder,1,ТЕСЛЯ ЛЮДМИЛА ВАСИЛЬЕВНА,612704854206,,founder,,,,50,5481,2025-09-30T21:00:00.000Z,True,,,,,,,,"{""name"":""ТЕСЛЯ ЛЮДМИЛА ВАСИЛЬЕВНА"",""inn"":""612704854206"",""amount"":5481,""share"":50,""dateFrom"":{""$date"":""2025-09-30T21:00:00.000Z""},""active"":true}"
b500a13c-df88-59e0-9311-3c5160d8958a,2364004929,2364004929,director,0,ТЕСЛЯ ЛЮДМИЛА ВАСИЛЬЕВНА,612704854206,,director,ДИРЕКТОР,,,,,2026-06-15T21:00:00.000Z,,,,,,,,,"{""name"":""ТЕСЛЯ ЛЮДМИЛА ВАСИЛЬЕВНА"",""positionName"":""ДИРЕКТОР"",""inn"":""612704854206"",""positionDate"":{""$date"":""2026-06-15T21:00:00.000Z""}}"
b500a13c-df88-59e0-9311-3c5160d8958a,2364004929,2364004929,activity,0,,,,main,,41.20,Строительство жилых и нежилых зданий,,,,,,,,,,,,"{""code"":""41.20"",""description"":""Строительство жилых и нежилых зданий""}"
b500a13c-df88-59e0-9311-3c5160d8958a,2364004929,2364004929,activity,1,,,,other,,42.22.2,Строительство местных линий электропередачи и связи,,,,,,,,,,,,"{""code"":""42.22.2"",""description"":""Строительство местных линий электропередачи и связи""}"
b500a13c-df88-59e0-9311-3c5160d8958a,2364004929,2364004929,activity,2,,,,other,,43.99.4,Работы бетонные и железобетонные,,,,,,,,,,,,"{""code"":""43.99.4"",""description"":""Работы бетонные и железобетонные""}"
b500a13c-df88-59e0-9311-3c5160d8958a,2364004929,2364004929,activity,3,,,,other,,42.22.1,Строительство междугородних линий электропередачи и связи,,,,,,,,,,,,"{""code"":""42.22.1"",""description"":""Строительство междугородних линий электропередачи и связи""}"
b500a13c-df88-59e0-9311-3c5160d8958a,2364004929,2364004929,activity,4,,,,other,,43.99.3,Работы свайные и работы по строительству фундаментов,,,,,,,,,,,,"{""code"":""43.99.3"",""description"":""Работы свайные и работы по строительству фундаментов""}"
b500a13c-df88-59e0-9311-3c5160d8958a,2364004929,2364004929,activity,5,,,,other,,43.12,Подготовка строительной площадки,,,,,,,,,,,,"{""code"":""43.12"",""description"":""Подготовка строительной площадки""}"
b500a13c-df88-59e0-9311-3c5160d8958a,2364004929,2364004929,activity,6,,,,other,,43.22,"Производство санитарно-технических работ, монтаж отопительных систем и систем кондиционирования воздуха",,,,,,,,,,,,"{""code"":""43.22"",""description"":""Производство санитарно-технических работ, монтаж отопительных систем и систем кондиционирования воздуха""}"
b500a13c-df88-59e0-9311-3c5160d8958a,2364004929,2364004929,activity,7,,,,other,,43.12.3,Производство земляных работ,,,,,,,,,,,,"{""code"":""43.12.3"",""description"":""Производство земляных работ""}"
b500a13c-df88-59e0-9311-3c5160d8958a,2364004929,2364004929,activity,8,,,,other,,42.11,Строительство автомобильных дорог и автомагистралей,,,,,,,,,,,,"{""code"":""42.11"",""description"":""Строительство автомобильных дорог и автомагистралей""}"
b500a13c-df88-59e0-9311-3c5160d8958a,2364004929,2364004929,activity,9,,,,other,,42.21,"Строительство инженерных коммуникаций для водоснабжения и водоотведения, газоснабжения",,,,,,,,,,,,"{""code"":""42.21"",""description"":""Строительство инженерных коммуникаций для водоснабжения и водоотведения, газоснабжения""}"
b500a13c-df88-59e0-9311-3c5160d8958a,2364004929,2364004929,activity,10,,,,other,,43.12.1,Расчистка территории строительной площадки,,,,,,,,,,,,"{""code"":""43.12.1"",""description"":""Расчистка территории строительной площадки""}"
b500a13c-df88-59e0-9311-3c5160d8958a,2364004929,2364004929,activity,11,,,,other,,42.99,"Строительство прочих инженерных сооружений, не включенных в другие группировки",,,,,,,,,,,,"{""code"":""42.99"",""description"":""Строительство прочих инженерных сооружений, не включенных в другие группировки""}"
b500a13c-df88-59e0-9311-3c5160d8958a,2364004929,2364004929,activity,12,,,,other,,43.32,Работы столярные и плотничные,,,,,,,,,,,,"{""code"":""43.32"",""description"":""Работы столярные и плотничные""}"
b500a13c-df88-59e0-9311-3c5160d8958a,2364004929,2364004929,activity,13,,,,other,,43.99.7,Работы по сборке и монтажу сборных конструкций,,,,,,,,,,,,"{""code"":""43.99.7"",""description"":""Работы по сборке и монтажу сборных конструкций""}"
b500a13c-df88-59e0-9311-3c5160d8958a,2364004929,2364004929,activity,14,,,,other,,43.34,Производство малярных и стекольных работ,,,,,,,,,,,,"{""code"":""43.34"",""description"":""Производство малярных и стекольных работ""}"
b500a13c-df88-59e0-9311-3c5160d8958a,2364004929,2364004929,activity,15,,,,other,,43.99,"Работы строительные специализированные прочие, не включенные в другие группировки",,,,,,,,,,,,"{""code"":""43.99"",""description"":""Работы строительные специализированные прочие, не включенные в другие группировки""}"
b500a13c-df88-59e0-9311-3c5160d8958a,2364004929,2364004929,activity,16,,,,other,,43.99.5,Работы по монтажу стальных строительных конструкций,,,,,,,,,,,,"{""code"":""43.99.5"",""description"":""Работы по монтажу стальных строительных конструкций""}"
b500a13c-df88-59e0-9311-3c5160d8958a,2364004929,2364004929,activity,17,,,,other,,43.99.6,Работы каменные и кирпичные,,,,,,,,,,,,"{""code"":""43.99.6"",""description"":""Работы каменные и кирпичные""}"
b500a13c-df88-59e0-9311-3c5160d8958a,2364004929,2364004929,activity,18,,,,other,,43.91,Производство кровельных работ,,,,,,,,,,,,"{""code"":""43.91"",""description"":""Производство кровельных работ""}"
b500a13c-df88-59e0-9311-3c5160d8958a,2364004929,2364004929,activity,19,,,,other,,43.29,Производство прочих строительно-монтажных работ,,,,,,,,,,,,"{""code"":""43.29"",""description"":""Производство прочих строительно-монтажных работ""}"
b500a13c-df88-59e0-9311-3c5160d8958a,2364004929,2364004929,activity,20,,,,other,,43.11,Разборка и снос зданий,,,,,,,,,,,,"{""code"":""43.11"",""description"":""Разборка и снос зданий""}"
b500a13c-df88-59e0-9311-3c5160d8958a,2364004929,2364004929,activity,21,,,,other,,43.99.1,Работы гидроизоляционные,,,,,,,,,,,,"{""code"":""43.99.1"",""description"":""Работы гидроизоляционные""}"
b500a13c-df88-59e0-9311-3c5160d8958a,2364004929,2364004929,activity,22,,,,other,,43.33,Работы по устройству покрытий полов и облицовке стен,,,,,,,,,,,,"{""code"":""43.33"",""description"":""Работы по устройству покрытий полов и облицовке стен""}"
b500a13c-df88-59e0-9311-3c5160d8958a,2364004929,2364004929,activity,23,,,,other,,43.99.2,Работы по установке строительных лесов и подмостей,,,,,,,,,,,,"{""code"":""43.99.2"",""description"":""Работы по установке строительных лесов и подмостей""}"
b500a13c-df88-59e0-9311-3c5160d8958a,2364004929,2364004929,activity,24,,,,other,,43.13,Разведочное бурение,,,,,,,,,,,,"{""code"":""43.13"",""description"":""Разведочное бурение""}"
b500a13c-df88-59e0-9311-3c5160d8958a,2364004929,2364004929,activity,25,,,,other,,43.99.9,"Работы строительные специализированные, не включенные в другие группировки",,,,,,,,,,,,"{""code"":""43.99.9"",""description"":""Работы строительные специализированные, не включенные в другие группировки""}"
b500a13c-df88-59e0-9311-3c5160d8958a,2364004929,2364004929,activity,26,,,,other,,43.21,Производство электромонтажных работ,,,,,,,,,,,,"{""code"":""43.21"",""description"":""Производство электромонтажных работ""}"
b500a13c-df88-59e0-9311-3c5160d8958a,2364004929,2364004929,activity,27,,,,other,,43.31,Производство штукатурных работ,,,,,,,,,,,,"{""code"":""43.31"",""description"":""Производство штукатурных работ""}"
b500a13c-df88-59e0-9311-3c5160d8958a,2364004929,2364004929,activity,28,,,,other,,43.39,Производство прочих отделочных и завершающих работ,,,,,,,,,,,,"{""code"":""43.39"",""description"":""Производство прочих отделочных и завершающих работ""}"
b500a13c-df88-59e0-9311-3c5160d8958a,2364004929,2364004929,activity,29,,,,other,,71.11.1,"Деятельность в области архитектуры, связанная с созданием архитектурного объекта",,,,,,,,,,,,"{""code"":""71.11.1"",""description"":""Деятельность в области архитектуры, связанная с созданием архитектурного объекта""}"
b500a13c-df88-59e0-9311-3c5160d8958a,2364004929,2364004929,activity,30,,,,other,,93.1,Деятельность в области спорта,,,,,,,,,,,,"{""code"":""93.1"",""description"":""Деятельность в области спорта""}"
b500a13c-df88-59e0-9311-3c5160d8958a,2364004929,2364004929,activity,31,,,,other,,74.30,Деятельность по письменному и устному переводу,,,,,,,,,,,,"{""code"":""74.30"",""description"":""Деятельность по письменному и устному переводу""}"
b500a13c-df88-59e0-9311-3c5160d8958a,2364004929,2364004929,activity,32,,,,other,,71.12.6,"Деятельность в области технического регулирования, стандартизации, метрологии, аккредитации, каталогизации продукции",,,,,,,,,,,,"{""code"":""71.12.6"",""description"":""Деятельность в области технического регулирования, стандартизации, метрологии, аккредитации, каталогизации продукции""}"
b500a13c-df88-59e0-9311-3c5160d8958a,2364004929,2364004929,activity,33,,,,other,,74.20,Деятельность в области фотографии,,,,,,,,,,,,"{""code"":""74.20"",""description"":""Деятельность в области фотографии""}"
b500a13c-df88-59e0-9311-3c5160d8958a,2364004929,2364004929,activity,34,,,,other,,71.11,Деятельность в области архитектуры,,,,,,,,,,,,"{""code"":""71.11"",""description"":""Деятельность в области архитектуры""}"
b500a13c-df88-59e0-9311-3c5160d8958a,2364004929,2364004929,activity,35,,,,other,,86,Деятельность в области здравоохранения,,,,,,,,,,,,"{""code"":""86"",""description"":""Деятельность в области здравоохранения""}"
b500a13c-df88-59e0-9311-3c5160d8958a,2364004929,2364004929,activity,36,,,,other,,71.12.5,"Деятельность в области гидрометеорологии и смежных с ней областях, мониторинга состояния окружающей среды, ее загрязнения",,,,,,,,,,,,"{""code"":""71.12.5"",""description"":""Деятельность в области гидрометеорологии и смежных с ней областях, мониторинга состояния окружающей среды, ее загрязнения""}"
b500a13c-df88-59e0-9311-3c5160d8958a,2364004929,2364004929,activity,37,,,,other,,71.1,"Деятельность в области архитектуры, инженерных изысканий и предоставление технических консультаций в этих областях",,,,,,,,,,,,"{""code"":""71.1"",""description"":""Деятельность в области архитектуры, инженерных изысканий и предоставление технических консультаций в этих областях""}"
b500a13c-df88-59e0-9311-3c5160d8958a,2364004929,2364004929,activity,38,,,,other,,71.12.1,"Деятельность, связанная с инженерно-техническим проектированием, управлением проектами строительства, выполнением строительного контроля и авторского надзора",,,,,,,,,,,,"{""code"":""71.12.1"",""description"":""Деятельность, связанная с инженерно-техническим проектированием, управлением проектами строительства, выполнением строительного контроля и авторского надзора""}"
b500a13c-df88-59e0-9311-3c5160d8958a,2364004929,2364004929,activity,39,,,,other,,82.92,Деятельность по упаковыванию товаров,,,,,,,,,,,,"{""code"":""82.92"",""description"":""Деятельность по упаковыванию товаров""}"
b500a13c-df88-59e0-9311-3c5160d8958a,2364004929,2364004929,activity,40,,,,other,,73.1,Деятельность рекламная,,,,,,,,,,,,"{""code"":""73.1"",""description"":""Деятельность рекламная""}"
b500a13c-df88-59e0-9311-3c5160d8958a,2364004929,2364004929,activity,41,,,,other,,96.0,Деятельность по предоставлению прочих персональных услуг,,,,,,,,,,,,"{""code"":""96.0"",""description"":""Деятельность по предоставлению прочих персональных услуг""}"
b500a13c-df88-59e0-9311-3c5160d8958a,2364004929,2364004929,phone,0,,,,phone,,,,,,,,,,,903,4619988,,,"{""phoneCode"":""903"",""phoneNumber"":""4619988""}"
b500a13c-df88-59e0-9311-3c5160d8958a,2364004929,2364004929,phone,1,,,,phone,,,,,,,,,,,964,9334325,,,"{""phoneCode"":""964"",""phoneNumber"":""9334325""}"
b500a13c-df88-59e0-9311-3c5160d8958a,2364004929,2364004929,tax_system,0,Упрощенная система налогообложения,,,tax_system,,УСН,,,,,,,,,,,,,"{""fullName"":""Упрощенная система налогообложения"",""shortName"":""УСН""}"
827da3fc-22a5-5e86-98eb-b0453ccbe192,343703064945,343703064945,related_company,0,"ОАО ""БЕЛЬКОВСКИЙ ЛЕСОКОМБИНАТ""",6204003339,1026200861170,related_company,,,,,,,,2002-11-09T21:00:00.000Z,,,,,КАЧУРИН МАКСИМ ОЛЕГОВИЧ,ГЕНЕРАЛЬНЫЙ ДИРЕКТОР,"{""inn"":""6204003339"",""ogrn"":""1026200861170"",""name"":""ОАО \""БЕЛЬКОВСКИЙ ЛЕСОКОМБИНАТ\"""",""registrationDate"":{""$date"":""2002-11-09T21:00:00.000Z""},""authPersonName"":""КАЧУРИН МАКСИМ ОЛЕГОВИЧ"",""authPersonPosition"":""ГЕНЕРАЛЬНЫЙ ДИРЕКТОР""}"
827da3fc-22a5-5e86-98eb-b0453ccbe192,343703064945,343703064945,activity,0,,,,main,,46.33.3,Торговля оптовая пищевыми маслами и жирами,,,,,,,,,,,,"{""code"":""46.33.3"",""description"":""Торговля оптовая пищевыми маслами и жирами""}"
827da3fc-22a5-5e86-98eb-b0453ccbe192,343703064945,343703064945,activity,1,,,,other,,47.29.22,Торговля розничная растительными маслами в специализированных магазинах,,,,,,,,,,,,"{""code"":""47.29.22"",""description"":""Торговля розничная растительными маслами в специализированных магазинах""}"
827da3fc-22a5-5e86-98eb-b0453ccbe192,343703064945,343703064945,activity,2,,,,other,,49.4,Деятельность автомобильного грузового транспорта и услуги по перевозкам,,,,,,,,,,,,"{""code"":""49.4"",""description"":""Деятельность автомобильного грузового транспорта и услуги по перевозкам""}"
827da3fc-22a5-5e86-98eb-b0453ccbe192,343703064945,343703064945,activity,3,,,,other,,46.38.2,Торговля оптовая прочими пищевыми продуктами,,,,,,,,,,,,"{""code"":""46.38.2"",""description"":""Торговля оптовая прочими пищевыми продуктами""}"
827da3fc-22a5-5e86-98eb-b0453ccbe192,343703064945,343703064945,activity,4,,,,other,,47.29.3,Торговля розничная прочими пищевыми продуктами в специализированных магазинах,,,,,,,,,,,,"{""code"":""47.29.3"",""description"":""Торговля розничная прочими пищевыми продуктами в специализированных магазинах""}"
827da3fc-22a5-5e86-98eb-b0453ccbe192,343703064945,343703064945,activity,5,,,,other,,49.41.3,Аренда грузового автомобильного транспорта с водителем,,,,,,,,,,,,"{""code"":""49.41.3"",""description"":""Аренда грузового автомобильного транспорта с водителем""}"
827da3fc-22a5-5e86-98eb-b0453ccbe192,343703064945,343703064945,activity,6,,,,other,,46.73,"Торговля оптовая лесоматериалами, строительными материалами и санитарно-техническим оборудованием",,,,,,,,,,,,"{""code"":""46.73"",""description"":""Торговля оптовая лесоматериалами, строительными материалами и санитарно-техническим оборудованием""}"
827da3fc-22a5-5e86-98eb-b0453ccbe192,343703064945,343703064945,activity,7,,,,other,,47.52,"Торговля розничная скобяными изделиями, лакокрасочными материалами и стеклом в специализированных магазинах",,,,,,,,,,,,"{""code"":""47.52"",""description"":""Торговля розничная скобяными изделиями, лакокрасочными материалами и стеклом в специализированных магазинах""}"
6a00b3bc-42ff-510d-bab8-f77a9b71799b,2311304742,2311304742,founder,0,ПАНАСЕНКО ЮРИЙ ВИКТОРОВИЧ,234704962013,,founder,,,,100,40000,2021-01-21T21:00:00.000Z,True,,,,,,,,"{""name"":""ПАНАСЕНКО ЮРИЙ ВИКТОРОВИЧ"",""inn"":""234704962013"",""amount"":40000,""share"":100,""dateFrom"":{""$date"":""2021-01-21T21:00:00.000Z""},""active"":true}"
6a00b3bc-42ff-510d-bab8-f77a9b71799b,2311304742,2311304742,director,0,ПАНАСЕНКО ЮРИЙ ВИКТОРОВИЧ,234704962013,,director,ДИРЕКТОР,,,,,2021-01-21T21:00:00.000Z,,,,,,,,,"{""name"":""ПАНАСЕНКО ЮРИЙ ВИКТОРОВИЧ"",""positionName"":""ДИРЕКТОР"",""inn"":""234704962013"",""positionDate"":{""$date"":""2021-01-21T21:00:00.000Z""}}"
6a00b3bc-42ff-510d-bab8-f77a9b71799b,2311304742,2311304742,activity,0,,,,main,,41.20,Строительство жилых и нежилых зданий,,,,,,,,,,,,"{""code"":""41.20"",""description"":""Строительство жилых и нежилых зданий""}"
6a00b3bc-42ff-510d-bab8-f77a9b71799b,2311304742,2311304742,activity,1,,,,other,,43.99.4,Работы бетонные и железобетонные,,,,,,,,,,,,"{""code"":""43.99.4"",""description"":""Работы бетонные и железобетонные""}"
6a00b3bc-42ff-510d-bab8-f77a9b71799b,2311304742,2311304742,activity,2,,,,other,,43.11,Разборка и снос зданий,,,,,,,,,,,,"{""code"":""43.11"",""description"":""Разборка и снос зданий""}"
6a00b3bc-42ff-510d-bab8-f77a9b71799b,2311304742,2311304742,activity,3,,,,other,,46.69.9,"Торговля оптовая прочими машинами, приборами, аппаратурой и оборудованием общепромышленного и специального назначения",,,,,,,,,,,,"{""code"":""46.69.9"",""description"":""Торговля оптовая прочими машинами, приборами, аппаратурой и оборудованием общепромышленного и специального назначения""}"
6a00b3bc-42ff-510d-bab8-f77a9b71799b,2311304742,2311304742,activity,4,,,,other,,46.77,Торговля оптовая отходами и ломом,,,,,,,,,,,,"{""code"":""46.77"",""description"":""Торговля оптовая отходами и ломом""}"
6a00b3bc-42ff-510d-bab8-f77a9b71799b,2311304742,2311304742,activity,5,,,,other,,71.12.45,"Создание геодезической, нивелирной, гравиметрической сетей",,,,,,,,,,,,"{""code"":""71.12.45"",""description"":""Создание геодезической, нивелирной, гравиметрической сетей""}"
6a00b3bc-42ff-510d-bab8-f77a9b71799b,2311304742,2311304742,activity,6,,,,other,,46.90,Торговля оптовая неспециализированная,,,,,,,,,,,,"{""code"":""46.90"",""description"":""Торговля оптовая неспециализированная""}"
6a00b3bc-42ff-510d-bab8-f77a9b71799b,2311304742,2311304742,activity,7,,,,other,,42.22.2,Строительство местных линий электропередачи и связи,,,,,,,,,,,,"{""code"":""42.22.2"",""description"":""Строительство местных линий электропередачи и связи""}"
6a00b3bc-42ff-510d-bab8-f77a9b71799b,2311304742,2311304742,activity,8,,,,other,,46.69.5,"Торговля оптовая производственным электротехническим оборудованием, машинами, аппаратурой и материалами",,,,,,,,,,,,"{""code"":""46.69.5"",""description"":""Торговля оптовая производственным электротехническим оборудованием, машинами, аппаратурой и материалами""}"
6a00b3bc-42ff-510d-bab8-f77a9b71799b,2311304742,2311304742,activity,9,,,,other,,46.73,"Торговля оптовая лесоматериалами, строительными материалами и санитарно-техническим оборудованием",,,,,,,,,,,,"{""code"":""46.73"",""description"":""Торговля оптовая лесоматериалами, строительными материалами и санитарно-техническим оборудованием""}"
6a00b3bc-42ff-510d-bab8-f77a9b71799b,2311304742,2311304742,activity,10,,,,other,,71.12,"Деятельность в области инженерных изысканий, инженерно-технического проектирования, управления проектами строительства, выполнения строительного контроля и авторского надзора, предоставление технических консультаций в этих областях",,,,,,,,,,,,"{""code"":""71.12"",""description"":""Деятельность в области инженерных изысканий, инженерно-технического проектирования, управления проектами строительства, выполнения строительного контроля и авторского надзора, предоставление технических консультаций в этих областях""}"
6a00b3bc-42ff-510d-bab8-f77a9b71799b,2311304742,2311304742,activity,11,,,,other,,43.99.7,Работы по сборке и монтажу сборных конструкций,,,,,,,,,,,,"{""code"":""43.99.7"",""description"":""Работы по сборке и монтажу сборных конструкций""}"
6a00b3bc-42ff-510d-bab8-f77a9b71799b,2311304742,2311304742,activity,12,,,,other,,71.12.1,"Деятельность, связанная с инженерно-техническим проектированием, управлением проектами строительства, выполнением строительного контроля и авторского надзора",,,,,,,,,,,,"{""code"":""71.12.1"",""description"":""Деятельность, связанная с инженерно-техническим проектированием, управлением проектами строительства, выполнением строительного контроля и авторского надзора""}"
6a00b3bc-42ff-510d-bab8-f77a9b71799b,2311304742,2311304742,activity,13,,,,other,,42.22.1,Строительство междугородних линий электропередачи и связи,,,,,,,,,,,,"{""code"":""42.22.1"",""description"":""Строительство междугородних линий электропередачи и связи""}"
6a00b3bc-42ff-510d-bab8-f77a9b71799b,2311304742,2311304742,activity,14,,,,other,,43.99.2,Работы по установке строительных лесов и подмостей,,,,,,,,,,,,"{""code"":""43.99.2"",""description"":""Работы по установке строительных лесов и подмостей""}"
6a00b3bc-42ff-510d-bab8-f77a9b71799b,2311304742,2311304742,activity,15,,,,other,,71.11,Деятельность в области архитектуры,,,,,,,,,,,,"{""code"":""71.11"",""description"":""Деятельность в области архитектуры""}"
6a00b3bc-42ff-510d-bab8-f77a9b71799b,2311304742,2311304742,activity,16,,,,other,,43.99.3,Работы свайные и работы по строительству фундаментов,,,,,,,,,,,,"{""code"":""43.99.3"",""description"":""Работы свайные и работы по строительству фундаментов""}"
6a00b3bc-42ff-510d-bab8-f77a9b71799b,2311304742,2311304742,activity,17,,,,other,,71.12.13,"Разработка проектов по кондиционированию воздуха, холодильной технике, санитарной технике и мониторингу загрязнения окружающей среды, строительной акустике",,,,,,,,,,,,"{""code"":""71.12.13"",""description"":""Разработка проектов по кондиционированию воздуха, холодильной технике, санитарной технике и мониторингу загрязнения окружающей среды, строительной акустике""}"
6a00b3bc-42ff-510d-bab8-f77a9b71799b,2311304742,2311304742,activity,18,,,,other,,42.21,"Строительство инженерных коммуникаций для водоснабжения и водоотведения, газоснабжения",,,,,,,,,,,,"{""code"":""42.21"",""description"":""Строительство инженерных коммуникаций для водоснабжения и водоотведения, газоснабжения""}"
6a00b3bc-42ff-510d-bab8-f77a9b71799b,2311304742,2311304742,activity,19,,,,other,,16.23,Производство прочих деревянных строительных конструкций и столярных изделий,,,,,,,,,,,,"{""code"":""16.23"",""description"":""Производство прочих деревянных строительных конструкций и столярных изделий""}"
6a00b3bc-42ff-510d-bab8-f77a9b71799b,2311304742,2311304742,activity,20,,,,other,,43.99.9,"Работы строительные специализированные, не включенные в другие группировки",,,,,,,,,,,,"{""code"":""43.99.9"",""description"":""Работы строительные специализированные, не включенные в другие группировки""}"
6a00b3bc-42ff-510d-bab8-f77a9b71799b,2311304742,2311304742,activity,21,,,,other,,46.73.6,Торговля оптовая прочими строительными материалами и изделиями,,,,,,,,,,,,"{""code"":""46.73.6"",""description"":""Торговля оптовая прочими строительными материалами и изделиями""}"
6a00b3bc-42ff-510d-bab8-f77a9b71799b,2311304742,2311304742,activity,22,,,,other,,25.11,"Производство строительных металлических конструкций, изделий и их частей",,,,,,,,,,,,"{""code"":""25.11"",""description"":""Производство строительных металлических конструкций, изделий и их частей""}"
6a00b3bc-42ff-510d-bab8-f77a9b71799b,2311304742,2311304742,activity,23,,,,other,,46.74,"Торговля оптовая скобяными изделиями, водопроводным и отопительным оборудованием и принадлежностями",,,,,,,,,,,,"{""code"":""46.74"",""description"":""Торговля оптовая скобяными изделиями, водопроводным и отопительным оборудованием и принадлежностями""}"
6a00b3bc-42ff-510d-bab8-f77a9b71799b,2311304742,2311304742,activity,24,,,,other,,46.52.1,Торговля оптовая телекоммуникационным оборудованием и его запасными частями,,,,,,,,,,,,"{""code"":""46.52.1"",""description"":""Торговля оптовая телекоммуникационным оборудованием и его запасными частями""}"
6a00b3bc-42ff-510d-bab8-f77a9b71799b,2311304742,2311304742,activity,25,,,,other,,46.69,Торговля оптовая прочими машинами и оборудованием,,,,,,,,,,,,"{""code"":""46.69"",""description"":""Торговля оптовая прочими машинами и оборудованием""}"
6a00b3bc-42ff-510d-bab8-f77a9b71799b,2311304742,2311304742,activity,26,,,,other,,43.13,Разведочное бурение,,,,,,,,,,,,"{""code"":""43.13"",""description"":""Разведочное бурение""}"
6a00b3bc-42ff-510d-bab8-f77a9b71799b,2311304742,2311304742,activity,27,,,,other,,43.33,Работы по устройству покрытий полов и облицовке стен,,,,,,,,,,,,"{""code"":""43.33"",""description"":""Работы по устройству покрытий полов и облицовке стен""}"
6a00b3bc-42ff-510d-bab8-f77a9b71799b,2311304742,2311304742,activity,28,,,,other,,42.91,Строительство водных сооружений,,,,,,,,,,,,"{""code"":""42.91"",""description"":""Строительство водных сооружений""}"
6a00b3bc-42ff-510d-bab8-f77a9b71799b,2311304742,2311304742,activity,29,,,,other,,43.91,Производство кровельных работ,,,,,,,,,,,,"{""code"":""43.91"",""description"":""Производство кровельных работ""}"
6a00b3bc-42ff-510d-bab8-f77a9b71799b,2311304742,2311304742,activity,30,,,,other,,43.29,Производство прочих строительно-монтажных работ,,,,,,,,,,,,"{""code"":""43.29"",""description"":""Производство прочих строительно-монтажных работ""}"
6a00b3bc-42ff-510d-bab8-f77a9b71799b,2311304742,2311304742,activity,31,,,,other,,43.12.3,Производство земляных работ,,,,,,,,,,,,"{""code"":""43.12.3"",""description"":""Производство земляных работ""}"
6a00b3bc-42ff-510d-bab8-f77a9b71799b,2311304742,2311304742,activity,32,,,,other,,43.32,Работы столярные и плотничные,,,,,,,,,,,,"{""code"":""43.32"",""description"":""Работы столярные и плотничные""}"
6a00b3bc-42ff-510d-bab8-f77a9b71799b,2311304742,2311304742,activity,33,,,,other,,43.39,Производство прочих отделочных и завершающих работ,,,,,,,,,,,,"{""code"":""43.39"",""description"":""Производство прочих отделочных и завершающих работ""}"
6a00b3bc-42ff-510d-bab8-f77a9b71799b,2311304742,2311304742,activity,34,,,,other,,43.22,"Производство санитарно-технических работ, монтаж отопительных систем и систем кондиционирования воздуха",,,,,,,,,,,,"{""code"":""43.22"",""description"":""Производство санитарно-технических работ, монтаж отопительных систем и систем кондиционирования воздуха""}"
6a00b3bc-42ff-510d-bab8-f77a9b71799b,2311304742,2311304742,activity,35,,,,other,,43.21,Производство электромонтажных работ,,,,,,,,,,,,"{""code"":""43.21"",""description"":""Производство электромонтажных работ""}"
6a00b3bc-42ff-510d-bab8-f77a9b71799b,2311304742,2311304742,activity,36,,,,other,,42.99,"Строительство прочих инженерных сооружений, не включенных в другие группировки",,,,,,,,,,,,"{""code"":""42.99"",""description"":""Строительство прочих инженерных сооружений, не включенных в другие группировки""}"
6a00b3bc-42ff-510d-bab8-f77a9b71799b,2311304742,2311304742,activity,37,,,,other,,43.31,Производство штукатурных работ,,,,,,,,,,,,"{""code"":""43.31"",""description"":""Производство штукатурных работ""}"
6a00b3bc-42ff-510d-bab8-f77a9b71799b,2311304742,2311304742,activity,38,,,,other,,43.99,"Работы строительные специализированные прочие, не включенные в другие группировки",,,,,,,,,,,,"{""code"":""43.99"",""description"":""Работы строительные специализированные прочие, не включенные в другие группировки""}"
6a00b3bc-42ff-510d-bab8-f77a9b71799b,2311304742,2311304742,activity,39,,,,other,,43.34,Производство малярных и стекольных работ,,,,,,,,,,,,"{""code"":""43.34"",""description"":""Производство малярных и стекольных работ""}"
6a00b3bc-42ff-510d-bab8-f77a9b71799b,2311304742,2311304742,phone,0,,,,phone,,,,,,,,,,,918,3913609,,,"{""phoneCode"":""918"",""phoneNumber"":""3913609""}"
6a00b3bc-42ff-510d-bab8-f77a9b71799b,2311304742,2311304742,tax_system,0,Общая система налогообложения,,,tax_system,,ОСНО,,,,,,,,,,,,,"{""fullName"":""Общая система налогообложения"",""shortName"":""ОСНО""}"
12650e74-350e-5d90-8aeb-bd8af9da7eb4,540325003268,540325003268,related_company,0,"ООО ""АЛ+""",5402077429,1235400011054,related_company,,,,,,,,2023-03-14T21:00:00.000Z,,,,,МОИСЕЕВА АНАСТАСИЯ ВЛАДИМИРОВНА,ГЕНЕРАЛЬНЫЙ ДИРЕКТОР,"{""inn"":""5402077429"",""ogrn"":""1235400011054"",""name"":""ООО \""АЛ+\"""",""registrationDate"":{""$date"":""2023-03-14T21:00:00.000Z""},""authPersonName"":""МОИСЕЕВА АНАСТАСИЯ ВЛАДИМИРОВНА"",""authPersonPosition"":""ГЕНЕРАЛЬНЫЙ ДИРЕКТОР""}"
12650e74-350e-5d90-8aeb-bd8af9da7eb4,540325003268,540325003268,related_company,1,"ООО ""ГЛОБАЛСИБЭКСПО""",5406836035,1235400044934,related_company,,,,,,,,2023-11-02T21:00:00.000Z,,,,,ЯХОМОВ АЛЕКСАНДР СЕРГЕЕВИЧ,ГЕНЕРАЛЬНЫЙ ДИРЕКТОР,"{""inn"":""5406836035"",""ogrn"":""1235400044934"",""name"":""ООО \""ГЛОБАЛСИБЭКСПО\"""",""registrationDate"":{""$date"":""2023-11-02T21:00:00.000Z""},""authPersonName"":""ЯХОМОВ АЛЕКСАНДР СЕРГЕЕВИЧ"",""authPersonPosition"":""ГЕНЕРАЛЬНЫЙ ДИРЕКТОР""}"
12650e74-350e-5d90-8aeb-bd8af9da7eb4,540325003268,540325003268,related_company,2,"ООО ""АБСОЛЮТ АВТО СПБ""",4706089417,1254700009079,related_company,,,,,,,,2025-06-04T21:00:00.000Z,,,,,ПАНТЕЕВ ЕВГЕНИЙ ВЛАДИМИРОВИЧ,ГЕНЕРАЛЬНЫЙ ДИРЕКТОР,"{""inn"":""4706089417"",""ogrn"":""1254700009079"",""name"":""ООО \""АБСОЛЮТ АВТО СПБ\"""",""registrationDate"":{""$date"":""2025-06-04T21:00:00.000Z""},""authPersonName"":""ПАНТЕЕВ ЕВГЕНИЙ ВЛАДИМИРОВИЧ"",""authPersonPosition"":""ГЕНЕРАЛЬНЫЙ ДИРЕКТОР""}"
12650e74-350e-5d90-8aeb-bd8af9da7eb4,540325003268,540325003268,related_company,3,"ООО ""ПЛЮС ФИНАНС""",2536297741,1162536083698,related_company,,,,,,,,2016-09-07T21:00:00.000Z,,,,,ШТЕЙЗЕЛЬ ЛЮДМИЛА ЮРЬЕВНА,ДИРЕКТОР,"{""inn"":""2536297741"",""ogrn"":""1162536083698"",""name"":""ООО \""ПЛЮС ФИНАНС\"""",""registrationDate"":{""$date"":""2016-09-07T21:00:00.000Z""},""authPersonName"":""ШТЕЙЗЕЛЬ ЛЮДМИЛА ЮРЬЕВНА"",""authPersonPosition"":""ДИРЕКТОР""}"
12650e74-350e-5d90-8aeb-bd8af9da7eb4,540325003268,540325003268,related_company,4,"ООО ""АБСОЛЮТ ЭКСПЕРТ""",5401968013,1165476188668,related_company,,,,,,,,2016-11-07T21:00:00.000Z,,,,,ШТЕЙЗЕЛЬ ВИКТОР ФЕЛИКСОВИЧ,ДИРЕКТОР,"{""inn"":""5401968013"",""ogrn"":""1165476188668"",""name"":""ООО \""АБСОЛЮТ ЭКСПЕРТ\"""",""registrationDate"":{""$date"":""2016-11-07T21:00:00.000Z""},""authPersonName"":""ШТЕЙЗЕЛЬ ВИКТОР ФЕЛИКСОВИЧ"",""authPersonPosition"":""ДИРЕКТОР""}"
12650e74-350e-5d90-8aeb-bd8af9da7eb4,540325003268,540325003268,related_company,5,"ООО ""ФИНКЛУБ""",5405469826,1135476027224,related_company,,,,,,,,2013-02-17T20:00:00.000Z,,,,,Чупахина Светлана Александровна,ДИРЕКТОР,"{""inn"":""5405469826"",""ogrn"":""1135476027224"",""name"":""ООО \""ФИНКЛУБ\"""",""registrationDate"":{""$date"":""2013-02-17T20:00:00.000Z""},""authPersonName"":""Чупахина Светлана Александровна"",""authPersonPosition"":""ДИРЕКТОР""}"
12650e74-350e-5d90-8aeb-bd8af9da7eb4,540325003268,540325003268,related_company,6,"ООО ""АБСОЛЮТ АВТО""",5406789240,1145476108469,related_company,,,,,,,,2014-09-01T20:00:00.000Z,,,,,ШТЕЙЗЕЛЬ ДМИТРИЙ ВИКТОРОВИЧ,ДИРЕКТОР,"{""inn"":""5406789240"",""ogrn"":""1145476108469"",""name"":""ООО \""АБСОЛЮТ АВТО\"""",""registrationDate"":{""$date"":""2014-09-01T20:00:00.000Z""},""authPersonName"":""ШТЕЙЗЕЛЬ ДМИТРИЙ ВИКТОРОВИЧ"",""authPersonPosition"":""ДИРЕКТОР""}"
12650e74-350e-5d90-8aeb-bd8af9da7eb4,540325003268,540325003268,related_company,7,"ООО ""АБСОЛЮТ СИСТЕМА""",5406620406,1165476168604,related_company,,,,,,,,2016-09-29T21:00:00.000Z,,,,,ШТЕЙЗЕЛЬ ДМИТРИЙ ВИКТОРОВИЧ,ГЕНЕРАЛЬНЫЙ ДИРЕКТОР,"{""inn"":""5406620406"",""ogrn"":""1165476168604"",""name"":""ООО \""АБСОЛЮТ СИСТЕМА\"""",""registrationDate"":{""$date"":""2016-09-29T21:00:00.000Z""},""authPersonName"":""ШТЕЙЗЕЛЬ ДМИТРИЙ ВИКТОРОВИЧ"",""authPersonPosition"":""ГЕНЕРАЛЬНЫЙ ДИРЕКТОР""}"
12650e74-350e-5d90-8aeb-bd8af9da7eb4,540325003268,540325003268,related_company,8,"ООО ""АБСОЛЮТ ФИНАНС""",5406975367,1175476051717,related_company,,,,,,,,2017-05-09T21:00:00.000Z,,,,,ШТЕЙЗЕЛЬ ДМИТРИЙ ВИКТОРОВИЧ,ДИРЕКТОР,"{""inn"":""5406975367"",""ogrn"":""1175476051717"",""name"":""ООО \""АБСОЛЮТ ФИНАНС\"""",""registrationDate"":{""$date"":""2017-05-09T21:00:00.000Z""},""authPersonName"":""ШТЕЙЗЕЛЬ ДМИТРИЙ ВИКТОРОВИЧ"",""authPersonPosition"":""ДИРЕКТОР""}"
12650e74-350e-5d90-8aeb-bd8af9da7eb4,540325003268,540325003268,activity,0,,,,main,,49.42,Предоставление услуг по перевозкам,,,,,,,,,,,,"{""code"":""49.42"",""description"":""Предоставление услуг по перевозкам""}"
12650e74-350e-5d90-8aeb-bd8af9da7eb4,540325003268,540325003268,activity,1,,,,other,,70.22,Консультирование по вопросам коммерческой деятельности и управления,,,,,,,,,,,,"{""code"":""70.22"",""description"":""Консультирование по вопросам коммерческой деятельности и управления""}"
12650e74-350e-5d90-8aeb-bd8af9da7eb4,540325003268,540325003268,activity,2,,,,other,,66.19.4,Деятельность по предоставлению консультационных услуг по вопросам финансового посредничества,,,,,,,,,,,,"{""code"":""66.19.4"",""description"":""Деятельность по предоставлению консультационных услуг по вопросам финансового посредничества""}"
12650e74-350e-5d90-8aeb-bd8af9da7eb4,540325003268,540325003268,activity,3,,,,other,,82.99,"Деятельность по предоставлению прочих вспомогательных услуг для бизнеса, не включенная в другие группировки",,,,,,,,,,,,"{""code"":""82.99"",""description"":""Деятельность по предоставлению прочих вспомогательных услуг для бизнеса, не включенная в другие группировки""}"
696d720d-563e-5f31-bdbe-e2b7b3810bbc,6452924721,6452924721,founder,0,КОЧЕВАДОВА ИРИНА АЛЕКСАНДРОВНА,642101082076,,founder,,,,100,29000,2025-06-04T21:00:00.000Z,True,,,,,,,,"{""name"":""КОЧЕВАДОВА ИРИНА АЛЕКСАНДРОВНА"",""inn"":""642101082076"",""amount"":29000,""share"":100,""dateFrom"":{""$date"":""2025-06-04T21:00:00.000Z""},""active"":true}"
696d720d-563e-5f31-bdbe-e2b7b3810bbc,6452924721,6452924721,director,0,КОЧЕВАДОВА ИРИНА АЛЕКСАНДРОВНА,642101082076,,director,ДИРЕКТОР,,,,,2025-06-03T21:00:00.000Z,,,,,,,,,"{""name"":""КОЧЕВАДОВА ИРИНА АЛЕКСАНДРОВНА"",""positionName"":""ДИРЕКТОР"",""inn"":""642101082076"",""positionDate"":{""$date"":""2025-06-03T21:00:00.000Z""}}"
696d720d-563e-5f31-bdbe-e2b7b3810bbc,6452924721,6452924721,activity,0,,,,main,,46.90,Торговля оптовая неспециализированная,,,,,,,,,,,,"{""code"":""46.90"",""description"":""Торговля оптовая неспециализированная""}"
696d720d-563e-5f31-bdbe-e2b7b3810bbc,6452924721,6452924721,activity,1,,,,other,,31.02,Производство кухонной мебели,,,,,,,,,,,,"{""code"":""31.02"",""description"":""Производство кухонной мебели""}"
696d720d-563e-5f31-bdbe-e2b7b3810bbc,6452924721,6452924721,activity,2,,,,other,,47.59.1,Торговля розничная мебелью в специализированных магазинах,,,,,,,,,,,,"{""code"":""47.59.1"",""description"":""Торговля розничная мебелью в специализированных магазинах""}"
696d720d-563e-5f31-bdbe-e2b7b3810bbc,6452924721,6452924721,activity,3,,,,other,,31.09,Производство прочей мебели,,,,,,,,,,,,"{""code"":""31.09"",""description"":""Производство прочей мебели""}"
696d720d-563e-5f31-bdbe-e2b7b3810bbc,6452924721,6452924721,activity,4,,,,other,,31.01,Производство мебели для офисов и предприятий торговли,,,,,,,,,,,,"{""code"":""31.01"",""description"":""Производство мебели для офисов и предприятий торговли""}"
696d720d-563e-5f31-bdbe-e2b7b3810bbc,6452924721,6452924721,activity,5,,,,other,,46.47.1,Торговля оптовая бытовой мебелью,,,,,,,,,,,,"{""code"":""46.47.1"",""description"":""Торговля оптовая бытовой мебелью""}"
696d720d-563e-5f31-bdbe-e2b7b3810bbc,6452924721,6452924721,activity,6,,,,other,,43.99,"Работы строительные специализированные прочие, не включенные в другие группировки",,,,,,,,,,,,"{""code"":""43.99"",""description"":""Работы строительные специализированные прочие, не включенные в другие группировки""}"
696d720d-563e-5f31-bdbe-e2b7b3810bbc,6452924721,6452924721,activity,7,,,,other,,46.69.9,"Торговля оптовая прочими машинами, приборами, аппаратурой и оборудованием общепромышленного и специального назначения",,,,,,,,,,,,"{""code"":""46.69.9"",""description"":""Торговля оптовая прочими машинами, приборами, аппаратурой и оборудованием общепромышленного и специального назначения""}"
696d720d-563e-5f31-bdbe-e2b7b3810bbc,6452924721,6452924721,activity,8,,,,other,,43.22,"Производство санитарно-технических работ, монтаж отопительных систем и систем кондиционирования воздуха",,,,,,,,,,,,"{""code"":""43.22"",""description"":""Производство санитарно-технических работ, монтаж отопительных систем и систем кондиционирования воздуха""}"
696d720d-563e-5f31-bdbe-e2b7b3810bbc,6452924721,6452924721,activity,9,,,,other,,71.12,"Деятельность в области инженерных изысканий, инженерно-технического проектирования, управления проектами строительства, выполнения строительного контроля и авторского надзора, предоставление технических консультаций в этих областях",,,,,,,,,,,,"{""code"":""71.12"",""description"":""Деятельность в области инженерных изысканий, инженерно-технического проектирования, управления проектами строительства, выполнения строительного контроля и авторского надзора, предоставление технических консультаций в этих областях""}"
696d720d-563e-5f31-bdbe-e2b7b3810bbc,6452924721,6452924721,activity,10,,,,other,,43.21,Производство электромонтажных работ,,,,,,,,,,,,"{""code"":""43.21"",""description"":""Производство электромонтажных работ""}"
696d720d-563e-5f31-bdbe-e2b7b3810bbc,6452924721,6452924721,activity,11,,,,other,,46.45.2,Торговля оптовая туалетным и хозяйственным мылом,,,,,,,,,,,,"{""code"":""46.45.2"",""description"":""Торговля оптовая туалетным и хозяйственным мылом""}"
696d720d-563e-5f31-bdbe-e2b7b3810bbc,6452924721,6452924721,activity,12,,,,other,,47.52.7,"Торговля розничная строительными материалами, не включенными в другие группировки, в специализированных магазинах",,,,,,,,,,,,"{""code"":""47.52.7"",""description"":""Торговля розничная строительными материалами, не включенными в другие группировки, в специализированных магазинах""}"
696d720d-563e-5f31-bdbe-e2b7b3810bbc,6452924721,6452924721,activity,13,,,,other,,81.22,Деятельность по чистке и уборке жилых зданий и нежилых помещений прочая,,,,,,,,,,,,"{""code"":""81.22"",""description"":""Деятельность по чистке и уборке жилых зданий и нежилых помещений прочая""}"
696d720d-563e-5f31-bdbe-e2b7b3810bbc,6452924721,6452924721,activity,14,,,,other,,73.11,Деятельность рекламных агентств,,,,,,,,,,,,"{""code"":""73.11"",""description"":""Деятельность рекламных агентств""}"
696d720d-563e-5f31-bdbe-e2b7b3810bbc,6452924721,6452924721,activity,15,,,,other,,42.21,"Строительство инженерных коммуникаций для водоснабжения и водоотведения, газоснабжения",,,,,,,,,,,,"{""code"":""42.21"",""description"":""Строительство инженерных коммуникаций для водоснабжения и водоотведения, газоснабжения""}"
696d720d-563e-5f31-bdbe-e2b7b3810bbc,6452924721,6452924721,activity,16,,,,other,,43.99.9,"Работы строительные специализированные, не включенные в другие группировки",,,,,,,,,,,,"{""code"":""43.99.9"",""description"":""Работы строительные специализированные, не включенные в другие группировки""}"
696d720d-563e-5f31-bdbe-e2b7b3810bbc,6452924721,6452924721,activity,17,,,,other,,42.99,"Строительство прочих инженерных сооружений, не включенных в другие группировки",,,,,,,,,,,,"{""code"":""42.99"",""description"":""Строительство прочих инженерных сооружений, не включенных в другие группировки""}"
696d720d-563e-5f31-bdbe-e2b7b3810bbc,6452924721,6452924721,activity,18,,,,other,,41.20,Строительство жилых и нежилых зданий,,,,,,,,,,,,"{""code"":""41.20"",""description"":""Строительство жилых и нежилых зданий""}"
696d720d-563e-5f31-bdbe-e2b7b3810bbc,6452924721,6452924721,activity,19,,,,other,,43.91,Производство кровельных работ,,,,,,,,,,,,"{""code"":""43.91"",""description"":""Производство кровельных работ""}"
696d720d-563e-5f31-bdbe-e2b7b3810bbc,6452924721,6452924721,activity,20,,,,other,,46.18.9,"Деятельность агентов, специализирующихся на оптовой торговле товарами, не включенными в другие группировки",,,,,,,,,,,,"{""code"":""46.18.9"",""description"":""Деятельность агентов, специализирующихся на оптовой торговле товарами, не включенными в другие группировки""}"
696d720d-563e-5f31-bdbe-e2b7b3810bbc,6452924721,6452924721,activity,21,,,,other,,43.11,Разборка и снос зданий,,,,,,,,,,,,"{""code"":""43.11"",""description"":""Разборка и снос зданий""}"
696d720d-563e-5f31-bdbe-e2b7b3810bbc,6452924721,6452924721,activity,22,,,,other,,46.39,"Торговля оптовая неспециализированная пищевыми продуктами, напитками и табачными изделиями",,,,,,,,,,,,"{""code"":""46.39"",""description"":""Торговля оптовая неспециализированная пищевыми продуктами, напитками и табачными изделиями""}"
696d720d-563e-5f31-bdbe-e2b7b3810bbc,6452924721,6452924721,activity,23,,,,other,,81.29,Деятельность по чистке и уборке прочая,,,,,,,,,,,,"{""code"":""81.29"",""description"":""Деятельность по чистке и уборке прочая""}"
696d720d-563e-5f31-bdbe-e2b7b3810bbc,6452924721,6452924721,activity,24,,,,other,,46.12.1,"Деятельность агентов по оптовой торговле твердым, жидким и газообразным топливом и связанными продуктами",,,,,,,,,,,,"{""code"":""46.12.1"",""description"":""Деятельность агентов по оптовой торговле твердым, жидким и газообразным топливом и связанными продуктами""}"
696d720d-563e-5f31-bdbe-e2b7b3810bbc,6452924721,6452924721,activity,25,,,,other,,46.73.3,Торговля оптовая санитарно-техническим оборудованием,,,,,,,,,,,,"{""code"":""46.73.3"",""description"":""Торговля оптовая санитарно-техническим оборудованием""}"
696d720d-563e-5f31-bdbe-e2b7b3810bbc,6452924721,6452924721,activity,26,,,,other,,46.74,"Торговля оптовая скобяными изделиями, водопроводным и отопительным оборудованием и принадлежностями",,,,,,,,,,,,"{""code"":""46.74"",""description"":""Торговля оптовая скобяными изделиями, водопроводным и отопительным оборудованием и принадлежностями""}"
696d720d-563e-5f31-bdbe-e2b7b3810bbc,6452924721,6452924721,activity,27,,,,other,,43.34,Производство малярных и стекольных работ,,,,,,,,,,,,"{""code"":""43.34"",""description"":""Производство малярных и стекольных работ""}"
696d720d-563e-5f31-bdbe-e2b7b3810bbc,6452924721,6452924721,activity,28,,,,other,,46.37,"Торговля оптовая кофе, чаем, какао и пряностями",,,,,,,,,,,,"{""code"":""46.37"",""description"":""Торговля оптовая кофе, чаем, какао и пряностями""}"
696d720d-563e-5f31-bdbe-e2b7b3810bbc,6452924721,6452924721,activity,29,,,,other,,41.10,Разработка строительных проектов,,,,,,,,,,,,"{""code"":""41.10"",""description"":""Разработка строительных проектов""}"
696d720d-563e-5f31-bdbe-e2b7b3810bbc,6452924721,6452924721,activity,30,,,,other,,45.20.2,Техническое обслуживание и ремонт прочих автотранспортных средств,,,,,,,,,,,,"{""code"":""45.20.2"",""description"":""Техническое обслуживание и ремонт прочих автотранспортных средств""}"
696d720d-563e-5f31-bdbe-e2b7b3810bbc,6452924721,6452924721,activity,31,,,,other,,43.32,Работы столярные и плотничные,,,,,,,,,,,,"{""code"":""43.32"",""description"":""Работы столярные и плотничные""}"
696d720d-563e-5f31-bdbe-e2b7b3810bbc,6452924721,6452924721,activity,32,,,,other,,46.44,Торговля оптовая изделиями из керамики и стекла и чистящими средствами,,,,,,,,,,,,"{""code"":""46.44"",""description"":""Торговля оптовая изделиями из керамики и стекла и чистящими средствами""}"
696d720d-563e-5f31-bdbe-e2b7b3810bbc,6452924721,6452924721,activity,33,,,,other,,52.10,Деятельность по складированию и хранению,,,,,,,,,,,,"{""code"":""52.10"",""description"":""Деятельность по складированию и хранению""}"
696d720d-563e-5f31-bdbe-e2b7b3810bbc,6452924721,6452924721,activity,34,,,,other,,49.41,Деятельность автомобильного грузового транспорта,,,,,,,,,,,,"{""code"":""49.41"",""description"":""Деятельность автомобильного грузового транспорта""}"
696d720d-563e-5f31-bdbe-e2b7b3810bbc,6452924721,6452924721,activity,35,,,,other,,46.72,Торговля оптовая металлами и металлическими рудами,,,,,,,,,,,,"{""code"":""46.72"",""description"":""Торговля оптовая металлами и металлическими рудами""}"
696d720d-563e-5f31-bdbe-e2b7b3810bbc,6452924721,6452924721,activity,36,,,,other,,46.44.2,Торговля оптовая чистящими средствами,,,,,,,,,,,,"{""code"":""46.44.2"",""description"":""Торговля оптовая чистящими средствами""}"
696d720d-563e-5f31-bdbe-e2b7b3810bbc,6452924721,6452924721,activity,37,,,,other,,74.20,Деятельность в области фотографии,,,,,,,,,,,,"{""code"":""74.20"",""description"":""Деятельность в области фотографии""}"
696d720d-563e-5f31-bdbe-e2b7b3810bbc,6452924721,6452924721,activity,38,,,,other,,81.21,Деятельность по общей уборке зданий,,,,,,,,,,,,"{""code"":""81.21"",""description"":""Деятельность по общей уборке зданий""}"
696d720d-563e-5f31-bdbe-e2b7b3810bbc,6452924721,6452924721,activity,39,,,,other,,43.29,Производство прочих строительно-монтажных работ,,,,,,,,,,,,"{""code"":""43.29"",""description"":""Производство прочих строительно-монтажных работ""}"
696d720d-563e-5f31-bdbe-e2b7b3810bbc,6452924721,6452924721,activity,40,,,,other,,71.11,Деятельность в области архитектуры,,,,,,,,,,,,"{""code"":""71.11"",""description"":""Деятельность в области архитектуры""}"
696d720d-563e-5f31-bdbe-e2b7b3810bbc,6452924721,6452924721,activity,41,,,,other,,42.22,Строительство коммунальных объектов для обеспечения электроэнергией и телекоммуникациями,,,,,,,,,,,,"{""code"":""42.22"",""description"":""Строительство коммунальных объектов для обеспечения электроэнергией и телекоммуникациями""}"
696d720d-563e-5f31-bdbe-e2b7b3810bbc,6452924721,6452924721,activity,42,,,,other,,46.41,Торговля оптовая текстильными изделиями,,,,,,,,,,,,"{""code"":""46.41"",""description"":""Торговля оптовая текстильными изделиями""}"
696d720d-563e-5f31-bdbe-e2b7b3810bbc,6452924721,6452924721,activity,43,,,,other,,81.29.2,Подметание улиц и уборка снега,,,,,,,,,,,,"{""code"":""81.29.2"",""description"":""Подметание улиц и уборка снега""}"
696d720d-563e-5f31-bdbe-e2b7b3810bbc,6452924721,6452924721,activity,44,,,,other,,43.39,Производство прочих отделочных и завершающих работ,,,,,,,,,,,,"{""code"":""43.39"",""description"":""Производство прочих отделочных и завершающих работ""}"
696d720d-563e-5f31-bdbe-e2b7b3810bbc,6452924721,6452924721,activity,45,,,,other,,46.75.2,Торговля оптовая промышленными химикатами,,,,,,,,,,,,"{""code"":""46.75.2"",""description"":""Торговля оптовая промышленными химикатами""}"
696d720d-563e-5f31-bdbe-e2b7b3810bbc,6452924721,6452924721,activity,46,,,,other,,46.46.1,Торговля оптовая фармацевтической продукцией,,,,,,,,,,,,"{""code"":""46.46.1"",""description"":""Торговля оптовая фармацевтической продукцией""}"
696d720d-563e-5f31-bdbe-e2b7b3810bbc,6452924721,6452924721,activity,47,,,,other,,46.76.1,Торговля оптовая бумагой и картоном,,,,,,,,,,,,"{""code"":""46.76.1"",""description"":""Торговля оптовая бумагой и картоном""}"
696d720d-563e-5f31-bdbe-e2b7b3810bbc,6452924721,6452924721,activity,48,,,,other,,81.29.9,"Деятельность по чистке и уборке прочая, не включенная в другие группировки",,,,,,,,,,,,"{""code"":""81.29.9"",""description"":""Деятельность по чистке и уборке прочая, не включенная в другие группировки""}"
696d720d-563e-5f31-bdbe-e2b7b3810bbc,6452924721,6452924721,activity,49,,,,other,,43.31,Производство штукатурных работ,,,,,,,,,,,,"{""code"":""43.31"",""description"":""Производство штукатурных работ""}"
696d720d-563e-5f31-bdbe-e2b7b3810bbc,6452924721,6452924721,activity,50,,,,other,,46.49,Торговля оптовая прочими бытовыми товарами,,,,,,,,,,,,"{""code"":""46.49"",""description"":""Торговля оптовая прочими бытовыми товарами""}"
696d720d-563e-5f31-bdbe-e2b7b3810bbc,6452924721,6452924721,activity,51,,,,other,,42.11,Строительство автомобильных дорог и автомагистралей,,,,,,,,,,,,"{""code"":""42.11"",""description"":""Строительство автомобильных дорог и автомагистралей""}"
696d720d-563e-5f31-bdbe-e2b7b3810bbc,6452924721,6452924721,activity,52,,,,other,,46.69.5,"Торговля оптовая производственным электротехническим оборудованием, машинами, аппаратурой и материалами",,,,,,,,,,,,"{""code"":""46.69.5"",""description"":""Торговля оптовая производственным электротехническим оборудованием, машинами, аппаратурой и материалами""}"
696d720d-563e-5f31-bdbe-e2b7b3810bbc,6452924721,6452924721,activity,53,,,,other,,49.42,Предоставление услуг по перевозкам,,,,,,,,,,,,"{""code"":""49.42"",""description"":""Предоставление услуг по перевозкам""}"
696d720d-563e-5f31-bdbe-e2b7b3810bbc,6452924721,6452924721,activity,54,,,,other,,43.12,Подготовка строительной площадки,,,,,,,,,,,,"{""code"":""43.12"",""description"":""Подготовка строительной площадки""}"
696d720d-563e-5f31-bdbe-e2b7b3810bbc,6452924721,6452924721,activity,55,,,,other,,46.46.2,"Торговля оптовая изделиями, применяемыми в медицинских целях",,,,,,,,,,,,"{""code"":""46.46.2"",""description"":""Торговля оптовая изделиями, применяемыми в медицинских целях""}"
696d720d-563e-5f31-bdbe-e2b7b3810bbc,6452924721,6452924721,activity,56,,,,other,,43.33,Работы по устройству покрытий полов и облицовке стен,,,,,,,,,,,,"{""code"":""43.33"",""description"":""Работы по устройству покрытий полов и облицовке стен""}"
696d720d-563e-5f31-bdbe-e2b7b3810bbc,6452924721,6452924721,activity,57,,,,other,,81.29.1,"Дезинфекция, дезинсекция, дератизация зданий, промышленного оборудования",,,,,,,,,,,,"{""code"":""81.29.1"",""description"":""Дезинфекция, дезинсекция, дератизация зданий, промышленного оборудования""}"
696d720d-563e-5f31-bdbe-e2b7b3810bbc,6452924721,6452924721,phone,0,,,,phone,,,,,,,,,,,927,2778432,,,"{""phoneCode"":""927"",""phoneNumber"":""2778432""}"
696d720d-563e-5f31-bdbe-e2b7b3810bbc,6452924721,6452924721,tax_system,0,Общая система налогообложения,,,tax_system,,ОСНО,,,,,,,,,,,,,"{""fullName"":""Общая система налогообложения"",""shortName"":""ОСНО""}"
8d79f122-5dae-50ea-b26d-8461a7d8b74b,8622002583,8622002583,founder,0,СМЫШЛЯЕВ СЕРГЕЙ ВЛАДИМИРОВИЧ,744811584870,,founder,,,,100,20000,2019-03-13T21:00:00.000Z,True,,,,,,,,"{""name"":""СМЫШЛЯЕВ СЕРГЕЙ ВЛАДИМИРОВИЧ"",""inn"":""744811584870"",""amount"":20000,""share"":100,""dateFrom"":{""$date"":""2019-03-13T21:00:00.000Z""},""active"":true}"
8d79f122-5dae-50ea-b26d-8461a7d8b74b,8622002583,8622002583,director,0,КИРИЛЛОВ ДМИТРИЙ ЮРЬЕВИЧ,740410850831,,director,ГЕНЕРАЛЬНЫЙ ДИРЕКТОР,,,,,2020-08-12T21:00:00.000Z,,,,,,,,,"{""name"":""КИРИЛЛОВ ДМИТРИЙ ЮРЬЕВИЧ"",""positionName"":""ГЕНЕРАЛЬНЫЙ ДИРЕКТОР"",""inn"":""740410850831"",""positionDate"":{""$date"":""2020-08-12T21:00:00.000Z""}}"
8d79f122-5dae-50ea-b26d-8461a7d8b74b,8622002583,8622002583,related_company,0,"ООО ""ВАВИЛОН""",7453294383,1167456075258,related_company,,,,,,,,2016-04-12T21:00:00.000Z,,,,,КОСЫХ ДЕНИС ВИКТОРОВИЧ,ДИРЕКТОР,"{""inn"":""7453294383"",""ogrn"":""1167456075258"",""name"":""ООО \""ВАВИЛОН\"""",""registrationDate"":{""$date"":""2016-04-12T21:00:00.000Z""},""authPersonName"":""КОСЫХ ДЕНИС ВИКТОРОВИЧ"",""authPersonPosition"":""ДИРЕКТОР""}"
8d79f122-5dae-50ea-b26d-8461a7d8b74b,8622002583,8622002583,related_company,1,"ООО ""БЭСТ""",9705124788,1187746895093,related_company,,,,,,,,2018-10-24T21:00:00.000Z,,,,,СМЫШЛЯЕВ СЕРГЕЙ ВЛАДИМИРОВИЧ,ГЕНЕРАЛЬНЫЙ ДИРЕКТОР,"{""inn"":""9705124788"",""ogrn"":""1187746895093"",""name"":""ООО \""БЭСТ\"""",""registrationDate"":{""$date"":""2018-10-24T21:00:00.000Z""},""authPersonName"":""СМЫШЛЯЕВ СЕРГЕЙ ВЛАДИМИРОВИЧ"",""authPersonPosition"":""ГЕНЕРАЛЬНЫЙ ДИРЕКТОР""}"
8d79f122-5dae-50ea-b26d-8461a7d8b74b,8622002583,8622002583,related_company,2,"ООО ""ДРОГЕРИ""",7453319302,1187456006924,related_company,,,,,,,,2018-02-13T21:00:00.000Z,,,,,СМЫШЛЯЕВ СЕРГЕЙ ВЛАДИМИРОВИЧ,ГЕНЕРАЛЬНЫЙ ДИРЕКТОР,"{""inn"":""7453319302"",""ogrn"":""1187456006924"",""name"":""ООО \""ДРОГЕРИ\"""",""registrationDate"":{""$date"":""2018-02-13T21:00:00.000Z""},""authPersonName"":""СМЫШЛЯЕВ СЕРГЕЙ ВЛАДИМИРОВИЧ"",""authPersonPosition"":""ГЕНЕРАЛЬНЫЙ ДИРЕКТОР""}"
8d79f122-5dae-50ea-b26d-8461a7d8b74b,8622002583,8622002583,related_company,3,"РЕГИОНАЛЬНОЕ ОТДЕЛЕНИЕ ПАРТИИ ""РОДИНА"" В ЧЕЛЯБИНСКОЙ ОБЛАСТИ",7447990512,1137400000748,related_company,,,,,,,,2013-03-05T20:00:00.000Z,,,,,СМЫШЛЯЕВ СЕРГЕЙ ВЛАДИМИРОВИЧ,ПРЕДСЕДАТЕЛЬ СОВЕТА РЕГИОНАЛЬНОГО ОТДЕЛЕНИЯ,"{""inn"":""7447990512"",""ogrn"":""1137400000748"",""name"":""РЕГИОНАЛЬНОЕ ОТДЕЛЕНИЕ ПАРТИИ \""РОДИНА\"" В ЧЕЛЯБИНСКОЙ ОБЛАСТИ"",""registrationDate"":{""$date"":""2013-03-05T20:00:00.000Z""},""authPersonName"":""СМЫШЛЯЕВ СЕРГЕЙ ВЛАДИМИРОВИЧ"",""authPersonPosition"":""ПРЕДСЕДАТЕЛЬ СОВЕТА РЕГИОНАЛЬНОГО ОТДЕЛЕНИЯ""}"
8d79f122-5dae-50ea-b26d-8461a7d8b74b,8622002583,8622002583,related_company,4,"ООО ""АСМ""",7453318186,1177456105200,related_company,,,,,,,,2017-12-18T21:00:00.000Z,,,,,СМЫШЛЯЕВ СЕРГЕЙ ВЛАДИМИРОВИЧ,ДИРЕКТОР,"{""inn"":""7453318186"",""ogrn"":""1177456105200"",""name"":""ООО \""АСМ\"""",""registrationDate"":{""$date"":""2017-12-18T21:00:00.000Z""},""authPersonName"":""СМЫШЛЯЕВ СЕРГЕЙ ВЛАДИМИРОВИЧ"",""authPersonPosition"":""ДИРЕКТОР""}"
8d79f122-5dae-50ea-b26d-8461a7d8b74b,8622002583,8622002583,related_company,5,"ООО ""КАШТАН""",7453321260,1187456021345,related_company,,,,,,,,2018-05-17T21:00:00.000Z,,,,,ПАВЛЕНКО ЕЛЕНА ГЕННАДЬЕВНА,ДИРЕКТОР,"{""inn"":""7453321260"",""ogrn"":""1187456021345"",""name"":""ООО \""КАШТАН\"""",""registrationDate"":{""$date"":""2018-05-17T21:00:00.000Z""},""authPersonName"":""ПАВЛЕНКО ЕЛЕНА ГЕННАДЬЕВНА"",""authPersonPosition"":""ДИРЕКТОР""}"
8d79f122-5dae-50ea-b26d-8461a7d8b74b,8622002583,8622002583,related_company,6,ОБЩЕСТВЕННОЕ ДВИЖЕНИЕ СЕРГЕЯ СМЫШЛЯЕВА,7447306633,1227400015358,related_company,,,,,,,,2022-04-26T21:00:00.000Z,,,,,СМЫШЛЯЕВ СЕРГЕЙ ВЛАДИМИРОВИЧ,ПРЕДСЕДАТЕЛЬ,"{""inn"":""7447306633"",""ogrn"":""1227400015358"",""name"":""ОБЩЕСТВЕННОЕ ДВИЖЕНИЕ СЕРГЕЯ СМЫШЛЯЕВА"",""registrationDate"":{""$date"":""2022-04-26T21:00:00.000Z""},""authPersonName"":""СМЫШЛЯЕВ СЕРГЕЙ ВЛАДИМИРОВИЧ"",""authPersonPosition"":""ПРЕДСЕДАТЕЛЬ""}"
8d79f122-5dae-50ea-b26d-8461a7d8b74b,8622002583,8622002583,activity,0,,,,main,,16.10,Распиловка и строгание древесины,,,,,,,,,,,,"{""code"":""16.10"",""description"":""Распиловка и строгание древесины""}"
8d79f122-5dae-50ea-b26d-8461a7d8b74b,8622002583,8622002583,activity,1,,,,other,,16.24,Производство деревянной тары,,,,,,,,,,,,"{""code"":""16.24"",""description"":""Производство деревянной тары""}"
8d79f122-5dae-50ea-b26d-8461a7d8b74b,8622002583,8622002583,activity,2,,,,other,,49.41,Деятельность автомобильного грузового транспорта,,,,,,,,,,,,"{""code"":""49.41"",""description"":""Деятельность автомобильного грузового транспорта""}"
8d79f122-5dae-50ea-b26d-8461a7d8b74b,8622002583,8622002583,activity,3,,,,other,,16.21,"Производство шпона, фанеры, деревянных плит и панелей",,,,,,,,,,,,"{""code"":""16.21"",""description"":""Производство шпона, фанеры, деревянных плит и панелей""}"
8d79f122-5dae-50ea-b26d-8461a7d8b74b,8622002583,8622002583,activity,4,,,,other,,16.23,Производство прочих деревянных строительных конструкций и столярных изделий,,,,,,,,,,,,"{""code"":""16.23"",""description"":""Производство прочих деревянных строительных конструкций и столярных изделий""}"
8d79f122-5dae-50ea-b26d-8461a7d8b74b,8622002583,8622002583,activity,5,,,,other,,46.90,Торговля оптовая неспециализированная,,,,,,,,,,,,"{""code"":""46.90"",""description"":""Торговля оптовая неспециализированная""}"
8d79f122-5dae-50ea-b26d-8461a7d8b74b,8622002583,8622002583,activity,6,,,,other,,02.20,Лесозаготовки,,,,,,,,,,,,"{""code"":""02.20"",""description"":""Лесозаготовки""}"
8d79f122-5dae-50ea-b26d-8461a7d8b74b,8622002583,8622002583,activity,7,,,,other,,46.73,"Торговля оптовая лесоматериалами, строительными материалами и санитарно-техническим оборудованием",,,,,,,,,,,,"{""code"":""46.73"",""description"":""Торговля оптовая лесоматериалами, строительными материалами и санитарно-техническим оборудованием""}"
8d79f122-5dae-50ea-b26d-8461a7d8b74b,8622002583,8622002583,activity,8,,,,other,,68.20,Аренда и управление собственным или арендованным недвижимым имуществом,,,,,,,,,,,,"{""code"":""68.20"",""description"":""Аренда и управление собственным или арендованным недвижимым имуществом""}"
8d79f122-5dae-50ea-b26d-8461a7d8b74b,8622002583,8622002583,activity,9,,,,other,,33.12,Ремонт машин и оборудования,,,,,,,,,,,,"{""code"":""33.12"",""description"":""Ремонт машин и оборудования""}"
8d79f122-5dae-50ea-b26d-8461a7d8b74b,8622002583,8622002583,activity,10,,,,other,,33.20,Монтаж промышленных машин и оборудования,,,,,,,,,,,,"{""code"":""33.20"",""description"":""Монтаж промышленных машин и оборудования""}"
8d79f122-5dae-50ea-b26d-8461a7d8b74b,8622002583,8622002583,activity,11,,,,other,,46.69,Торговля оптовая прочими машинами и оборудованием,,,,,,,,,,,,"{""code"":""46.69"",""description"":""Торговля оптовая прочими машинами и оборудованием""}"
8d79f122-5dae-50ea-b26d-8461a7d8b74b,8622002583,8622002583,activity,12,,,,other,,95.11,Ремонт компьютеров и периферийного компьютерного оборудования,,,,,,,,,,,,"{""code"":""95.11"",""description"":""Ремонт компьютеров и периферийного компьютерного оборудования""}"
8d79f122-5dae-50ea-b26d-8461a7d8b74b,8622002583,8622002583,activity,13,,,,other,,46.66,Торговля оптовая прочей офисной техникой и оборудованием,,,,,,,,,,,,"{""code"":""46.66"",""description"":""Торговля оптовая прочей офисной техникой и оборудованием""}"
8d79f122-5dae-50ea-b26d-8461a7d8b74b,8622002583,8622002583,activity,14,,,,other,,95.12,Ремонт коммуникационного оборудования,,,,,,,,,,,,"{""code"":""95.12"",""description"":""Ремонт коммуникационного оборудования""}"
8d79f122-5dae-50ea-b26d-8461a7d8b74b,8622002583,8622002583,activity,15,,,,other,,46.51,"Торговля оптовая компьютерами, периферийными устройствами к компьютерам и программным обеспечением",,,,,,,,,,,,"{""code"":""46.51"",""description"":""Торговля оптовая компьютерами, периферийными устройствами к компьютерам и программным обеспечением""}"
8d79f122-5dae-50ea-b26d-8461a7d8b74b,8622002583,8622002583,phone,0,,,,phone,,,,,,,,,,,922,4273113,,,"{""phoneCode"":""922"",""phoneNumber"":""4273113""}"
8d79f122-5dae-50ea-b26d-8461a7d8b74b,8622002583,8622002583,tax_system,0,Общая система налогообложения,,,tax_system,,ОСНО,,,,,,,,,,,,,"{""fullName"":""Общая система налогообложения"",""shortName"":""ОСНО""}"
351e38be-8a1f-5b25-b02a-1ac6b2d8b05f,9706026247,9706026247,founder,0,АКОВАНЦЕВ ИВАН ИВАНОВИЧ,773376558444,,founder,,,,100,60000,2025-10-28T21:00:00.000Z,True,,,,,,,,"{""name"":""АКОВАНЦЕВ ИВАН ИВАНОВИЧ"",""inn"":""773376558444"",""amount"":60000,""share"":100,""dateFrom"":{""$date"":""2025-10-28T21:00:00.000Z""},""active"":true}"
351e38be-8a1f-5b25-b02a-1ac6b2d8b05f,9706026247,9706026247,director,0,АКОВАНЦЕВ ИВАН ИВАНОВИЧ,773376558444,,director,ГЕНЕРАЛЬНЫЙ ДИРЕКТОР,,,,,2025-11-20T21:00:00.000Z,,,,,,,,,"{""name"":""АКОВАНЦЕВ ИВАН ИВАНОВИЧ"",""positionName"":""ГЕНЕРАЛЬНЫЙ ДИРЕКТОР"",""inn"":""773376558444"",""positionDate"":{""$date"":""2025-11-20T21:00:00.000Z""}}"
351e38be-8a1f-5b25-b02a-1ac6b2d8b05f,9706026247,9706026247,activity,0,,,,main,,46.90,Торговля оптовая неспециализированная,,,,,,,,,,,,"{""code"":""46.90"",""description"":""Торговля оптовая неспециализированная""}"
351e38be-8a1f-5b25-b02a-1ac6b2d8b05f,9706026247,9706026247,activity,1,,,,other,,46.72,Торговля оптовая металлами и металлическими рудами,,,,,,,,,,,,"{""code"":""46.72"",""description"":""Торговля оптовая металлами и металлическими рудами""}"
351e38be-8a1f-5b25-b02a-1ac6b2d8b05f,9706026247,9706026247,activity,2,,,,other,,52.23,"Деятельность вспомогательная, связанная с воздушным и космическим транспортом",,,,,,,,,,,,"{""code"":""52.23"",""description"":""Деятельность вспомогательная, связанная с воздушным и космическим транспортом""}"
351e38be-8a1f-5b25-b02a-1ac6b2d8b05f,9706026247,9706026247,activity,3,,,,other,,46.66,Торговля оптовая прочей офисной техникой и оборудованием,,,,,,,,,,,,"{""code"":""46.66"",""description"":""Торговля оптовая прочей офисной техникой и оборудованием""}"
351e38be-8a1f-5b25-b02a-1ac6b2d8b05f,9706026247,9706026247,activity,4,,,,other,,69.20,"Деятельность по оказанию услуг в области бухгалтерского учета, по проведению финансового аудита, по налоговому консультированию",,,,,,,,,,,,"{""code"":""69.20"",""description"":""Деятельность по оказанию услуг в области бухгалтерского учета, по проведению финансового аудита, по налоговому консультированию""}"
351e38be-8a1f-5b25-b02a-1ac6b2d8b05f,9706026247,9706026247,activity,5,,,,other,,71.20,"Технические испытания, исследования, анализ и сертификация",,,,,,,,,,,,"{""code"":""71.20"",""description"":""Технические испытания, исследования, анализ и сертификация""}"
351e38be-8a1f-5b25-b02a-1ac6b2d8b05f,9706026247,9706026247,activity,6,,,,other,,46.42,Торговля оптовая одеждой и обувью,,,,,,,,,,,,"{""code"":""46.42"",""description"":""Торговля оптовая одеждой и обувью""}"
351e38be-8a1f-5b25-b02a-1ac6b2d8b05f,9706026247,9706026247,activity,7,,,,other,,27.51,Производство бытовых электрических приборов,,,,,,,,,,,,"{""code"":""27.51"",""description"":""Производство бытовых электрических приборов""}"
351e38be-8a1f-5b25-b02a-1ac6b2d8b05f,9706026247,9706026247,activity,8,,,,other,,46.52,Торговля оптовая электронным и телекоммуникационным оборудованием и его запасными частями,,,,,,,,,,,,"{""code"":""46.52"",""description"":""Торговля оптовая электронным и телекоммуникационным оборудованием и его запасными частями""}"
351e38be-8a1f-5b25-b02a-1ac6b2d8b05f,9706026247,9706026247,activity,9,,,,other,,73.11,Деятельность рекламных агентств,,,,,,,,,,,,"{""code"":""73.11"",""description"":""Деятельность рекламных агентств""}"
351e38be-8a1f-5b25-b02a-1ac6b2d8b05f,9706026247,9706026247,activity,10,,,,other,,46.71,"Торговля оптовая твердым, жидким и газообразным топливом и подобными продуктами",,,,,,,,,,,,"{""code"":""46.71"",""description"":""Торговля оптовая твердым, жидким и газообразным топливом и подобными продуктами""}"
351e38be-8a1f-5b25-b02a-1ac6b2d8b05f,9706026247,9706026247,activity,11,,,,other,,52.10,Деятельность по складированию и хранению,,,,,,,,,,,,"{""code"":""52.10"",""description"":""Деятельность по складированию и хранению""}"
351e38be-8a1f-5b25-b02a-1ac6b2d8b05f,9706026247,9706026247,activity,12,,,,other,,73.20,Исследование конъюнктуры рынка и изучение общественного мнения,,,,,,,,,,,,"{""code"":""73.20"",""description"":""Исследование конъюнктуры рынка и изучение общественного мнения""}"
351e38be-8a1f-5b25-b02a-1ac6b2d8b05f,9706026247,9706026247,activity,13,,,,other,,27.52,Производство бытовых неэлектрических приборов,,,,,,,,,,,,"{""code"":""27.52"",""description"":""Производство бытовых неэлектрических приборов""}"
351e38be-8a1f-5b25-b02a-1ac6b2d8b05f,9706026247,9706026247,activity,14,,,,other,,46.69,Торговля оптовая прочими машинами и оборудованием,,,,,,,,,,,,"{""code"":""46.69"",""description"":""Торговля оптовая прочими машинами и оборудованием""}"
351e38be-8a1f-5b25-b02a-1ac6b2d8b05f,9706026247,9706026247,activity,15,,,,other,,74.30,Деятельность по письменному и устному переводу,,,,,,,,,,,,"{""code"":""74.30"",""description"":""Деятельность по письменному и устному переводу""}"
351e38be-8a1f-5b25-b02a-1ac6b2d8b05f,9706026247,9706026247,activity,16,,,,other,,49.31.21,Регулярные перевозки пассажиров автобусами в городском и пригородном сообщении,,,,,,,,,,,,"{""code"":""49.31.21"",""description"":""Регулярные перевозки пассажиров автобусами в городском и пригородном сообщении""}"
351e38be-8a1f-5b25-b02a-1ac6b2d8b05f,9706026247,9706026247,activity,17,,,,other,,46.22,Торговля оптовая цветами и растениями,,,,,,,,,,,,"{""code"":""46.22"",""description"":""Торговля оптовая цветами и растениями""}"
351e38be-8a1f-5b25-b02a-1ac6b2d8b05f,9706026247,9706026247,activity,18,,,,other,,49.41.1,Перевозка грузов специализированными автотранспортными средствами,,,,,,,,,,,,"{""code"":""49.41.1"",""description"":""Перевозка грузов специализированными автотранспортными средствами""}"
351e38be-8a1f-5b25-b02a-1ac6b2d8b05f,9706026247,9706026247,activity,19,,,,other,,73.12,Представление в средствах массовой информации,,,,,,,,,,,,"{""code"":""73.12"",""description"":""Представление в средствах массовой информации""}"
351e38be-8a1f-5b25-b02a-1ac6b2d8b05f,9706026247,9706026247,activity,20,,,,other,,46.74,"Торговля оптовая скобяными изделиями, водопроводным и отопительным оборудованием и принадлежностями",,,,,,,,,,,,"{""code"":""46.74"",""description"":""Торговля оптовая скобяными изделиями, водопроводным и отопительным оборудованием и принадлежностями""}"
351e38be-8a1f-5b25-b02a-1ac6b2d8b05f,9706026247,9706026247,activity,21,,,,other,,52.24,Транспортная обработка грузов,,,,,,,,,,,,"{""code"":""52.24"",""description"":""Транспортная обработка грузов""}"
351e38be-8a1f-5b25-b02a-1ac6b2d8b05f,9706026247,9706026247,activity,22,,,,other,,45.20,Техническое обслуживание и ремонт автотранспортных средств,,,,,,,,,,,,"{""code"":""45.20"",""description"":""Техническое обслуживание и ремонт автотранспортных средств""}"
351e38be-8a1f-5b25-b02a-1ac6b2d8b05f,9706026247,9706026247,activity,23,,,,other,,46.45,Торговля оптовая парфюмерными и косметическими товарами,,,,,,,,,,,,"{""code"":""46.45"",""description"":""Торговля оптовая парфюмерными и косметическими товарами""}"
351e38be-8a1f-5b25-b02a-1ac6b2d8b05f,9706026247,9706026247,activity,24,,,,other,,46.75,Торговля оптовая химическими продуктами,,,,,,,,,,,,"{""code"":""46.75"",""description"":""Торговля оптовая химическими продуктами""}"
351e38be-8a1f-5b25-b02a-1ac6b2d8b05f,9706026247,9706026247,activity,25,,,,other,,69.10,Деятельность в области права,,,,,,,,,,,,"{""code"":""69.10"",""description"":""Деятельность в области права""}"
351e38be-8a1f-5b25-b02a-1ac6b2d8b05f,9706026247,9706026247,activity,26,,,,other,,49.41.2,Перевозка грузов неспециализированными автотранспортными средствами,,,,,,,,,,,,"{""code"":""49.41.2"",""description"":""Перевозка грузов неспециализированными автотранспортными средствами""}"
351e38be-8a1f-5b25-b02a-1ac6b2d8b05f,9706026247,9706026247,activity,27,,,,other,,46.77,Торговля оптовая отходами и ломом,,,,,,,,,,,,"{""code"":""46.77"",""description"":""Торговля оптовая отходами и ломом""}"
351e38be-8a1f-5b25-b02a-1ac6b2d8b05f,9706026247,9706026247,activity,28,,,,other,,74.20,Деятельность в области фотографии,,,,,,,,,,,,"{""code"":""74.20"",""description"":""Деятельность в области фотографии""}"
351e38be-8a1f-5b25-b02a-1ac6b2d8b05f,9706026247,9706026247,activity,29,,,,other,,71.11,Деятельность в области архитектуры,,,,,,,,,,,,"{""code"":""71.11"",""description"":""Деятельность в области архитектуры""}"
351e38be-8a1f-5b25-b02a-1ac6b2d8b05f,9706026247,9706026247,activity,30,,,,other,,71.12,"Деятельность в области инженерных изысканий, инженерно-технического проектирования, управления проектами строительства, выполнения строительного контроля и авторского надзора, предоставление технических консультаций в этих областях",,,,,,,,,,,,"{""code"":""71.12"",""description"":""Деятельность в области инженерных изысканий, инженерно-технического проектирования, управления проектами строительства, выполнения строительного контроля и авторского надзора, предоставление технических консультаций в этих областях""}"
351e38be-8a1f-5b25-b02a-1ac6b2d8b05f,9706026247,9706026247,activity,31,,,,other,,45.31,"Торговля оптовая автомобильными деталями, узлами и принадлежностями",,,,,,,,,,,,"{""code"":""45.31"",""description"":""Торговля оптовая автомобильными деталями, узлами и принадлежностями""}"
351e38be-8a1f-5b25-b02a-1ac6b2d8b05f,9706026247,9706026247,activity,32,,,,other,,46.41,Торговля оптовая текстильными изделиями,,,,,,,,,,,,"{""code"":""46.41"",""description"":""Торговля оптовая текстильными изделиями""}"
351e38be-8a1f-5b25-b02a-1ac6b2d8b05f,9706026247,9706026247,activity,33,,,,other,,46.73,"Торговля оптовая лесоматериалами, строительными материалами и санитарно-техническим оборудованием",,,,,,,,,,,,"{""code"":""46.73"",""description"":""Торговля оптовая лесоматериалами, строительными материалами и санитарно-техническим оборудованием""}"
351e38be-8a1f-5b25-b02a-1ac6b2d8b05f,9706026247,9706026247,activity,34,,,,other,,46.48,Торговля оптовая часами и ювелирными изделиями,,,,,,,,,,,,"{""code"":""46.48"",""description"":""Торговля оптовая часами и ювелирными изделиями""}"
351e38be-8a1f-5b25-b02a-1ac6b2d8b05f,9706026247,9706026247,activity,35,,,,other,,74.90,"Деятельность профессиональная, научная и техническая прочая, не включенная в другие группировки",,,,,,,,,,,,"{""code"":""74.90"",""description"":""Деятельность профессиональная, научная и техническая прочая, не включенная в другие группировки""}"
351e38be-8a1f-5b25-b02a-1ac6b2d8b05f,9706026247,9706026247,activity,36,,,,other,,46.44,Торговля оптовая изделиями из керамики и стекла и чистящими средствами,,,,,,,,,,,,"{""code"":""46.44"",""description"":""Торговля оптовая изделиями из керамики и стекла и чистящими средствами""}"
351e38be-8a1f-5b25-b02a-1ac6b2d8b05f,9706026247,9706026247,activity,37,,,,other,,46.43,Торговля оптовая бытовыми электротоварами,,,,,,,,,,,,"{""code"":""46.43"",""description"":""Торговля оптовая бытовыми электротоварами""}"
351e38be-8a1f-5b25-b02a-1ac6b2d8b05f,9706026247,9706026247,activity,38,,,,other,,74.10,Деятельность специализированная в области дизайна,,,,,,,,,,,,"{""code"":""74.10"",""description"":""Деятельность специализированная в области дизайна""}"
351e38be-8a1f-5b25-b02a-1ac6b2d8b05f,9706026247,9706026247,activity,39,,,,other,,52.29,"Деятельность вспомогательная прочая, связанная с перевозками",,,,,,,,,,,,"{""code"":""52.29"",""description"":""Деятельность вспомогательная прочая, связанная с перевозками""}"
351e38be-8a1f-5b25-b02a-1ac6b2d8b05f,9706026247,9706026247,activity,40,,,,other,,46.51,"Торговля оптовая компьютерами, периферийными устройствами к компьютерам и программным обеспечением",,,,,,,,,,,,"{""code"":""46.51"",""description"":""Торговля оптовая компьютерами, периферийными устройствами к компьютерам и программным обеспечением""}"
351e38be-8a1f-5b25-b02a-1ac6b2d8b05f,9706026247,9706026247,activity,41,,,,other,,46.62,Торговля оптовая станками,,,,,,,,,,,,"{""code"":""46.62"",""description"":""Торговля оптовая станками""}"
351e38be-8a1f-5b25-b02a-1ac6b2d8b05f,9706026247,9706026247,activity,42,,,,other,,49.39.32,Перевозка пассажиров автобусами по туристическим или экскурсионным маршрутам,,,,,,,,,,,,"{""code"":""49.39.32"",""description"":""Перевозка пассажиров автобусами по туристическим или экскурсионным маршрутам""}"
351e38be-8a1f-5b25-b02a-1ac6b2d8b05f,9706026247,9706026247,activity,43,,,,other,,46.63,Торговля оптовая машинами и оборудованием для добычи полезных ископаемых и строительства,,,,,,,,,,,,"{""code"":""46.63"",""description"":""Торговля оптовая машинами и оборудованием для добычи полезных ископаемых и строительства""}"
351e38be-8a1f-5b25-b02a-1ac6b2d8b05f,9706026247,9706026247,activity,44,,,,other,,70.21,Деятельность в сфере связей с общественностью,,,,,,,,,,,,"{""code"":""70.21"",""description"":""Деятельность в сфере связей с общественностью""}"
351e38be-8a1f-5b25-b02a-1ac6b2d8b05f,9706026247,9706026247,activity,45,,,,other,,46.39.2,"Торговля оптовая неспециализированная незамороженными пищевыми продуктами, напитками и табачными изделиями",,,,,,,,,,,,"{""code"":""46.39.2"",""description"":""Торговля оптовая неспециализированная незамороженными пищевыми продуктами, напитками и табачными изделиями""}"
351e38be-8a1f-5b25-b02a-1ac6b2d8b05f,9706026247,9706026247,activity,46,,,,other,,46.76,Торговля оптовая прочими промежуточными продуктами,,,,,,,,,,,,"{""code"":""46.76"",""description"":""Торговля оптовая прочими промежуточными продуктами""}"
351e38be-8a1f-5b25-b02a-1ac6b2d8b05f,9706026247,9706026247,activity,47,,,,other,,46.46,Торговля оптовая фармацевтической продукцией,,,,,,,,,,,,"{""code"":""46.46"",""description"":""Торговля оптовая фармацевтической продукцией""}"
351e38be-8a1f-5b25-b02a-1ac6b2d8b05f,9706026247,9706026247,activity,48,,,,other,,49.41,Деятельность автомобильного грузового транспорта,,,,,,,,,,,,"{""code"":""49.41"",""description"":""Деятельность автомобильного грузового транспорта""}"
351e38be-8a1f-5b25-b02a-1ac6b2d8b05f,9706026247,9706026247,activity,49,,,,other,,46.19,Деятельность агентов по оптовой торговле универсальным ассортиментом товаров,,,,,,,,,,,,"{""code"":""46.19"",""description"":""Деятельность агентов по оптовой торговле универсальным ассортиментом товаров""}"
351e38be-8a1f-5b25-b02a-1ac6b2d8b05f,9706026247,9706026247,activity,50,,,,other,,46.47,"Торговля оптовая мебелью, коврами и осветительным оборудованием",,,,,,,,,,,,"{""code"":""46.47"",""description"":""Торговля оптовая мебелью, коврами и осветительным оборудованием""}"
351e38be-8a1f-5b25-b02a-1ac6b2d8b05f,9706026247,9706026247,activity,51,,,,other,,46.49,Торговля оптовая прочими бытовыми товарами,,,,,,,,,,,,"{""code"":""46.49"",""description"":""Торговля оптовая прочими бытовыми товарами""}"
351e38be-8a1f-5b25-b02a-1ac6b2d8b05f,9706026247,9706026247,activity,52,,,,other,,46.16,"Деятельность агентов по оптовой торговле текстильными изделиями, одеждой, обувью, изделиями из кожи и меха",,,,,,,,,,,,"{""code"":""46.16"",""description"":""Деятельность агентов по оптовой торговле текстильными изделиями, одеждой, обувью, изделиями из кожи и меха""}"
351e38be-8a1f-5b25-b02a-1ac6b2d8b05f,9706026247,9706026247,activity,53,,,,other,,27.90,Производство прочего электрического оборудования,,,,,,,,,,,,"{""code"":""27.90"",""description"":""Производство прочего электрического оборудования""}"
351e38be-8a1f-5b25-b02a-1ac6b2d8b05f,9706026247,9706026247,activity,54,,,,other,,46.15,"Деятельность агентов по оптовой торговле мебелью, бытовыми товарами, скобяными, ножевыми и прочими металлическими изделиями",,,,,,,,,,,,"{""code"":""46.15"",""description"":""Деятельность агентов по оптовой торговле мебелью, бытовыми товарами, скобяными, ножевыми и прочими металлическими изделиями""}"
351e38be-8a1f-5b25-b02a-1ac6b2d8b05f,9706026247,9706026247,activity,55,,,,other,,27.12,Производство электрической распределительной и регулирующей аппаратуры,,,,,,,,,,,,"{""code"":""27.12"",""description"":""Производство электрической распределительной и регулирующей аппаратуры""}"
351e38be-8a1f-5b25-b02a-1ac6b2d8b05f,9706026247,9706026247,activity,56,,,,other,,46.39.1,Торговля оптовая неспециализированная замороженными пищевыми продуктами,,,,,,,,,,,,"{""code"":""46.39.1"",""description"":""Торговля оптовая неспециализированная замороженными пищевыми продуктами""}"
351e38be-8a1f-5b25-b02a-1ac6b2d8b05f,9706026247,9706026247,activity,57,,,,other,,70.10,Деятельность головных офисов,,,,,,,,,,,,"{""code"":""70.10"",""description"":""Деятельность головных офисов""}"
351e38be-8a1f-5b25-b02a-1ac6b2d8b05f,9706026247,9706026247,activity,58,,,,other,,46.18,"Деятельность агентов, специализирующихся на оптовой торговле прочими отдельными видами товаров",,,,,,,,,,,,"{""code"":""46.18"",""description"":""Деятельность агентов, специализирующихся на оптовой торговле прочими отдельными видами товаров""}"
351e38be-8a1f-5b25-b02a-1ac6b2d8b05f,9706026247,9706026247,activity,59,,,,other,,46.64,"Торговля оптовая машинами и оборудованием для текстильного, швейного и трикотажного производств",,,,,,,,,,,,"{""code"":""46.64"",""description"":""Торговля оптовая машинами и оборудованием для текстильного, швейного и трикотажного производств""}"
351e38be-8a1f-5b25-b02a-1ac6b2d8b05f,9706026247,9706026247,activity,60,,,,other,,49.20.1,Перевозка опасных грузов,,,,,,,,,,,,"{""code"":""49.20.1"",""description"":""Перевозка опасных грузов""}"
351e38be-8a1f-5b25-b02a-1ac6b2d8b05f,9706026247,9706026247,activity,61,,,,other,,52.22,"Деятельность вспомогательная, связанная с водным транспортом",,,,,,,,,,,,"{""code"":""52.22"",""description"":""Деятельность вспомогательная, связанная с водным транспортом""}"
351e38be-8a1f-5b25-b02a-1ac6b2d8b05f,9706026247,9706026247,activity,62,,,,other,,46.65,Торговля оптовая офисной мебелью,,,,,,,,,,,,"{""code"":""46.65"",""description"":""Торговля оптовая офисной мебелью""}"
351e38be-8a1f-5b25-b02a-1ac6b2d8b05f,9706026247,9706026247,activity,63,,,,other,,27.11,"Производство электродвигателей, электрогенераторов и трансформаторов",,,,,,,,,,,,"{""code"":""27.11"",""description"":""Производство электродвигателей, электрогенераторов и трансформаторов""}"
351e38be-8a1f-5b25-b02a-1ac6b2d8b05f,9706026247,9706026247,activity,64,,,,other,,52.21,"Деятельность вспомогательная, связанная с сухопутным транспортом",,,,,,,,,,,,"{""code"":""52.21"",""description"":""Деятельность вспомогательная, связанная с сухопутным транспортом""}"
351e38be-8a1f-5b25-b02a-1ac6b2d8b05f,9706026247,9706026247,activity,65,,,,other,,70.22,Консультирование по вопросам коммерческой деятельности и управления,,,,,,,,,,,,"{""code"":""70.22"",""description"":""Консультирование по вопросам коммерческой деятельности и управления""}"
351e38be-8a1f-5b25-b02a-1ac6b2d8b05f,9706026247,9706026247,activity,66,,,,other,,25.99.2,Производство прочих металлических изделий,,,,,,,,,,,,"{""code"":""25.99.2"",""description"":""Производство прочих металлических изделий""}"
351e38be-8a1f-5b25-b02a-1ac6b2d8b05f,9706026247,9706026247,activity,67,,,,other,,33.13,Ремонт электронного и оптического оборудования,,,,,,,,,,,,"{""code"":""33.13"",""description"":""Ремонт электронного и оптического оборудования""}"
351e38be-8a1f-5b25-b02a-1ac6b2d8b05f,9706026247,9706026247,activity,68,,,,other,,25.62,Обработка металлических изделий механическая,,,,,,,,,,,,"{""code"":""25.62"",""description"":""Обработка металлических изделий механическая""}"
351e38be-8a1f-5b25-b02a-1ac6b2d8b05f,9706026247,9706026247,activity,69,,,,other,,46.49.4,Торговля оптовая прочими потребительскими товарами,,,,,,,,,,,,"{""code"":""46.49.4"",""description"":""Торговля оптовая прочими потребительскими товарами""}"
351e38be-8a1f-5b25-b02a-1ac6b2d8b05f,9706026247,9706026247,activity,70,,,,other,,46.46.2,"Торговля оптовая изделиями, применяемыми в медицинских целях",,,,,,,,,,,,"{""code"":""46.46.2"",""description"":""Торговля оптовая изделиями, применяемыми в медицинских целях""}"
351e38be-8a1f-5b25-b02a-1ac6b2d8b05f,9706026247,9706026247,activity,71,,,,other,,46.52.2,Торговля оптовая электронным оборудованием и его запасными частями,,,,,,,,,,,,"{""code"":""46.52.2"",""description"":""Торговля оптовая электронным оборудованием и его запасными частями""}"
351e38be-8a1f-5b25-b02a-1ac6b2d8b05f,9706026247,9706026247,activity,72,,,,other,,46.69.9,"Торговля оптовая прочими машинами, приборами, аппаратурой и оборудованием общепромышленного и специального назначения",,,,,,,,,,,,"{""code"":""46.69.9"",""description"":""Торговля оптовая прочими машинами, приборами, аппаратурой и оборудованием общепромышленного и специального назначения""}"
351e38be-8a1f-5b25-b02a-1ac6b2d8b05f,9706026247,9706026247,activity,73,,,,other,,25.61,Обработка металлов и нанесение покрытий на металлы,,,,,,,,,,,,"{""code"":""25.61"",""description"":""Обработка металлов и нанесение покрытий на металлы""}"
351e38be-8a1f-5b25-b02a-1ac6b2d8b05f,9706026247,9706026247,activity,74,,,,other,,26.30.4,"Производство антенн, антенных отражателей всех видов и их деталей",,,,,,,,,,,,"{""code"":""26.30.4"",""description"":""Производство антенн, антенных отражателей всех видов и их деталей""}"
351e38be-8a1f-5b25-b02a-1ac6b2d8b05f,9706026247,9706026247,activity,75,,,,other,,26.30.11,"Производство средств связи, выполняющих функцию систем коммутации",,,,,,,,,,,,"{""code"":""26.30.11"",""description"":""Производство средств связи, выполняющих функцию систем коммутации""}"
351e38be-8a1f-5b25-b02a-1ac6b2d8b05f,9706026247,9706026247,activity,76,,,,other,,46.69.5,"Торговля оптовая производственным электротехническим оборудованием, машинами, аппаратурой и материалами",,,,,,,,,,,,"{""code"":""46.69.5"",""description"":""Торговля оптовая производственным электротехническим оборудованием, машинами, аппаратурой и материалами""}"
351e38be-8a1f-5b25-b02a-1ac6b2d8b05f,9706026247,9706026247,activity,77,,,,other,,43.29,Производство прочих строительно-монтажных работ,,,,,,,,,,,,"{""code"":""43.29"",""description"":""Производство прочих строительно-монтажных работ""}"
351e38be-8a1f-5b25-b02a-1ac6b2d8b05f,9706026247,9706026247,activity,78,,,,other,,43.21,Производство электромонтажных работ,,,,,,,,,,,,"{""code"":""43.21"",""description"":""Производство электромонтажных работ""}"
351e38be-8a1f-5b25-b02a-1ac6b2d8b05f,9706026247,9706026247,tax_system,0,Общая система налогообложения,,,tax_system,,ОСНО,,,,,,,,,,,,,"{""fullName"":""Общая система налогообложения"",""shortName"":""ОСНО""}"
01525e9a-d2a4-5286-984a-01bd128abf0f,2100006761,2100006761,founder,0,КУЧЕРУК-НАМЕСТНИКОВА ТАТЬЯНА ВИКТОРОВНА,732808112170,,founder,,,,50,5000,2025-03-25T21:00:00.000Z,True,,,,,,,,"{""name"":""КУЧЕРУК-НАМЕСТНИКОВА ТАТЬЯНА ВИКТОРОВНА"",""inn"":""732808112170"",""amount"":5000,""share"":50,""dateFrom"":{""$date"":""2025-03-25T21:00:00.000Z""},""active"":true}"
01525e9a-d2a4-5286-984a-01bd128abf0f,2100006761,2100006761,founder,1,ВЕРЕВКА ВЛАДИСЛАВ АНДРЕЕВИЧ,772308245850,,founder,,,,50,5000,2025-03-25T21:00:00.000Z,True,,,,,,,,"{""name"":""ВЕРЕВКА ВЛАДИСЛАВ АНДРЕЕВИЧ"",""inn"":""772308245850"",""amount"":5000,""share"":50,""dateFrom"":{""$date"":""2025-03-25T21:00:00.000Z""},""active"":true}"
01525e9a-d2a4-5286-984a-01bd128abf0f,2100006761,2100006761,director,0,ВЕРЕВКА ВЛАДИСЛАВ АНДРЕЕВИЧ,772308245850,,director,ГЕНЕРАЛЬНЫЙ ДИРЕКТОР,,,,,2025-06-24T21:00:00.000Z,,,,,,,,,"{""name"":""ВЕРЕВКА ВЛАДИСЛАВ АНДРЕЕВИЧ"",""positionName"":""ГЕНЕРАЛЬНЫЙ ДИРЕКТОР"",""inn"":""772308245850"",""positionDate"":{""$date"":""2025-06-24T21:00:00.000Z""}}"
01525e9a-d2a4-5286-984a-01bd128abf0f,2100006761,2100006761,related_company,0,"ООО ""ДИНАСТИОН ДЕВЕЛОПМЕНТ""",5027344304,1265000007029,related_company,,,,,,,,2026-02-03T21:00:00.000Z,,,,,КУЧЕРУК-НАМЕСТНИКОВА ТАТЬЯНА ВИКТОРОВНА,ГЕНЕРАЛЬНЫЙ ДИРЕКТОР,"{""inn"":""5027344304"",""ogrn"":""1265000007029"",""name"":""ООО \""ДИНАСТИОН ДЕВЕЛОПМЕНТ\"""",""registrationDate"":{""$date"":""2026-02-03T21:00:00.000Z""},""authPersonName"":""КУЧЕРУК-НАМЕСТНИКОВА ТАТЬЯНА ВИКТОРОВНА"",""authPersonPosition"":""ГЕНЕРАЛЬНЫЙ ДИРЕКТОР""}"
01525e9a-d2a4-5286-984a-01bd128abf0f,2100006761,2100006761,related_company,1,"ООО ""ВЛАДЕЛЕЦ-АГРО""",9110032611,1239100012238,related_company,,,,,,,,2023-09-28T21:00:00.000Z,,,,,АБЛЯКИМОВ ИЛЬМАР ЭНВЕРОВИЧ,ГЕНЕРАЛЬНЫЙ ДИРЕКТОР,"{""inn"":""9110032611"",""ogrn"":""1239100012238"",""name"":""ООО \""ВЛАДЕЛЕЦ-АГРО\"""",""registrationDate"":{""$date"":""2023-09-28T21:00:00.000Z""},""authPersonName"":""АБЛЯКИМОВ ИЛЬМАР ЭНВЕРОВИЧ"",""authPersonPosition"":""ГЕНЕРАЛЬНЫЙ ДИРЕКТОР""}"
01525e9a-d2a4-5286-984a-01bd128abf0f,2100006761,2100006761,related_company,2,ИП КУЧЕРУК-НАМЕСТНИКОВА ТАТЬЯНА ВИКТОРОВНА,732808112170,322774600295011,related_company,,,,,,,,,,,,,,,"{""inn"":""732808112170"",""ogrn"":""322774600295011"",""name"":""ИП КУЧЕРУК-НАМЕСТНИКОВА ТАТЬЯНА ВИКТОРОВНА""}"
01525e9a-d2a4-5286-984a-01bd128abf0f,2100006761,2100006761,related_company,3,ИП ВЕРЕВКА ВЛАДИСЛАВ АНДРЕЕВИЧ,772308245850,321774600772151,related_company,,,,,,,,,,,,,,,"{""inn"":""772308245850"",""ogrn"":""321774600772151"",""name"":""ИП ВЕРЕВКА ВЛАДИСЛАВ АНДРЕЕВИЧ""}"
01525e9a-d2a4-5286-984a-01bd128abf0f,2100006761,2100006761,activity,0,,,,main,,60.10,Деятельность в области радиовещания,,,,,,,,,,,,"{""code"":""60.10"",""description"":""Деятельность в области радиовещания""}"
01525e9a-d2a4-5286-984a-01bd128abf0f,2100006761,2100006761,activity,1,,,,other,,18.12,Прочие виды полиграфической деятельности,,,,,,,,,,,,"{""code"":""18.12"",""description"":""Прочие виды полиграфической деятельности""}"
01525e9a-d2a4-5286-984a-01bd128abf0f,2100006761,2100006761,activity,2,,,,other,,18.20,Копирование записанных носителей информации,,,,,,,,,,,,"{""code"":""18.20"",""description"":""Копирование записанных носителей информации""}"
01525e9a-d2a4-5286-984a-01bd128abf0f,2100006761,2100006761,activity,3,,,,other,,61.30,Деятельность в области спутниковой связи,,,,,,,,,,,,"{""code"":""61.30"",""description"":""Деятельность в области спутниковой связи""}"
01525e9a-d2a4-5286-984a-01bd128abf0f,2100006761,2100006761,activity,4,,,,other,,85.41,Образование дополнительное детей и взрослых,,,,,,,,,,,,"{""code"":""85.41"",""description"":""Образование дополнительное детей и взрослых""}"
01525e9a-d2a4-5286-984a-01bd128abf0f,2100006761,2100006761,activity,5,,,,other,,18.11,Печатание газет,,,,,,,,,,,,"{""code"":""18.11"",""description"":""Печатание газет""}"
01525e9a-d2a4-5286-984a-01bd128abf0f,2100006761,2100006761,activity,6,,,,other,,61.10,Деятельность в области связи на базе проводных технологий,,,,,,,,,,,,"{""code"":""61.10"",""description"":""Деятельность в области связи на базе проводных технологий""}"
01525e9a-d2a4-5286-984a-01bd128abf0f,2100006761,2100006761,activity,7,,,,other,,18.13,Изготовление печатных форм и подготовительная деятельность,,,,,,,,,,,,"{""code"":""18.13"",""description"":""Изготовление печатных форм и подготовительная деятельность""}"
01525e9a-d2a4-5286-984a-01bd128abf0f,2100006761,2100006761,activity,8,,,,other,,18.14,Деятельность брошюровочно- переплетная и отделочная и сопутствующие услуги,,,,,,,,,,,,"{""code"":""18.14"",""description"":""Деятельность брошюровочно- переплетная и отделочная и сопутствующие услуги""}"
01525e9a-d2a4-5286-984a-01bd128abf0f,2100006761,2100006761,activity,9,,,,other,,61.20,Деятельность в области связи на базе беспроводных технологий,,,,,,,,,,,,"{""code"":""61.20"",""description"":""Деятельность в области связи на базе беспроводных технологий""}"
01525e9a-d2a4-5286-984a-01bd128abf0f,2100006761,2100006761,tax_system,0,Упрощенная система налогообложения,,,tax_system,,УСН,,,,,,,,,,,,,"{""fullName"":""Упрощенная система налогообложения"",""shortName"":""УСН""}"
a5a11878-53d6-5627-85ff-8de40282ef09,9703198304,9703198304,founder,0,"АКЦИОНЕРНОЕ ОБЩЕСТВО ""ТАНДЕМ КАПИТАЛ""",9709121467,,founder,,,,99,9990,2025-07-08T21:00:00.000Z,True,,,,,,,,"{""name"":""АКЦИОНЕРНОЕ ОБЩЕСТВО \""ТАНДЕМ КАПИТАЛ\"""",""inn"":""9709121467"",""amount"":9990,""share"":99,""dateFrom"":{""$date"":""2025-07-08T21:00:00.000Z""},""active"":true}"
a5a11878-53d6-5627-85ff-8de40282ef09,9703198304,9703198304,director,0,ИВАНОВА ОЛЬГА ВАЛЕРЬЕВНА,232003677342,,director,ГЕНЕРАЛЬНЫЙ ДИРЕКТОР,,,,,2025-05-22T21:00:00.000Z,,,,,,,,,"{""name"":""ИВАНОВА ОЛЬГА ВАЛЕРЬЕВНА"",""positionName"":""ГЕНЕРАЛЬНЫЙ ДИРЕКТОР"",""inn"":""232003677342"",""positionDate"":{""$date"":""2025-05-22T21:00:00.000Z""}}"
a5a11878-53d6-5627-85ff-8de40282ef09,9703198304,9703198304,related_company,0,"АО ""ТАНДЕМ КАПИТАЛ""",9709121467,1257700057450,related_company,,,,,,,,2025-02-09T21:00:00.000Z,,,,,ИВАНОВА ОЛЬГА ВАЛЕРЬЕВНА,ГЕНЕРАЛЬНЫЙ ДИРЕКТОР,"{""inn"":""9709121467"",""ogrn"":""1257700057450"",""name"":""АО \""ТАНДЕМ КАПИТАЛ\"""",""registrationDate"":{""$date"":""2025-02-09T21:00:00.000Z""},""authPersonName"":""ИВАНОВА ОЛЬГА ВАЛЕРЬЕВНА"",""authPersonPosition"":""ГЕНЕРАЛЬНЫЙ ДИРЕКТОР""}"
a5a11878-53d6-5627-85ff-8de40282ef09,9703198304,9703198304,related_company,1,"ООО ""НОРВЕСТА АРКТИК""",8700002150,1258700000041,related_company,,,,,,,,2025-01-27T21:00:00.000Z,,,,,,,"{""inn"":""8700002150"",""ogrn"":""1258700000041"",""name"":""ООО \""НОРВЕСТА АРКТИК\"""",""registrationDate"":{""$date"":""2025-01-27T21:00:00.000Z""},""parentOrganizations"":[{""inn"":""9703198304"",""ogrn"":""1247700791843"",""fullName"":""ОБЩЕСТВО С ОГРАНИЧЕННОЙ ОТВЕТСТВЕННОСТЬЮ \""НОРВЕСТА\"""",""parentDate"":{""$date"":""2025-01-27T21:00:00.000Z""}}]}"
a5a11878-53d6-5627-85ff-8de40282ef09,9703198304,8700002150,related_parent_organization,0,"ОБЩЕСТВО С ОГРАНИЧЕННОЙ ОТВЕТСТВЕННОСТЬЮ ""НОРВЕСТА""",9703198304,1247700791843,parent_of_related_company,,,,,,2025-01-27T21:00:00.000Z,,,,,,,,,"{""inn"":""9703198304"",""ogrn"":""1247700791843"",""fullName"":""ОБЩЕСТВО С ОГРАНИЧЕННОЙ ОТВЕТСТВЕННОСТЬЮ \""НОРВЕСТА\"""",""parentDate"":{""$date"":""2025-01-27T21:00:00.000Z""}}"
a5a11878-53d6-5627-85ff-8de40282ef09,9703198304,9703198304,activity,0,,,,main,,55.10,Деятельность гостиниц и прочих мест для временного проживания,,,,,,,,,,,,"{""code"":""55.10"",""description"":""Деятельность гостиниц и прочих мест для временного проживания""}"
a5a11878-53d6-5627-85ff-8de40282ef09,9703198304,9703198304,activity,1,,,,other,,82.99,"Деятельность по предоставлению прочих вспомогательных услуг для бизнеса, не включенная в другие группировки",,,,,,,,,,,,"{""code"":""82.99"",""description"":""Деятельность по предоставлению прочих вспомогательных услуг для бизнеса, не включенная в другие группировки""}"
a5a11878-53d6-5627-85ff-8de40282ef09,9703198304,9703198304,activity,2,,,,other,,45.31,"Торговля оптовая автомобильными деталями, узлами и принадлежностями",,,,,,,,,,,,"{""code"":""45.31"",""description"":""Торговля оптовая автомобильными деталями, узлами и принадлежностями""}"
a5a11878-53d6-5627-85ff-8de40282ef09,9703198304,9703198304,activity,3,,,,other,,43.91,Производство кровельных работ,,,,,,,,,,,,"{""code"":""43.91"",""description"":""Производство кровельных работ""}"
a5a11878-53d6-5627-85ff-8de40282ef09,9703198304,9703198304,activity,4,,,,other,,68.32,Управление недвижимым имуществом за вознаграждение или на договорной основе,,,,,,,,,,,,"{""code"":""68.32"",""description"":""Управление недвижимым имуществом за вознаграждение или на договорной основе""}"
a5a11878-53d6-5627-85ff-8de40282ef09,9703198304,9703198304,activity,5,,,,other,,47.23,"Торговля розничная рыбой, ракообразными и моллюсками в специализированных магазинах",,,,,,,,,,,,"{""code"":""47.23"",""description"":""Торговля розничная рыбой, ракообразными и моллюсками в специализированных магазинах""}"
a5a11878-53d6-5627-85ff-8de40282ef09,9703198304,9703198304,activity,6,,,,other,,52.24.2,Транспортная обработка прочих грузов,,,,,,,,,,,,"{""code"":""52.24.2"",""description"":""Транспортная обработка прочих грузов""}"
a5a11878-53d6-5627-85ff-8de40282ef09,9703198304,9703198304,activity,7,,,,other,,47.29,Торговля розничная прочими пищевыми продуктами в специализированных магазинах,,,,,,,,,,,,"{""code"":""47.29"",""description"":""Торговля розничная прочими пищевыми продуктами в специализированных магазинах""}"
a5a11878-53d6-5627-85ff-8de40282ef09,9703198304,9703198304,activity,8,,,,other,,45.20,Техническое обслуживание и ремонт автотранспортных средств,,,,,,,,,,,,"{""code"":""45.20"",""description"":""Техническое обслуживание и ремонт автотранспортных средств""}"
a5a11878-53d6-5627-85ff-8de40282ef09,9703198304,9703198304,activity,9,,,,other,,81.22,Деятельность по чистке и уборке жилых зданий и нежилых помещений прочая,,,,,,,,,,,,"{""code"":""81.22"",""description"":""Деятельность по чистке и уборке жилых зданий и нежилых помещений прочая""}"
a5a11878-53d6-5627-85ff-8de40282ef09,9703198304,9703198304,activity,10,,,,other,,43.99,"Работы строительные специализированные прочие, не включенные в другие группировки",,,,,,,,,,,,"{""code"":""43.99"",""description"":""Работы строительные специализированные прочие, не включенные в другие группировки""}"
a5a11878-53d6-5627-85ff-8de40282ef09,9703198304,9703198304,activity,11,,,,other,,43.33,Работы по устройству покрытий полов и облицовке стен,,,,,,,,,,,,"{""code"":""43.33"",""description"":""Работы по устройству покрытий полов и облицовке стен""}"
a5a11878-53d6-5627-85ff-8de40282ef09,9703198304,9703198304,activity,12,,,,other,,47.11,"Торговля розничная преимущественно пищевыми продуктами, включая напитки, и табачными изделиями в неспециализированных магазинах",,,,,,,,,,,,"{""code"":""47.11"",""description"":""Торговля розничная преимущественно пищевыми продуктами, включая напитки, и табачными изделиями в неспециализированных магазинах""}"
a5a11878-53d6-5627-85ff-8de40282ef09,9703198304,9703198304,activity,13,,,,other,,43.12.4,"Подготовка участка к разработке и добыче полезных ископаемых, за исключением нефтяных и газовых участков",,,,,,,,,,,,"{""code"":""43.12.4"",""description"":""Подготовка участка к разработке и добыче полезных ископаемых, за исключением нефтяных и газовых участков""}"
a5a11878-53d6-5627-85ff-8de40282ef09,9703198304,9703198304,activity,14,,,,other,,43.34,Производство малярных и стекольных работ,,,,,,,,,,,,"{""code"":""43.34"",""description"":""Производство малярных и стекольных работ""}"
a5a11878-53d6-5627-85ff-8de40282ef09,9703198304,9703198304,activity,15,,,,other,,81.21,Деятельность по общей уборке зданий,,,,,,,,,,,,"{""code"":""81.21"",""description"":""Деятельность по общей уборке зданий""}"
a5a11878-53d6-5627-85ff-8de40282ef09,9703198304,9703198304,activity,16,,,,other,,47.21,Торговля розничная фруктами и овощами в специализированных магазинах,,,,,,,,,,,,"{""code"":""47.21"",""description"":""Торговля розничная фруктами и овощами в специализированных магазинах""}"
a5a11878-53d6-5627-85ff-8de40282ef09,9703198304,9703198304,activity,17,,,,other,,56.10,Деятельность ресторанов и услуги по доставке продуктов питания,,,,,,,,,,,,"{""code"":""56.10"",""description"":""Деятельность ресторанов и услуги по доставке продуктов питания""}"
a5a11878-53d6-5627-85ff-8de40282ef09,9703198304,9703198304,activity,18,,,,other,,10.85,Производство готовых пищевых продуктов и блюд,,,,,,,,,,,,"{""code"":""10.85"",""description"":""Производство готовых пищевых продуктов и блюд""}"
a5a11878-53d6-5627-85ff-8de40282ef09,9703198304,9703198304,activity,19,,,,other,,46.32,Торговля оптовая мясом и мясными продуктами,,,,,,,,,,,,"{""code"":""46.32"",""description"":""Торговля оптовая мясом и мясными продуктами""}"
a5a11878-53d6-5627-85ff-8de40282ef09,9703198304,9703198304,activity,20,,,,other,,68.20,Аренда и управление собственным или арендованным недвижимым имуществом,,,,,,,,,,,,"{""code"":""68.20"",""description"":""Аренда и управление собственным или арендованным недвижимым имуществом""}"
a5a11878-53d6-5627-85ff-8de40282ef09,9703198304,9703198304,activity,21,,,,other,,70.10,Деятельность головных офисов,,,,,,,,,,,,"{""code"":""70.10"",""description"":""Деятельность головных офисов""}"
a5a11878-53d6-5627-85ff-8de40282ef09,9703198304,9703198304,activity,22,,,,other,,46.38,"Торговля оптовая прочими пищевыми продуктами, включая рыбу, ракообразных и моллюсков",,,,,,,,,,,,"{""code"":""46.38"",""description"":""Торговля оптовая прочими пищевыми продуктами, включая рыбу, ракообразных и моллюсков""}"
a5a11878-53d6-5627-85ff-8de40282ef09,9703198304,9703198304,activity,23,,,,other,,82.11,Деятельность административно-хозяйственная комплексная по обеспечению работы организации,,,,,,,,,,,,"{""code"":""82.11"",""description"":""Деятельность административно-хозяйственная комплексная по обеспечению работы организации""}"
a5a11878-53d6-5627-85ff-8de40282ef09,9703198304,9703198304,activity,24,,,,other,,81.10,Деятельность по комплексному обслуживанию помещений,,,,,,,,,,,,"{""code"":""81.10"",""description"":""Деятельность по комплексному обслуживанию помещений""}"
a5a11878-53d6-5627-85ff-8de40282ef09,9703198304,9703198304,activity,25,,,,other,,47.22,Торговля розничная мясом и мясными продуктами в специализированных магазинах,,,,,,,,,,,,"{""code"":""47.22"",""description"":""Торговля розничная мясом и мясными продуктами в специализированных магазинах""}"
a5a11878-53d6-5627-85ff-8de40282ef09,9703198304,9703198304,activity,26,,,,other,,82.19,Деятельность по фотокопированию и подготовке документов и прочая специализированная вспомогательная деятельность по обеспечению деятельности офиса,,,,,,,,,,,,"{""code"":""82.19"",""description"":""Деятельность по фотокопированию и подготовке документов и прочая специализированная вспомогательная деятельность по обеспечению деятельности офиса""}"
a5a11878-53d6-5627-85ff-8de40282ef09,9703198304,9703198304,activity,27,,,,other,,45.31.1,"Торговля оптовая автомобильными деталями, узлами и принадлежностями, кроме деятельности агентов",,,,,,,,,,,,"{""code"":""45.31.1"",""description"":""Торговля оптовая автомобильными деталями, узлами и принадлежностями, кроме деятельности агентов""}"
a5a11878-53d6-5627-85ff-8de40282ef09,9703198304,9703198304,activity,28,,,,other,,47.26,Торговля розничная табачными изделиями в специализированных магазинах,,,,,,,,,,,,"{""code"":""47.26"",""description"":""Торговля розничная табачными изделиями в специализированных магазинах""}"
a5a11878-53d6-5627-85ff-8de40282ef09,9703198304,9703198304,activity,29,,,,other,,47.81,"Торговля розничная в нестационарных торговых объектах и на рынках пищевыми продуктами, напитками и табачной продукцией",,,,,,,,,,,,"{""code"":""47.81"",""description"":""Торговля розничная в нестационарных торговых объектах и на рынках пищевыми продуктами, напитками и табачной продукцией""}"
a5a11878-53d6-5627-85ff-8de40282ef09,9703198304,9703198304,activity,30,,,,other,,42.11,Строительство автомобильных дорог и автомагистралей,,,,,,,,,,,,"{""code"":""42.11"",""description"":""Строительство автомобильных дорог и автомагистралей""}"
a5a11878-53d6-5627-85ff-8de40282ef09,9703198304,9703198304,activity,31,,,,other,,41.20,Строительство жилых и нежилых зданий,,,,,,,,,,,,"{""code"":""41.20"",""description"":""Строительство жилых и нежилых зданий""}"
a5a11878-53d6-5627-85ff-8de40282ef09,9703198304,9703198304,activity,32,,,,other,,10.71,"Производство хлеба и мучных кондитерских изделий, тортов и пирожных недлительного хранения",,,,,,,,,,,,"{""code"":""10.71"",""description"":""Производство хлеба и мучных кондитерских изделий, тортов и пирожных недлительного хранения""}"
a5a11878-53d6-5627-85ff-8de40282ef09,9703198304,9703198304,activity,33,,,,other,,47.25,Торговля розничная напитками в специализированных магазинах,,,,,,,,,,,,"{""code"":""47.25"",""description"":""Торговля розничная напитками в специализированных магазинах""}"
a5a11878-53d6-5627-85ff-8de40282ef09,9703198304,9703198304,activity,34,,,,other,,43.21,Производство электромонтажных работ,,,,,,,,,,,,"{""code"":""43.21"",""description"":""Производство электромонтажных работ""}"
a5a11878-53d6-5627-85ff-8de40282ef09,9703198304,9703198304,activity,35,,,,other,,43.31,Производство штукатурных работ,,,,,,,,,,,,"{""code"":""43.31"",""description"":""Производство штукатурных работ""}"
a5a11878-53d6-5627-85ff-8de40282ef09,9703198304,9703198304,activity,36,,,,other,,81.29,Деятельность по чистке и уборке прочая,,,,,,,,,,,,"{""code"":""81.29"",""description"":""Деятельность по чистке и уборке прочая""}"
a5a11878-53d6-5627-85ff-8de40282ef09,9703198304,9703198304,activity,37,,,,other,,47.24,Торговля розничная хлебом и хлебобулочными изделиями и кондитерскими изделиями в специализированных магазинах,,,,,,,,,,,,"{""code"":""47.24"",""description"":""Торговля розничная хлебом и хлебобулочными изделиями и кондитерскими изделиями в специализированных магазинах""}"
a5a11878-53d6-5627-85ff-8de40282ef09,9703198304,9703198304,activity,38,,,,other,,81.30,Деятельность по благоустройству ландшафта,,,,,,,,,,,,"{""code"":""81.30"",""description"":""Деятельность по благоустройству ландшафта""}"
a5a11878-53d6-5627-85ff-8de40282ef09,9703198304,9703198304,activity,39,,,,other,,43.32,Работы столярные и плотничные,,,,,,,,,,,,"{""code"":""43.32"",""description"":""Работы столярные и плотничные""}"
a5a11878-53d6-5627-85ff-8de40282ef09,9703198304,9703198304,activity,40,,,,other,,68.20.2,Аренда и управление собственным или арендованным нежилым недвижимым имуществом,,,,,,,,,,,,"{""code"":""68.20.2"",""description"":""Аренда и управление собственным или арендованным нежилым недвижимым имуществом""}"
a5a11878-53d6-5627-85ff-8de40282ef09,9703198304,9703198304,activity,41,,,,other,,43.29,Производство прочих строительно-монтажных работ,,,,,,,,,,,,"{""code"":""43.29"",""description"":""Производство прочих строительно-монтажных работ""}"
a5a11878-53d6-5627-85ff-8de40282ef09,9703198304,9703198304,activity,42,,,,other,,43.12.1,Расчистка территории строительной площадки,,,,,,,,,,,,"{""code"":""43.12.1"",""description"":""Расчистка территории строительной площадки""}"
a5a11878-53d6-5627-85ff-8de40282ef09,9703198304,9703198304,activity,43,,,,other,,46.31,Торговля оптовая фруктами и овощами,,,,,,,,,,,,"{""code"":""46.31"",""description"":""Торговля оптовая фруктами и овощами""}"
a5a11878-53d6-5627-85ff-8de40282ef09,9703198304,9703198304,activity,44,,,,other,,42.91,Строительство водных сооружений,,,,,,,,,,,,"{""code"":""42.91"",""description"":""Строительство водных сооружений""}"
a5a11878-53d6-5627-85ff-8de40282ef09,9703198304,9703198304,activity,45,,,,other,,46.39,"Торговля оптовая неспециализированная пищевыми продуктами, напитками и табачными изделиями",,,,,,,,,,,,"{""code"":""46.39"",""description"":""Торговля оптовая неспециализированная пищевыми продуктами, напитками и табачными изделиями""}"
a5a11878-53d6-5627-85ff-8de40282ef09,9703198304,9703198304,activity,46,,,,other,,55.90,Деятельность по предоставлению прочих мест для временного проживания,,,,,,,,,,,,"{""code"":""55.90"",""description"":""Деятельность по предоставлению прочих мест для временного проживания""}"
a5a11878-53d6-5627-85ff-8de40282ef09,9703198304,9703198304,activity,47,,,,other,,43.12.3,Производство земляных работ,,,,,,,,,,,,"{""code"":""43.12.3"",""description"":""Производство земляных работ""}"
a5a11878-53d6-5627-85ff-8de40282ef09,9703198304,9703198304,activity,48,,,,other,,96.01,Стирка и химическая чистка текстильных и меховых изделий,,,,,,,,,,,,"{""code"":""96.01"",""description"":""Стирка и химическая чистка текстильных и меховых изделий""}"
a5a11878-53d6-5627-85ff-8de40282ef09,9703198304,9703198304,activity,49,,,,other,,43.12,Подготовка строительной площадки,,,,,,,,,,,,"{""code"":""43.12"",""description"":""Подготовка строительной площадки""}"
a5a11878-53d6-5627-85ff-8de40282ef09,9703198304,9703198304,activity,50,,,,other,,71.12.1,"Деятельность, связанная с инженерно-техническим проектированием, управлением проектами строительства, выполнением строительного контроля и авторского надзора",,,,,,,,,,,,"{""code"":""71.12.1"",""description"":""Деятельность, связанная с инженерно-техническим проектированием, управлением проектами строительства, выполнением строительного контроля и авторского надзора""}"
a5a11878-53d6-5627-85ff-8de40282ef09,9703198304,9703198304,activity,51,,,,other,,52.10.9,Хранение и складирование прочих грузов,,,,,,,,,,,,"{""code"":""52.10.9"",""description"":""Хранение и складирование прочих грузов""}"
a5a11878-53d6-5627-85ff-8de40282ef09,9703198304,9703198304,activity,52,,,,other,,46.33,"Торговля оптовая молочными продуктами, яйцами и пищевыми маслами и жирами",,,,,,,,,,,,"{""code"":""46.33"",""description"":""Торговля оптовая молочными продуктами, яйцами и пищевыми маслами и жирами""}"
a5a11878-53d6-5627-85ff-8de40282ef09,9703198304,9703198304,activity,53,,,,other,,52.29,"Деятельность вспомогательная прочая, связанная с перевозками",,,,,,,,,,,,"{""code"":""52.29"",""description"":""Деятельность вспомогательная прочая, связанная с перевозками""}"
a5a11878-53d6-5627-85ff-8de40282ef09,9703198304,9703198304,activity,54,,,,other,,42.21,"Строительство инженерных коммуникаций для водоснабжения и водоотведения, газоснабжения",,,,,,,,,,,,"{""code"":""42.21"",""description"":""Строительство инженерных коммуникаций для водоснабжения и водоотведения, газоснабжения""}"
a5a11878-53d6-5627-85ff-8de40282ef09,9703198304,9703198304,activity,55,,,,other,,56.29,Деятельность предприятий общественного питания по прочим видам организации питания,,,,,,,,,,,,"{""code"":""56.29"",""description"":""Деятельность предприятий общественного питания по прочим видам организации питания""}"
a5a11878-53d6-5627-85ff-8de40282ef09,9703198304,9703198304,tax_system,0,Общая система налогообложения,,,tax_system,,ОСНО,,,,,,,,,,,,,"{""fullName"":""Общая система налогообложения"",""shortName"":""ОСНО""}"
a095e522-1094-522a-9d09-8ebf78b82704,5837083280,5837083280,founder,0,МУХАМЕДОВ АНВЯРЬ МАЛИКОВИЧ,583704887597,,founder,,,,100,12000,2023-01-19T21:00:00.000Z,True,,,,,,,,"{""name"":""МУХАМЕДОВ АНВЯРЬ МАЛИКОВИЧ"",""inn"":""583704887597"",""amount"":12000,""share"":100,""dateFrom"":{""$date"":""2023-01-19T21:00:00.000Z""},""active"":true}"
a095e522-1094-522a-9d09-8ebf78b82704,5837083280,5837083280,director,0,МУХАМЕДОВ АНВЯРЬ МАЛИКОВИЧ,583704887597,,director,ГЕНЕРАЛЬНЫЙ ДИРЕКТОР,,,,,2023-01-19T21:00:00.000Z,,,,,,,,,"{""name"":""МУХАМЕДОВ АНВЯРЬ МАЛИКОВИЧ"",""positionName"":""ГЕНЕРАЛЬНЫЙ ДИРЕКТОР"",""inn"":""583704887597"",""positionDate"":{""$date"":""2023-01-19T21:00:00.000Z""}}"
a095e522-1094-522a-9d09-8ebf78b82704,5837083280,5837083280,related_company,0,ИП МУХАМЕДОВ АНВЯРЬ МАЛИКОВИЧ,583704887597,311583704600026,related_company,,,,,,,,,,,,,,,"{""inn"":""583704887597"",""ogrn"":""311583704600026"",""name"":""ИП МУХАМЕДОВ АНВЯРЬ МАЛИКОВИЧ""}"
a095e522-1094-522a-9d09-8ebf78b82704,5837083280,5837083280,activity,0,,,,main,,49.42,Предоставление услуг по перевозкам,,,,,,,,,,,,"{""code"":""49.42"",""description"":""Предоставление услуг по перевозкам""}"
a095e522-1094-522a-9d09-8ebf78b82704,5837083280,5837083280,tax_system,0,Общая система налогообложения,,,tax_system,,ОСНО,,,,,,,,,,,,,"{""fullName"":""Общая система налогообложения"",""shortName"":""ОСНО""}"
4d3f0e7c-1697-5083-9867-0df19886e373,9714038662,9714038662,founder,0,"ОБЩЕСТВО С ОГРАНИЧЕННОЙ ОТВЕТСТВЕННОСТЬЮ ""ЛИДЕР ДЕВЕЛОПМЕНТ""",7704633725,,founder,,,,100,100000,2025-12-22T21:00:00.000Z,True,,,,,,,,"{""name"":""ОБЩЕСТВО С ОГРАНИЧЕННОЙ ОТВЕТСТВЕННОСТЬЮ \""ЛИДЕР ДЕВЕЛОПМЕНТ\"""",""inn"":""7704633725"",""amount"":100000,""share"":100,""dateFrom"":{""$date"":""2025-12-22T21:00:00.000Z""},""active"":true}"
4d3f0e7c-1697-5083-9867-0df19886e373,9714038662,9714038662,director,0,СИДОРОВ-БИРЮКОВ ЮРИЙ ВАЛЕРЬЕВИЧ,773604139639,,director,ГЕНЕРАЛЬНЫЙ ДИРЕКТОР,,,,,2026-01-11T21:00:00.000Z,,,,,,,,,"{""name"":""СИДОРОВ-БИРЮКОВ ЮРИЙ ВАЛЕРЬЕВИЧ"",""positionName"":""ГЕНЕРАЛЬНЫЙ ДИРЕКТОР"",""inn"":""773604139639"",""positionDate"":{""$date"":""2026-01-11T21:00:00.000Z""}}"
4d3f0e7c-1697-5083-9867-0df19886e373,9714038662,9714038662,related_company,0,"ООО ""ЛАРТА РГОК""",9714041680,1247700188119,related_company,,,,,,,,2024-02-25T21:00:00.000Z,,,,,СИДОРОВ-БИРЮКОВ ЮРИЙ ВАЛЕРЬЕВИЧ,ГЕНЕРАЛЬНЫЙ ДИРЕКТОР,"{""inn"":""9714041680"",""ogrn"":""1247700188119"",""name"":""ООО \""ЛАРТА РГОК\"""",""registrationDate"":{""$date"":""2024-02-25T21:00:00.000Z""},""authPersonName"":""СИДОРОВ-БИРЮКОВ ЮРИЙ ВАЛЕРЬЕВИЧ"",""authPersonPosition"":""ГЕНЕРАЛЬНЫЙ ДИРЕКТОР""}"
4d3f0e7c-1697-5083-9867-0df19886e373,9714038662,9714038662,related_company,1,"ООО ""СПЕЦИАЛИЗИРОВАННЫЙ ЗАСТРОЙЩИК ""ПРЕМИУМ""",9723102794,1207700284000,related_company,,,,,,,,2020-08-10T21:00:00.000Z,,,,,ТЮНЬКИН МИХАИЛ МИХАЙЛОВИЧ,ГЕНЕРАЛЬНЫЙ ДИРЕКТОР,"{""inn"":""9723102794"",""ogrn"":""1207700284000"",""name"":""ООО \""СПЕЦИАЛИЗИРОВАННЫЙ ЗАСТРОЙЩИК \""ПРЕМИУМ\"""",""registrationDate"":{""$date"":""2020-08-10T21:00:00.000Z""},""authPersonName"":""ТЮНЬКИН МИХАИЛ МИХАЙЛОВИЧ"",""authPersonPosition"":""ГЕНЕРАЛЬНЫЙ ДИРЕКТОР""}"
4d3f0e7c-1697-5083-9867-0df19886e373,9714038662,9714038662,related_company,2,"ООО ""КФ ФСК""",9714005177,1237700160235,related_company,,,,,,,,2023-02-27T21:00:00.000Z,,,,,БЕЛИН АЛЕКСЕЙ ВЛАДИМИРОВИЧ,ГЕНЕРАЛЬНЫЙ ДИРЕКТОР,"{""inn"":""9714005177"",""ogrn"":""1237700160235"",""name"":""ООО \""КФ ФСК\"""",""registrationDate"":{""$date"":""2023-02-27T21:00:00.000Z""},""authPersonName"":""БЕЛИН АЛЕКСЕЙ ВЛАДИМИРОВИЧ"",""authPersonPosition"":""ГЕНЕРАЛЬНЫЙ ДИРЕКТОР""}"
4d3f0e7c-1697-5083-9867-0df19886e373,9714038662,9714038662,related_company,3,"ООО ""СЗ ""ПЕРВОМАЙСКИЙ""",7703540387,1057746112126,related_company,,,,,,,,2005-01-27T21:00:00.000Z,,,,,ЛОМП КСЕНИЯ ВАЛЕРЬЕВНА,ГЕНЕРАЛЬНЫЙ ДИРЕКТОР,"{""inn"":""7703540387"",""ogrn"":""1057746112126"",""name"":""ООО \""СЗ \""ПЕРВОМАЙСКИЙ\"""",""registrationDate"":{""$date"":""2005-01-27T21:00:00.000Z""},""authPersonName"":""ЛОМП КСЕНИЯ ВАЛЕРЬЕВНА"",""authPersonPosition"":""ГЕНЕРАЛЬНЫЙ ДИРЕКТОР""}"
4d3f0e7c-1697-5083-9867-0df19886e373,9714038662,9714038662,related_company,4,"ООО ""ЛЕ СЕНС""",7708371037,1207700021198,related_company,,,,,,,,2020-01-23T21:00:00.000Z,,,,,НИКОЛАЕНКО НИКОЛАЙ НИКОЛАЕВИЧ,ГЕНЕРАЛЬНЫЙ ДИРЕКТОР,"{""inn"":""7708371037"",""ogrn"":""1207700021198"",""name"":""ООО \""ЛЕ СЕНС\"""",""registrationDate"":{""$date"":""2020-01-23T21:00:00.000Z""},""authPersonName"":""НИКОЛАЕНКО НИКОЛАЙ НИКОЛАЕВИЧ"",""authPersonPosition"":""ГЕНЕРАЛЬНЫЙ ДИРЕКТОР""}"
4d3f0e7c-1697-5083-9867-0df19886e373,9714038662,9714038662,related_company,5,"ООО ""СПЕЦИАЛИЗИРОВАННЫЙ ЗАСТРОЙЩИК ""ЗАПАД СТОЛИЦЫ""",7708333803,1187746727332,related_company,,,,,,,,2018-08-02T21:00:00.000Z,,,,,СИДОРОВ-БИРЮКОВ ЮРИЙ ВАЛЕРЬЕВИЧ,ГЕНЕРАЛЬНЫЙ ДИРЕКТОР,"{""inn"":""7708333803"",""ogrn"":""1187746727332"",""name"":""ООО \""СПЕЦИАЛИЗИРОВАННЫЙ ЗАСТРОЙЩИК \""ЗАПАД СТОЛИЦЫ\"""",""registrationDate"":{""$date"":""2018-08-02T21:00:00.000Z""},""authPersonName"":""СИДОРОВ-БИРЮКОВ ЮРИЙ ВАЛЕРЬЕВИЧ"",""authPersonPosition"":""ГЕНЕРАЛЬНЫЙ ДИРЕКТОР""}"
4d3f0e7c-1697-5083-9867-0df19886e373,9714038662,9714038662,related_company,6,"ООО ""ФСК ЛАРТА МИНЕРАЛС""",9714029837,1237700899193,related_company,,,,,,,,2023-12-14T21:00:00.000Z,,,,,СИДОРОВ-БИРЮКОВ ЮРИЙ ВАЛЕРЬЕВИЧ,ГЕНЕРАЛЬНЫЙ ДИРЕКТОР,"{""inn"":""9714029837"",""ogrn"":""1237700899193"",""name"":""ООО \""ФСК ЛАРТА МИНЕРАЛС\"""",""registrationDate"":{""$date"":""2023-12-14T21:00:00.000Z""},""authPersonName"":""СИДОРОВ-БИРЮКОВ ЮРИЙ ВАЛЕРЬЕВИЧ"",""authPersonPosition"":""ГЕНЕРАЛЬНЫЙ ДИРЕКТОР""}"
4d3f0e7c-1697-5083-9867-0df19886e373,9714038662,9714038662,related_company,7,"ООО ""ПРЕМИУМВОСТОК""",9718148137,1197746646877,related_company,,,,,,,,2019-11-04T21:00:00.000Z,,,,,СИДОРОВ-БИРЮКОВ ЮРИЙ ВАЛЕРЬЕВИЧ,ГЕНЕРАЛЬНЫЙ ДИРЕКТОР,"{""inn"":""9718148137"",""ogrn"":""1197746646877"",""name"":""ООО \""ПРЕМИУМВОСТОК\"""",""registrationDate"":{""$date"":""2019-11-04T21:00:00.000Z""},""authPersonName"":""СИДОРОВ-БИРЮКОВ ЮРИЙ ВАЛЕРЬЕВИЧ"",""authPersonPosition"":""ГЕНЕРАЛЬНЫЙ ДИРЕКТОР""}"
4d3f0e7c-1697-5083-9867-0df19886e373,9714038662,9714038662,related_company,8,"ООО ""БАСТИОН""",7714471350,1217700194470,related_company,,,,,,,,2021-04-20T21:00:00.000Z,,,,,КУДИНОВА НАТАЛЬЯ АНДРЕЕВНА,ДИРЕКТОР,"{""inn"":""7714471350"",""ogrn"":""1217700194470"",""name"":""ООО \""БАСТИОН\"""",""registrationDate"":{""$date"":""2021-04-20T21:00:00.000Z""},""authPersonName"":""КУДИНОВА НАТАЛЬЯ АНДРЕЕВНА"",""authPersonPosition"":""ДИРЕКТОР""}"
4d3f0e7c-1697-5083-9867-0df19886e373,9714038662,9714038662,related_company,9,"ООО ""ФСК-СТАНДАРТ""",7707465109,1227700195733,related_company,,,,,,,,2022-04-04T21:00:00.000Z,,,,,НОВИЦКИЙ ИЛЬЯ ВИКТОРОВИЧ,ГЕНЕРАЛЬНЫЙ ДИРЕКТОР,"{""inn"":""7707465109"",""ogrn"":""1227700195733"",""name"":""ООО \""ФСК-СТАНДАРТ\"""",""registrationDate"":{""$date"":""2022-04-04T21:00:00.000Z""},""authPersonName"":""НОВИЦКИЙ ИЛЬЯ ВИКТОРОВИЧ"",""authPersonPosition"":""ГЕНЕРАЛЬНЫЙ ДИРЕКТОР""}"
4d3f0e7c-1697-5083-9867-0df19886e373,9714038662,9714038662,related_company,10,"ООО ""ЛАРТА ГЛАСС РАМЕНСКОЕ""",9714013481,1237700437149,related_company,,,,,,,,2023-06-27T21:00:00.000Z,,,,,СИДОРОВ-БИРЮКОВ ЮРИЙ ВАЛЕРЬЕВИЧ,ГЕНЕРАЛЬНЫЙ ДИРЕКТОР,"{""inn"":""9714013481"",""ogrn"":""1237700437149"",""name"":""ООО \""ЛАРТА ГЛАСС РАМЕНСКОЕ\"""",""registrationDate"":{""$date"":""2023-06-27T21:00:00.000Z""},""authPersonName"":""СИДОРОВ-БИРЮКОВ ЮРИЙ ВАЛЕРЬЕВИЧ"",""authPersonPosition"":""ГЕНЕРАЛЬНЫЙ ДИРЕКТОР""}"
4d3f0e7c-1697-5083-9867-0df19886e373,9714038662,9714038662,related_company,11,"ООО ""ЛАРТА ВОРОНЕЖ""",9714042517,1247700203410,related_company,,,,,,,,2024-02-29T21:00:00.000Z,,,,,СИДОРОВ-БИРЮКОВ ЮРИЙ ВАЛЕРЬЕВИЧ,ГЕНЕРАЛЬНЫЙ ДИРЕКТОР,"{""inn"":""9714042517"",""ogrn"":""1247700203410"",""name"":""ООО \""ЛАРТА ВОРОНЕЖ\"""",""registrationDate"":{""$date"":""2024-02-29T21:00:00.000Z""},""authPersonName"":""СИДОРОВ-БИРЮКОВ ЮРИЙ ВАЛЕРЬЕВИЧ"",""authPersonPosition"":""ГЕНЕРАЛЬНЫЙ ДИРЕКТОР""}"
4d3f0e7c-1697-5083-9867-0df19886e373,9714038662,9714038662,related_company,12,"АО ""ДСК-1""",7714046959,1027739273847,related_company,,,,,,,,2002-09-26T20:00:00.000Z,,,,,ВЫМЛЯТИН ИВАН НИКОЛАЕВИЧ,ГЕНЕРАЛЬНЫИ ДИРЕКТОР,"{""inn"":""7714046959"",""ogrn"":""1027739273847"",""name"":""АО \""ДСК-1\"""",""registrationDate"":{""$date"":""2002-09-26T20:00:00.000Z""},""authPersonName"":""ВЫМЛЯТИН ИВАН НИКОЛАЕВИЧ"",""authPersonPosition"":""ГЕНЕРАЛЬНЫИ ДИРЕКТОР""}"
4d3f0e7c-1697-5083-9867-0df19886e373,9714038662,9714038662,related_company,13,"ООО ""ЛАРТА НЕБОЛЧИ""",9714041672,1247700188086,related_company,,,,,,,,2024-02-25T21:00:00.000Z,,,,,СИДОРОВ-БИРЮКОВ ЮРИЙ ВАЛЕРЬЕВИЧ,ГЕНЕРАЛЬНЫЙ ДИРЕКТОР,"{""inn"":""9714041672"",""ogrn"":""1247700188086"",""name"":""ООО \""ЛАРТА НЕБОЛЧИ\"""",""registrationDate"":{""$date"":""2024-02-25T21:00:00.000Z""},""authPersonName"":""СИДОРОВ-БИРЮКОВ ЮРИЙ ВАЛЕРЬЕВИЧ"",""authPersonPosition"":""ГЕНЕРАЛЬНЫЙ ДИРЕКТОР""}"
4d3f0e7c-1697-5083-9867-0df19886e373,9714038662,9714038662,related_company,14,"ООО ""СИГНАЛСТРОЙГРУПП""",7715383072,1037715046698,related_company,,,,,,,,2003-06-15T20:00:00.000Z,,,,,СИДОРОВ-БИРЮКОВ ЮРИЙ ВАЛЕРЬЕВИЧ,ГЕНЕРАЛЬНЫЙ ДИРЕКТОР,"{""inn"":""7715383072"",""ogrn"":""1037715046698"",""name"":""ООО \""СИГНАЛСТРОЙГРУПП\"""",""registrationDate"":{""$date"":""2003-06-15T20:00:00.000Z""},""authPersonName"":""СИДОРОВ-БИРЮКОВ ЮРИЙ ВАЛЕРЬЕВИЧ"",""authPersonPosition"":""ГЕНЕРАЛЬНЫЙ ДИРЕКТОР""}"
4d3f0e7c-1697-5083-9867-0df19886e373,9714038662,9714038662,related_company,15,"ООО ""ФСК СТИС""",9714013499,1237700437171,related_company,,,,,,,,2023-06-27T21:00:00.000Z,,,,,СИДОРОВ-БИРЮКОВ ЮРИЙ ВАЛЕРЬЕВИЧ,ГЕНЕРАЛЬНЫЙ ДИРЕКТОР,"{""inn"":""9714013499"",""ogrn"":""1237700437171"",""name"":""ООО \""ФСК СТИС\"""",""registrationDate"":{""$date"":""2023-06-27T21:00:00.000Z""},""authPersonName"":""СИДОРОВ-БИРЮКОВ ЮРИЙ ВАЛЕРЬЕВИЧ"",""authPersonPosition"":""ГЕНЕРАЛЬНЫЙ ДИРЕКТОР""}"
4d3f0e7c-1697-5083-9867-0df19886e373,9714038662,9714038662,related_company,16,"ООО  ""АРСП ФРУНЗЕНСКОГО РАЙОНА""",7707431484,1197746397243,related_company,,,,,,,,2019-06-19T21:00:00.000Z,,,,,СИДОРОВ-БИРЮКОВ ЮРИЙ ВАЛЕРЬЕВИЧ,ГЕНЕРАЛЬНЫЙ ДИРЕКТОР,"{""inn"":""7707431484"",""ogrn"":""1197746397243"",""name"":""ООО  \""АРСП ФРУНЗЕНСКОГО РАЙОНА\"""",""registrationDate"":{""$date"":""2019-06-19T21:00:00.000Z""},""authPersonName"":""СИДОРОВ-БИРЮКОВ ЮРИЙ ВАЛЕРЬЕВИЧ"",""authPersonPosition"":""ГЕНЕРАЛЬНЫЙ ДИРЕКТОР""}"
4d3f0e7c-1697-5083-9867-0df19886e373,9714038662,9714038662,related_company,17,"ООО ""СТРОЙПРОЕКТ-1""",7714464593,1207700360570,related_company,,,,,,,,2020-09-29T21:00:00.000Z,,,,,МОРОЗОВА МАРИЯ ВИКТОРОВНА,ГЕНЕРАЛЬНЫЙ ДИРЕКТОР,"{""inn"":""7714464593"",""ogrn"":""1207700360570"",""name"":""ООО \""СТРОЙПРОЕКТ-1\"""",""registrationDate"":{""$date"":""2020-09-29T21:00:00.000Z""},""authPersonName"":""МОРОЗОВА МАРИЯ ВИКТОРОВНА"",""authPersonPosition"":""ГЕНЕРАЛЬНЫЙ ДИРЕКТОР""}"
4d3f0e7c-1697-5083-9867-0df19886e373,9714038662,9714038662,related_company,18,"ООО ""ПРЕМИУМЛЮБЛИНО""",9723093620,1197746639584,related_company,,,,,,,,2019-10-29T21:00:00.000Z,,,,,СИДОРОВ-БИРЮКОВ ЮРИЙ ВАЛЕРЬЕВИЧ,ГЕНЕРАЛЬНЫЙ ДИРЕКТОР,"{""inn"":""9723093620"",""ogrn"":""1197746639584"",""name"":""ООО \""ПРЕМИУМЛЮБЛИНО\"""",""registrationDate"":{""$date"":""2019-10-29T21:00:00.000Z""},""authPersonName"":""СИДОРОВ-БИРЮКОВ ЮРИЙ ВАЛЕРЬЕВИЧ"",""authPersonPosition"":""ГЕНЕРАЛЬНЫЙ ДИРЕКТОР""}"
4d3f0e7c-1697-5083-9867-0df19886e373,9714038662,9714038662,related_company,19,"ООО ""СПЕЦИАЛИЗИРОВАННЫЙ ЗАСТРОЙЩИК ФСК ВДОХНОВЕНИЕ""",9714003187,1237700081255,related_company,,,,,,,,2023-01-31T21:00:00.000Z,,,,,КУДИНОВА НАТАЛЬЯ АНДРЕЕВНА,ГЕНЕРАЛЬНЫЙ ДИРЕКТОР,"{""inn"":""9714003187"",""ogrn"":""1237700081255"",""name"":""ООО \""СПЕЦИАЛИЗИРОВАННЫЙ ЗАСТРОЙЩИК ФСК ВДОХНОВЕНИЕ\"""",""registrationDate"":{""$date"":""2023-01-31T21:00:00.000Z""},""authPersonName"":""КУДИНОВА НАТАЛЬЯ АНДРЕЕВНА"",""authPersonPosition"":""ГЕНЕРАЛЬНЫЙ ДИРЕКТОР""}"
4d3f0e7c-1697-5083-9867-0df19886e373,9714038662,9714038662,related_company,20,"ООО ""СПЕЦИАЛИЗИРОВАННЫЙ ЗАСТРОЙЩИК ФСК ЮГ""",7714478317,1217700545402,related_company,,,,,,,,2021-11-14T21:00:00.000Z,,,,,СИДОРОВ-БИРЮКОВ ЮРИЙ ВАЛЕРЬЕВИЧ,ГЕНЕРАЛЬНЫЙ ДИРЕКТОР,"{""inn"":""7714478317"",""ogrn"":""1217700545402"",""name"":""ООО \""СПЕЦИАЛИЗИРОВАННЫЙ ЗАСТРОЙЩИК ФСК ЮГ\"""",""registrationDate"":{""$date"":""2021-11-14T21:00:00.000Z""},""authPersonName"":""СИДОРОВ-БИРЮКОВ ЮРИЙ ВАЛЕРЬЕВИЧ"",""authPersonPosition"":""ГЕНЕРАЛЬНЫЙ ДИРЕКТОР""}"
4d3f0e7c-1697-5083-9867-0df19886e373,9714038662,9714038662,related_company,21,"ООО ""АГЕНТСТВО НЕДВИЖИМОСТИ ""ЛИДЕР""",7718686195,1087746119240,related_company,,,,,,,,2008-01-27T21:00:00.000Z,,,,,СТАРКОВА СОФЬЯ ВЛАДИМИРОВНА,ГЕНЕРАЛЬНЫЙ ДИРЕКТОР,"{""inn"":""7718686195"",""ogrn"":""1087746119240"",""name"":""ООО \""АГЕНТСТВО НЕДВИЖИМОСТИ \""ЛИДЕР\"""",""registrationDate"":{""$date"":""2008-01-27T21:00:00.000Z""},""authPersonName"":""СТАРКОВА СОФЬЯ ВЛАДИМИРОВНА"",""authPersonPosition"":""ГЕНЕРАЛЬНЫЙ ДИРЕКТОР""}"
4d3f0e7c-1697-5083-9867-0df19886e373,9714038662,9714038662,related_company,22,"КТ ""ДСК-1 И КО""",7714110450,1027739617641,related_company,,,,,,,,2002-11-24T21:00:00.000Z,,,,,ВЫМЛЯТИН ИВАН НИКОЛАЕВИЧ,ГЕНЕРАЛЬНЫЙ ДИРЕКТОР,"{""inn"":""7714110450"",""ogrn"":""1027739617641"",""name"":""КТ \""ДСК-1 И КО\"""",""registrationDate"":{""$date"":""2002-11-24T21:00:00.000Z""},""authPersonName"":""ВЫМЛЯТИН ИВАН НИКОЛАЕВИЧ"",""authPersonPosition"":""ГЕНЕРАЛЬНЫЙ ДИРЕКТОР""}"
4d3f0e7c-1697-5083-9867-0df19886e373,9714038662,9714038662,related_company,23,"АО ""СЗ ДОМ""",7715927477,1127746536785,related_company,,,,,,,,2012-07-10T20:00:00.000Z,,,,,ЗАКИРОВ МАРСЕЛЬ ЗАРИФОВИЧ,ДИРЕКТОР,"{""inn"":""7715927477"",""ogrn"":""1127746536785"",""name"":""АО \""СЗ ДОМ\"""",""registrationDate"":{""$date"":""2012-07-10T20:00:00.000Z""},""authPersonName"":""ЗАКИРОВ МАРСЕЛЬ ЗАРИФОВИЧ"",""authPersonPosition"":""ДИРЕКТОР""}"
4d3f0e7c-1697-5083-9867-0df19886e373,9714038662,9714038662,related_company,24,"ООО ""СПЕЦИАЛИЗИРОВАННЫЙ ЗАСТРОЙЩИК ""СЕВЕР СТОЛИЦЫ""",7708334324,1187746793101,related_company,,,,,,,,2018-09-03T21:00:00.000Z,,,,,ТЮНЬКИН МИХАИЛ МИХАЙЛОВИЧ,ГЕНЕРАЛЬНЫЙ ДИРЕКТОР,"{""inn"":""7708334324"",""ogrn"":""1187746793101"",""name"":""ООО \""СПЕЦИАЛИЗИРОВАННЫЙ ЗАСТРОЙЩИК \""СЕВЕР СТОЛИЦЫ\"""",""registrationDate"":{""$date"":""2018-09-03T21:00:00.000Z""},""authPersonName"":""ТЮНЬКИН МИХАИЛ МИХАЙЛОВИЧ"",""authPersonPosition"":""ГЕНЕРАЛЬНЫЙ ДИРЕКТОР""}"
4d3f0e7c-1697-5083-9867-0df19886e373,9714038662,9714038662,related_company,25,"ООО ""ЖБИ-ПРОЕКТ""",7707450127,1217700116336,related_company,,,,,,,,2021-03-15T21:00:00.000Z,,,,,СТРОГАНОВ ЕВГЕНИЙ ВЛАДИМИРОВИЧ,ГЕНЕРАЛЬНЫЙ ДИРЕКТОР,"{""inn"":""7707450127"",""ogrn"":""1217700116336"",""name"":""ООО \""ЖБИ-ПРОЕКТ\"""",""registrationDate"":{""$date"":""2021-03-15T21:00:00.000Z""},""authPersonName"":""СТРОГАНОВ ЕВГЕНИЙ ВЛАДИМИРОВИЧ"",""authPersonPosition"":""ГЕНЕРАЛЬНЫЙ ДИРЕКТОР""}"
4d3f0e7c-1697-5083-9867-0df19886e373,9714038662,9714038662,related_company,26,"ООО ""СПЕЦИАЛИЗИРОВАННЫЙ ЗАСТРОЙЩИК ФСК КРАСНАЯ СОСНА""",7708808341,1147746196070,related_company,,,,,,,,2014-02-26T20:00:00.000Z,,,,,ОСОКИН ЛЕВ АЛЕКСЕЕВИЧ,ГЕНЕРАЛЬНЫЙ ДИРЕКТОР,"{""inn"":""7708808341"",""ogrn"":""1147746196070"",""name"":""ООО \""СПЕЦИАЛИЗИРОВАННЫЙ ЗАСТРОЙЩИК ФСК КРАСНАЯ СОСНА\"""",""registrationDate"":{""$date"":""2014-02-26T20:00:00.000Z""},""authPersonName"":""ОСОКИН ЛЕВ АЛЕКСЕЕВИЧ"",""authPersonPosition"":""ГЕНЕРАЛЬНЫЙ ДИРЕКТОР""}"
4d3f0e7c-1697-5083-9867-0df19886e373,9714038662,9714038662,related_company,27,"ООО ""СПЕЦИАЛИЗИРОВАННЫЙ ЗАСТРОЙЩИК ""РАЗВИЛКА""",5047180936,1165047051861,related_company,,,,,,,,2016-02-18T21:00:00.000Z,,,,,ОСИПОВ АЛЕКСЕЙ ВАЛЕРЬЕВИЧ,ГЕНЕРАЛЬНЫЙ ДИРЕКТОР,"{""inn"":""5047180936"",""ogrn"":""1165047051861"",""name"":""ООО \""СПЕЦИАЛИЗИРОВАННЫЙ ЗАСТРОЙЩИК \""РАЗВИЛКА\"""",""registrationDate"":{""$date"":""2016-02-18T21:00:00.000Z""},""authPersonName"":""ОСИПОВ АЛЕКСЕЙ ВАЛЕРЬЕВИЧ"",""authPersonPosition"":""ГЕНЕРАЛЬНЫЙ ДИРЕКТОР""}"
4d3f0e7c-1697-5083-9867-0df19886e373,9714038662,9714038662,activity,0,,,,main,,23.61,Производство изделий из бетона для использования в строительстве,,,,,,,,,,,,"{""code"":""23.61"",""description"":""Производство изделий из бетона для использования в строительстве""}"
4d3f0e7c-1697-5083-9867-0df19886e373,9714038662,9714038662,activity,1,,,,other,,46.73.6,Торговля оптовая прочими строительными материалами и изделиями,,,,,,,,,,,,"{""code"":""46.73.6"",""description"":""Торговля оптовая прочими строительными материалами и изделиями""}"
4d3f0e7c-1697-5083-9867-0df19886e373,9714038662,9714038662,activity,2,,,,other,,47.99,"Торговля розничная прочая вне магазинов, палаток, рынков",,,,,,,,,,,,"{""code"":""47.99"",""description"":""Торговля розничная прочая вне магазинов, палаток, рынков""}"
4d3f0e7c-1697-5083-9867-0df19886e373,9714038662,9714038662,activity,3,,,,other,,23.69,"Производство прочих изделий из гипса, бетона или цемента",,,,,,,,,,,,"{""code"":""23.69"",""description"":""Производство прочих изделий из гипса, бетона или цемента""}"
4d3f0e7c-1697-5083-9867-0df19886e373,9714038662,9714038662,activity,4,,,,other,,49.41,Деятельность автомобильного грузового транспорта,,,,,,,,,,,,"{""code"":""49.41"",""description"":""Деятельность автомобильного грузового транспорта""}"
4d3f0e7c-1697-5083-9867-0df19886e373,9714038662,9714038662,activity,5,,,,other,,46.13.2,Деятельность агентов по оптовой торговле строительными материалами,,,,,,,,,,,,"{""code"":""46.13.2"",""description"":""Деятельность агентов по оптовой торговле строительными материалами""}"
4d3f0e7c-1697-5083-9867-0df19886e373,9714038662,9714038662,activity,6,,,,other,,23.61.1,"Производство готовых строительных изделий из бетона, цемента и искусственного камня",,,,,,,,,,,,"{""code"":""23.61.1"",""description"":""Производство готовых строительных изделий из бетона, цемента и искусственного камня""}"
4d3f0e7c-1697-5083-9867-0df19886e373,9714038662,9714038662,activity,7,,,,other,,52.29,"Деятельность вспомогательная прочая, связанная с перевозками",,,,,,,,,,,,"{""code"":""52.29"",""description"":""Деятельность вспомогательная прочая, связанная с перевозками""}"
4d3f0e7c-1697-5083-9867-0df19886e373,9714038662,9714038662,activity,8,,,,other,,47.91,Торговля розничная по почте или по информационно-коммуникационной сети Интернет,,,,,,,,,,,,"{""code"":""47.91"",""description"":""Торговля розничная по почте или по информационно-коммуникационной сети Интернет""}"
4d3f0e7c-1697-5083-9867-0df19886e373,9714038662,9714038662,tax_system,0,Общая система налогообложения,,,tax_system,,ОСНО,,,,,,,,,,,,,"{""fullName"":""Общая система налогообложения"",""shortName"":""ОСНО""}"
5c5b5824-5e8b-5600-8099-0548af772ce0,7805327192,7805327192,founder,0,ЗАРИЦКАЯ СВЕТЛАНА ЮРЬЕВНА,781132207821,,founder,,,,100,10000,2015-10-07T21:00:00.000Z,True,,,,,,,,"{""name"":""ЗАРИЦКАЯ СВЕТЛАНА ЮРЬЕВНА"",""inn"":""781132207821"",""amount"":10000,""share"":100,""dateFrom"":{""$date"":""2015-10-07T21:00:00.000Z""},""active"":true}"
5c5b5824-5e8b-5600-8099-0548af772ce0,7805327192,7805327192,director,0,ЗАРИЦКАЯ СВЕТЛАНА ЮРЬЕВНА,781132207821,,director,ГЕНЕРАЛЬНЫЙ ДИРЕКТОР,,,,,2018-04-22T21:00:00.000Z,,,,,,,,,"{""name"":""ЗАРИЦКАЯ СВЕТЛАНА ЮРЬЕВНА"",""positionName"":""ГЕНЕРАЛЬНЫЙ ДИРЕКТОР"",""inn"":""781132207821"",""positionDate"":{""$date"":""2018-04-22T21:00:00.000Z""}}"
5c5b5824-5e8b-5600-8099-0548af772ce0,7805327192,7805327192,related_company,0,"ООО ""ЗСО""",4720031578,1094720001507,related_company,,,,,,,,2009-11-02T21:00:00.000Z,,,,,ЗАРИЦКАЯ СВЕТЛАНА ЮРЬЕВНА,ГЕНЕРАЛЬНЫЙ ДИРЕКТОР,"{""inn"":""4720031578"",""ogrn"":""1094720001507"",""name"":""ООО \""ЗСО\"""",""registrationDate"":{""$date"":""2009-11-02T21:00:00.000Z""},""authPersonName"":""ЗАРИЦКАЯ СВЕТЛАНА ЮРЬЕВНА"",""authPersonPosition"":""ГЕНЕРАЛЬНЫЙ ДИРЕКТОР""}"
5c5b5824-5e8b-5600-8099-0548af772ce0,7805327192,7805327192,related_company,1,"ООО ""ЛЗСО""",7819030480,1047829002957,related_company,,,,,,,,2004-06-07T20:00:00.000Z,,,,,ЗАРИЦКАЯ СВЕТЛАНА ЮРЬЕВНА,ГЕНЕРАЛЬНЫЙ ДИРЕКТОР,"{""inn"":""7819030480"",""ogrn"":""1047829002957"",""name"":""ООО \""ЛЗСО\"""",""registrationDate"":{""$date"":""2004-06-07T20:00:00.000Z""},""authPersonName"":""ЗАРИЦКАЯ СВЕТЛАНА ЮРЬЕВНА"",""authPersonPosition"":""ГЕНЕРАЛЬНЫЙ ДИРЕКТОР""}"
5c5b5824-5e8b-5600-8099-0548af772ce0,7805327192,7805327192,related_company,2,"ООО ""ЛЗСО""",4720028039,1084720000199,related_company,,,,,,,,2008-02-05T21:00:00.000Z,,,,,ЗАРИЦКАЯ СВЕТЛАНА ЮРЬЕВНА,ГЕНЕРАЛЬНЫЙ ДИРЕКТОР,"{""inn"":""4720028039"",""ogrn"":""1084720000199"",""name"":""ООО \""ЛЗСО\"""",""registrationDate"":{""$date"":""2008-02-05T21:00:00.000Z""},""authPersonName"":""ЗАРИЦКАЯ СВЕТЛАНА ЮРЬЕВНА"",""authPersonPosition"":""ГЕНЕРАЛЬНЫЙ ДИРЕКТОР""}"
5c5b5824-5e8b-5600-8099-0548af772ce0,7805327192,7805327192,activity,0,,,,main,,30.11,"Строительство кораблей, судов и плавучих конструкций",,,,,,,,,,,,"{""code"":""30.11"",""description"":""Строительство кораблей, судов и плавучих конструкций""}"
5c5b5824-5e8b-5600-8099-0548af772ce0,7805327192,7805327192,activity,1,,,,other,,33.15,Ремонт и техническое обслуживание судов и лодок,,,,,,,,,,,,"{""code"":""33.15"",""description"":""Ремонт и техническое обслуживание судов и лодок""}"
5c5b5824-5e8b-5600-8099-0548af772ce0,7805327192,7805327192,phone,0,,,,phone,,,,,,,,,,,812,4228460,,,"{""phoneCode"":""812"",""phoneNumber"":""4228460""}"
5c5b5824-5e8b-5600-8099-0548af772ce0,7805327192,7805327192,phone,1,,,,phone,,,,,,,,,,,812,4231864,,,"{""phoneCode"":""812"",""phoneNumber"":""4231864""}"
5c5b5824-5e8b-5600-8099-0548af772ce0,7805327192,7805327192,phone,2,,,,phone,,,,,,,,,,,812,4231291,,,"{""phoneCode"":""812"",""phoneNumber"":""4231291""}"
5c5b5824-5e8b-5600-8099-0548af772ce0,7805327192,7805327192,phone,3,,,,phone,,,,,,,,,,,812,3725343,,,"{""phoneCode"":""812"",""phoneNumber"":""3725343""}"
5c5b5824-5e8b-5600-8099-0548af772ce0,7805327192,7805327192,tax_system,0,Общая система налогообложения,,,tax_system,,ОСНО,,,,,,,,,,,,,"{""fullName"":""Общая система налогообложения"",""shortName"":""ОСНО""}"
ac2b5f33-f704-573f-bfc0-02c2b5bed82e,5032257375,5032257375,founder,0,ЯКУШИН ВИТАЛИЙ АНАТОЛЬЕВИЧ,773200588251,,founder,,,,10,1315,2022-12-25T21:00:00.000Z,True,,,,,,,,"{""name"":""ЯКУШИН ВИТАЛИЙ АНАТОЛЬЕВИЧ"",""inn"":""773200588251"",""amount"":1315,""share"":10,""dateFrom"":{""$date"":""2022-12-25T21:00:00.000Z""},""active"":true}"
ac2b5f33-f704-573f-bfc0-02c2b5bed82e,5032257375,5032257375,founder,1,ИЛЬИН МАКСИМ ИГОРЕВИЧ,503216652706,,founder,,,,90,11842,2016-10-02T21:00:00.000Z,True,,,,,,,,"{""name"":""ИЛЬИН МАКСИМ ИГОРЕВИЧ"",""inn"":""503216652706"",""amount"":11842,""share"":90,""dateFrom"":{""$date"":""2016-10-02T21:00:00.000Z""},""active"":true}"
ac2b5f33-f704-573f-bfc0-02c2b5bed82e,5032257375,5032257375,director,0,МОСКВИНА ИРИНА ВИТАЛЬЕВНА,366206028945,,director,КОНКУРСНЫЙ УПРАВЛЯЮЩИЙ,,,,,2026-02-08T21:00:00.000Z,,,,,,,,,"{""name"":""МОСКВИНА ИРИНА ВИТАЛЬЕВНА"",""positionName"":""КОНКУРСНЫЙ УПРАВЛЯЮЩИЙ"",""inn"":""366206028945"",""positionDate"":{""$date"":""2026-02-08T21:00:00.000Z""}}"
ac2b5f33-f704-573f-bfc0-02c2b5bed82e,5032257375,5032257375,related_company,0,"ООО ""РЕГИОН ПЛЮС""",3664234241,1183668008534,related_company,,,,,,,,2018-03-05T21:00:00.000Z,,,,,МОСКВИНА ИРИНА ВИТАЛЬЕВНА,КОНКУРСНЫЙ УПРАВЛЯЮЩИЙ,"{""inn"":""3664234241"",""ogrn"":""1183668008534"",""name"":""ООО \""РЕГИОН ПЛЮС\"""",""registrationDate"":{""$date"":""2018-03-05T21:00:00.000Z""},""authPersonName"":""МОСКВИНА ИРИНА ВИТАЛЬЕВНА"",""authPersonPosition"":""КОНКУРСНЫЙ УПРАВЛЯЮЩИЙ""}"
ac2b5f33-f704-573f-bfc0-02c2b5bed82e,5032257375,5032257375,related_company,1,"ООО ""ВЕРНЫЙ""",7451436410,1187456037670,related_company,,,,,,,,2018-09-18T21:00:00.000Z,,,,,МОСКВИНА ИРИНА ВИТАЛЬЕВНА,Конкурсный управляющий,"{""inn"":""7451436410"",""ogrn"":""1187456037670"",""name"":""ООО \""ВЕРНЫЙ\"""",""registrationDate"":{""$date"":""2018-09-18T21:00:00.000Z""},""authPersonName"":""МОСКВИНА ИРИНА ВИТАЛЬЕВНА"",""authPersonPosition"":""Конкурсный управляющий""}"
ac2b5f33-f704-573f-bfc0-02c2b5bed82e,5032257375,5032257375,related_company,2,"ООО ""ПОМОЩНИК""",5032333393,1215000098873,related_company,,,,,,,,2021-09-28T21:00:00.000Z,,,,,ИЛЬИН МАКСИМ ИГОРЕВИЧ,ГЕНЕРАЛЬНЫЙ ДИРЕКТОР,"{""inn"":""5032333393"",""ogrn"":""1215000098873"",""name"":""ООО \""ПОМОЩНИК\"""",""registrationDate"":{""$date"":""2021-09-28T21:00:00.000Z""},""authPersonName"":""ИЛЬИН МАКСИМ ИГОРЕВИЧ"",""authPersonPosition"":""ГЕНЕРАЛЬНЫЙ ДИРЕКТОР""}"
ac2b5f33-f704-573f-bfc0-02c2b5bed82e,5032257375,5032257375,related_company,3,"ООО ""ЗАВОД ГАУСМАНА И БУХОНОВА""",3666170339,1113668008508,related_company,,,,,,,,2011-02-23T21:00:00.000Z,,,,,МОСКВИНА ИРИНА ВИТАЛЬЕВНА,Конкурсный управляющий,"{""inn"":""3666170339"",""ogrn"":""1113668008508"",""name"":""ООО \""ЗАВОД ГАУСМАНА И БУХОНОВА\"""",""registrationDate"":{""$date"":""2011-02-23T21:00:00.000Z""},""authPersonName"":""МОСКВИНА ИРИНА ВИТАЛЬЕВНА"",""authPersonPosition"":""Конкурсный управляющий""}"
ac2b5f33-f704-573f-bfc0-02c2b5bed82e,5032257375,5032257375,related_company,4,"ООО ""СТЕГРА ОЙЛ""",3666183521,1133668008066,related_company,,,,,,,,2013-02-17T20:00:00.000Z,,,,,МОСКВИНА ИРИНА ВИТАЛЬЕВНА,КОНКУРСНЫЙ УПРАВЛЯЮЩИЙ,"{""inn"":""3666183521"",""ogrn"":""1133668008066"",""name"":""ООО \""СТЕГРА ОЙЛ\"""",""registrationDate"":{""$date"":""2013-02-17T20:00:00.000Z""},""authPersonName"":""МОСКВИНА ИРИНА ВИТАЛЬЕВНА"",""authPersonPosition"":""КОНКУРСНЫЙ УПРАВЛЯЮЩИЙ""}"
ac2b5f33-f704-573f-bfc0-02c2b5bed82e,5032257375,5032257375,related_company,5,"ООО ""СПИРТСПЕЦТЕХ""",3128115441,1163123077853,related_company,,,,,,,,2016-08-15T21:00:00.000Z,,,,,РОЩУПКИН ЕВГЕНИЙ ГЕННАДИЕВИЧ,ДИРЕКТОР,"{""inn"":""3128115441"",""ogrn"":""1163123077853"",""name"":""ООО \""СПИРТСПЕЦТЕХ\"""",""registrationDate"":{""$date"":""2016-08-15T21:00:00.000Z""},""authPersonName"":""РОЩУПКИН ЕВГЕНИЙ ГЕННАДИЕВИЧ"",""authPersonPosition"":""ДИРЕКТОР""}"
ac2b5f33-f704-573f-bfc0-02c2b5bed82e,5032257375,5032257375,related_company,6,"ООО ""ДОНАТФАНС""",9729340040,1237700106973,related_company,,,,,,,,2023-02-08T21:00:00.000Z,,,,,ЯКУШИН ВИТАЛИЙ АНАТОЛЬЕВИЧ,ГЕНЕРАЛЬНЫЙ ДИРЕКТОР,"{""inn"":""9729340040"",""ogrn"":""1237700106973"",""name"":""ООО \""ДОНАТФАНС\"""",""registrationDate"":{""$date"":""2023-02-08T21:00:00.000Z""},""authPersonName"":""ЯКУШИН ВИТАЛИЙ АНАТОЛЬЕВИЧ"",""authPersonPosition"":""ГЕНЕРАЛЬНЫЙ ДИРЕКТОР""}"
ac2b5f33-f704-573f-bfc0-02c2b5bed82e,5032257375,5032257375,related_company,7,ИП МОСКВИНА ИРИНА ВИТАЛЬЕВНА,366206028945,307366832000108,related_company,,,,,,,,,,,,,,,"{""inn"":""366206028945"",""ogrn"":""307366832000108"",""name"":""ИП МОСКВИНА ИРИНА ВИТАЛЬЕВНА""}"
ac2b5f33-f704-573f-bfc0-02c2b5bed82e,5032257375,5032257375,related_company,8,"ООО ""РЛД""",7707789600,1127747136021,related_company,,,,,,,,2012-11-11T20:00:00.000Z,,,,,КОНОВАЛОВ КОНСТАНТИН АЛЕКСЕЕВИЧ,ГЕНЕРАЛЬНЫЙ ДИРЕКТОР,"{""inn"":""7707789600"",""ogrn"":""1127747136021"",""name"":""ООО \""РЛД\"""",""registrationDate"":{""$date"":""2012-11-11T20:00:00.000Z""},""authPersonName"":""КОНОВАЛОВ КОНСТАНТИН АЛЕКСЕЕВИЧ"",""authPersonPosition"":""ГЕНЕРАЛЬНЫЙ ДИРЕКТОР""}"
ac2b5f33-f704-573f-bfc0-02c2b5bed82e,5032257375,5032257375,related_company,9,"ООО ""АНКОР""",8904029858,1028900622464,related_company,,,,,,,,2002-10-20T20:00:00.000Z,,,,,МОСКВИНА ИРИНА ВИТАЛЬЕВНА,ИСПОЛНЯЮЩИЙ ОБЯЗАНОСТИ ГЕНЕРАЛЬНОГО ДИРЕКТОРА,"{""inn"":""8904029858"",""ogrn"":""1028900622464"",""name"":""ООО \""АНКОР\"""",""registrationDate"":{""$date"":""2002-10-20T20:00:00.000Z""},""authPersonName"":""МОСКВИНА ИРИНА ВИТАЛЬЕВНА"",""authPersonPosition"":""ИСПОЛНЯЮЩИЙ ОБЯЗАНОСТИ ГЕНЕРАЛЬНОГО ДИРЕКТОРА""}"
ac2b5f33-f704-573f-bfc0-02c2b5bed82e,5032257375,5032257375,related_company,10,"ООО ""РУССКИЕ ПРОТЕИНЫ ВОРОНЕЖ""",3661076935,1173668007590,related_company,,,,,,,,2017-02-12T21:00:00.000Z,,,,,МОСКВИНА ИРИНА ВИТАЛЬЕВНА,КОНКУРСНЫЙ УПРАВЛЯЮЩИЙ,"{""inn"":""3661076935"",""ogrn"":""1173668007590"",""name"":""ООО \""РУССКИЕ ПРОТЕИНЫ ВОРОНЕЖ\"""",""registrationDate"":{""$date"":""2017-02-12T21:00:00.000Z""},""authPersonName"":""МОСКВИНА ИРИНА ВИТАЛЬЕВНА"",""authPersonPosition"":""КОНКУРСНЫЙ УПРАВЛЯЮЩИЙ""}"
ac2b5f33-f704-573f-bfc0-02c2b5bed82e,5032257375,5032257375,related_company,11,"АО ""ГРУППА Е4""",7720554943,1067746688008,related_company,,,,,,,,2006-06-07T20:00:00.000Z,,,,,МОСКВИНА ИРИНА ВИТАЛЬЕВНА,Конкурсный управляющий,"{""inn"":""7720554943"",""ogrn"":""1067746688008"",""name"":""АО \""ГРУППА Е4\"""",""registrationDate"":{""$date"":""2006-06-07T20:00:00.000Z""},""authPersonName"":""МОСКВИНА ИРИНА ВИТАЛЬЕВНА"",""authPersonPosition"":""Конкурсный управляющий""}"
ac2b5f33-f704-573f-bfc0-02c2b5bed82e,5032257375,5032257375,related_company,12,"ООО ""РЕФАЗА""",5032328509,1215000045325,related_company,,,,,,,,2021-04-28T21:00:00.000Z,,,,,ИВАНОВА АНАСТАСИЯ ВИТАЛЬЕВНА,ГЕНЕРАЛЬНЫЙ ДИРЕКТОР,"{""inn"":""5032328509"",""ogrn"":""1215000045325"",""name"":""ООО \""РЕФАЗА\"""",""registrationDate"":{""$date"":""2021-04-28T21:00:00.000Z""},""authPersonName"":""ИВАНОВА АНАСТАСИЯ ВИТАЛЬЕВНА"",""authPersonPosition"":""ГЕНЕРАЛЬНЫЙ ДИРЕКТОР""}"
ac2b5f33-f704-573f-bfc0-02c2b5bed82e,5032257375,5032257375,related_company,13,ИП ЯКУШИН ВИТАЛИЙ АНАТОЛЬЕВИЧ,773200588251,321774600740992,related_company,,,,,,,,,,,,,,,"{""inn"":""773200588251"",""ogrn"":""321774600740992"",""name"":""ИП ЯКУШИН ВИТАЛИЙ АНАТОЛЬЕВИЧ""}"
ac2b5f33-f704-573f-bfc0-02c2b5bed82e,5032257375,5032257375,activity,0,,,,main,,73.11,Деятельность рекламных агентств,,,,,,,,,,,,"{""code"":""73.11"",""description"":""Деятельность рекламных агентств""}"
ac2b5f33-f704-573f-bfc0-02c2b5bed82e,5032257375,5032257375,activity,1,,,,other,,73.12,Представление в средствах массовой информации,,,,,,,,,,,,"{""code"":""73.12"",""description"":""Представление в средствах массовой информации""}"
ac2b5f33-f704-573f-bfc0-02c2b5bed82e,5032257375,5032257375,activity,2,,,,other,,69.10,Деятельность в области права,,,,,,,,,,,,"{""code"":""69.10"",""description"":""Деятельность в области права""}"
ac2b5f33-f704-573f-bfc0-02c2b5bed82e,5032257375,5032257375,activity,3,,,,other,,73.20,Исследование конъюнктуры рынка и изучение общественного мнения,,,,,,,,,,,,"{""code"":""73.20"",""description"":""Исследование конъюнктуры рынка и изучение общественного мнения""}"
ac2b5f33-f704-573f-bfc0-02c2b5bed82e,5032257375,5032257375,activity,4,,,,other,,69.20,"Деятельность по оказанию услуг в области бухгалтерского учета, по проведению финансового аудита, по налоговому консультированию",,,,,,,,,,,,"{""code"":""69.20"",""description"":""Деятельность по оказанию услуг в области бухгалтерского учета, по проведению финансового аудита, по налоговому консультированию""}"
ac2b5f33-f704-573f-bfc0-02c2b5bed82e,5032257375,5032257375,activity,5,,,,other,,47.19,Торговля розничная прочая в неспециализированных магазинах,,,,,,,,,,,,"{""code"":""47.19"",""description"":""Торговля розничная прочая в неспециализированных магазинах""}"
ac2b5f33-f704-573f-bfc0-02c2b5bed82e,5032257375,5032257375,activity,6,,,,other,,77.11,Аренда и лизинг легковых автомобилей и легких автотранспортных средств,,,,,,,,,,,,"{""code"":""77.11"",""description"":""Аренда и лизинг легковых автомобилей и легких автотранспортных средств""}"
ac2b5f33-f704-573f-bfc0-02c2b5bed82e,5032257375,5032257375,activity,7,,,,other,,47.42,"Торговля розничная телекоммуникационным оборудованием, включая розничную торговлю мобильными телефонами, в специализированных магазинах",,,,,,,,,,,,"{""code"":""47.42"",""description"":""Торговля розничная телекоммуникационным оборудованием, включая розничную торговлю мобильными телефонами, в специализированных магазинах""}"
ac2b5f33-f704-573f-bfc0-02c2b5bed82e,5032257375,5032257375,activity,8,,,,other,,46.66,Торговля оптовая прочей офисной техникой и оборудованием,,,,,,,,,,,,"{""code"":""46.66"",""description"":""Торговля оптовая прочей офисной техникой и оборудованием""}"
ac2b5f33-f704-573f-bfc0-02c2b5bed82e,5032257375,5032257375,activity,9,,,,other,,53.20.3,Деятельность курьерская,,,,,,,,,,,,"{""code"":""53.20.3"",""description"":""Деятельность курьерская""}"
ac2b5f33-f704-573f-bfc0-02c2b5bed82e,5032257375,5032257375,activity,10,,,,other,,46.43.1,Торговля оптовая электрической бытовой техникой,,,,,,,,,,,,"{""code"":""46.43.1"",""description"":""Торговля оптовая электрической бытовой техникой""}"
ac2b5f33-f704-573f-bfc0-02c2b5bed82e,5032257375,5032257375,activity,11,,,,other,,47.91.4,"Торговля розничная, осуществляемая непосредственно при помощи телевидения, радио, телефона",,,,,,,,,,,,"{""code"":""47.91.4"",""description"":""Торговля розничная, осуществляемая непосредственно при помощи телевидения, радио, телефона""}"
ac2b5f33-f704-573f-bfc0-02c2b5bed82e,5032257375,5032257375,activity,12,,,,other,,46.15,"Деятельность агентов по оптовой торговле мебелью, бытовыми товарами, скобяными, ножевыми и прочими металлическими изделиями",,,,,,,,,,,,"{""code"":""46.15"",""description"":""Деятельность агентов по оптовой торговле мебелью, бытовыми товарами, скобяными, ножевыми и прочими металлическими изделиями""}"
ac2b5f33-f704-573f-bfc0-02c2b5bed82e,5032257375,5032257375,activity,13,,,,other,,47.91,Торговля розничная по почте или по информационно-коммуникационной сети Интернет,,,,,,,,,,,,"{""code"":""47.91"",""description"":""Торговля розничная по почте или по информационно-коммуникационной сети Интернет""}"
ac2b5f33-f704-573f-bfc0-02c2b5bed82e,5032257375,5032257375,activity,14,,,,other,,46.51,"Торговля оптовая компьютерами, периферийными устройствами к компьютерам и программным обеспечением",,,,,,,,,,,,"{""code"":""46.51"",""description"":""Торговля оптовая компьютерами, периферийными устройствами к компьютерам и программным обеспечением""}"
ac2b5f33-f704-573f-bfc0-02c2b5bed82e,5032257375,5032257375,activity,15,,,,other,,46.19,Деятельность агентов по оптовой торговле универсальным ассортиментом товаров,,,,,,,,,,,,"{""code"":""46.19"",""description"":""Деятельность агентов по оптовой торговле универсальным ассортиментом товаров""}"
ac2b5f33-f704-573f-bfc0-02c2b5bed82e,5032257375,5032257375,activity,16,,,,other,,47.91.2,"Торговля розничная, осуществляемая непосредственно при помощи информационно-коммуникационной сети Интернет",,,,,,,,,,,,"{""code"":""47.91.2"",""description"":""Торговля розничная, осуществляемая непосредственно при помощи информационно-коммуникационной сети Интернет""}"
ac2b5f33-f704-573f-bfc0-02c2b5bed82e,5032257375,5032257375,activity,17,,,,other,,46.49,Торговля оптовая прочими бытовыми товарами,,,,,,,,,,,,"{""code"":""46.49"",""description"":""Торговля оптовая прочими бытовыми товарами""}"
ac2b5f33-f704-573f-bfc0-02c2b5bed82e,5032257375,5032257375,activity,18,,,,other,,63.11,"Деятельность по обработке данных, предоставление услуг по размещению информации и связанная с этим деятельность",,,,,,,,,,,,"{""code"":""63.11"",""description"":""Деятельность по обработке данных, предоставление услуг по размещению информации и связанная с этим деятельность""}"
ac2b5f33-f704-573f-bfc0-02c2b5bed82e,5032257375,5032257375,activity,19,,,,other,,46.52,Торговля оптовая электронным и телекоммуникационным оборудованием и его запасными частями,,,,,,,,,,,,"{""code"":""46.52"",""description"":""Торговля оптовая электронным и телекоммуникационным оборудованием и его запасными частями""}"
ac2b5f33-f704-573f-bfc0-02c2b5bed82e,5032257375,5032257375,activity,20,,,,other,,47.41,"Торговля розничная компьютерами, периферийными устройствами к ним и программным обеспечением в специализированных магазинах",,,,,,,,,,,,"{""code"":""47.41"",""description"":""Торговля розничная компьютерами, периферийными устройствами к ним и программным обеспечением в специализированных магазинах""}"
ac2b5f33-f704-573f-bfc0-02c2b5bed82e,5032257375,5032257375,activity,21,,,,other,,52.10,Деятельность по складированию и хранению,,,,,,,,,,,,"{""code"":""52.10"",""description"":""Деятельность по складированию и хранению""}"
ac2b5f33-f704-573f-bfc0-02c2b5bed82e,5032257375,5032257375,activity,22,,,,other,,46.18.9,"Деятельность агентов, специализирующихся на оптовой торговле товарами, не включенными в другие группировки",,,,,,,,,,,,"{""code"":""46.18.9"",""description"":""Деятельность агентов, специализирующихся на оптовой торговле товарами, не включенными в другие группировки""}"
ac2b5f33-f704-573f-bfc0-02c2b5bed82e,5032257375,5032257375,activity,23,,,,other,,46.43,Торговля оптовая бытовыми электротоварами,,,,,,,,,,,,"{""code"":""46.43"",""description"":""Торговля оптовая бытовыми электротоварами""}"
ac2b5f33-f704-573f-bfc0-02c2b5bed82e,5032257375,5032257375,phone,0,,,,phone,,,,,,,,,,,800,5505728,,,"{""phoneCode"":""800"",""phoneNumber"":""5505728""}"
ac2b5f33-f704-573f-bfc0-02c2b5bed82e,5032257375,5032257375,phone,1,,,,phone,,,,,,,,,,,985,2843488,,,"{""phoneCode"":""985"",""phoneNumber"":""2843488""}"
ac2b5f33-f704-573f-bfc0-02c2b5bed82e,5032257375,5032257375,tax_system,0,Упрощенная система налогообложения,,,tax_system,,УСН,,,,,,,,,,,,,"{""fullName"":""Упрощенная система налогообложения"",""shortName"":""УСН""}"
cec51940-3d5c-59fb-9e90-1b97be6f512e,2466275727,2466275727,founder,0,БЕЗУХОВА ЮЛИЯ ВЛАДИМИРОВНА,244311226915,,founder,,,,100,10000,2014-09-09T20:00:00.000Z,True,,,,,,,,"{""name"":""БЕЗУХОВА ЮЛИЯ ВЛАДИМИРОВНА"",""inn"":""244311226915"",""amount"":10000,""share"":100,""dateFrom"":{""$date"":""2014-09-09T20:00:00.000Z""},""active"":true}"
cec51940-3d5c-59fb-9e90-1b97be6f512e,2466275727,2466275727,director,0,БЕЗУХОВА ЮЛИЯ ВЛАДИМИРОВНА,244311226915,,director,ДИРЕКТОР,,,,,2014-09-09T20:00:00.000Z,,,,,,,,,"{""name"":""БЕЗУХОВА ЮЛИЯ ВЛАДИМИРОВНА"",""positionName"":""ДИРЕКТОР"",""inn"":""244311226915"",""positionDate"":{""$date"":""2014-09-09T20:00:00.000Z""}}"
cec51940-3d5c-59fb-9e90-1b97be6f512e,2466275727,2466275727,activity,0,,,,main,,71.1,"Деятельность в области архитектуры, инженерных изысканий и предоставление технических консультаций в этих областях",,,,,,,,,,,,"{""code"":""71.1"",""description"":""Деятельность в области архитектуры, инженерных изысканий и предоставление технических консультаций в этих областях""}"
cec51940-3d5c-59fb-9e90-1b97be6f512e,2466275727,2466275727,activity,1,,,,other,,43.32,Работы столярные и плотничные,,,,,,,,,,,,"{""code"":""43.32"",""description"":""Работы столярные и плотничные""}"
cec51940-3d5c-59fb-9e90-1b97be6f512e,2466275727,2466275727,activity,2,,,,other,,16.29.1,Производство прочих деревянных изделий,,,,,,,,,,,,"{""code"":""16.29.1"",""description"":""Производство прочих деревянных изделий""}"
cec51940-3d5c-59fb-9e90-1b97be6f512e,2466275727,2466275727,activity,3,,,,other,,69.20,"Деятельность по оказанию услуг в области бухгалтерского учета, по проведению финансового аудита, по налоговому консультированию",,,,,,,,,,,,"{""code"":""69.20"",""description"":""Деятельность по оказанию услуг в области бухгалтерского учета, по проведению финансового аудита, по налоговому консультированию""}"
cec51940-3d5c-59fb-9e90-1b97be6f512e,2466275727,2466275727,activity,4,,,,other,,43.39,Производство прочих отделочных и завершающих работ,,,,,,,,,,,,"{""code"":""43.39"",""description"":""Производство прочих отделочных и завершающих работ""}"
cec51940-3d5c-59fb-9e90-1b97be6f512e,2466275727,2466275727,activity,5,,,,other,,68.20,Аренда и управление собственным или арендованным недвижимым имуществом,,,,,,,,,,,,"{""code"":""68.20"",""description"":""Аренда и управление собственным или арендованным недвижимым имуществом""}"
cec51940-3d5c-59fb-9e90-1b97be6f512e,2466275727,2466275727,activity,6,,,,other,,71.12.5,"Деятельность в области гидрометеорологии и смежных с ней областях, мониторинга состояния окружающей среды, ее загрязнения",,,,,,,,,,,,"{""code"":""71.12.5"",""description"":""Деятельность в области гидрометеорологии и смежных с ней областях, мониторинга состояния окружающей среды, ее загрязнения""}"
cec51940-3d5c-59fb-9e90-1b97be6f512e,2466275727,2466275727,activity,7,,,,other,,25.11,"Производство строительных металлических конструкций, изделий и их частей",,,,,,,,,,,,"{""code"":""25.11"",""description"":""Производство строительных металлических конструкций, изделий и их частей""}"
cec51940-3d5c-59fb-9e90-1b97be6f512e,2466275727,2466275727,activity,8,,,,other,,43.33,Работы по устройству покрытий полов и облицовке стен,,,,,,,,,,,,"{""code"":""43.33"",""description"":""Работы по устройству покрытий полов и облицовке стен""}"
cec51940-3d5c-59fb-9e90-1b97be6f512e,2466275727,2466275727,activity,9,,,,other,,68.10,Покупка и продажа собственного недвижимого имущества,,,,,,,,,,,,"{""code"":""68.10"",""description"":""Покупка и продажа собственного недвижимого имущества""}"
cec51940-3d5c-59fb-9e90-1b97be6f512e,2466275727,2466275727,activity,10,,,,other,,68.31,Деятельность агентств недвижимости за вознаграждение или на договорной основе,,,,,,,,,,,,"{""code"":""68.31"",""description"":""Деятельность агентств недвижимости за вознаграждение или на договорной основе""}"
cec51940-3d5c-59fb-9e90-1b97be6f512e,2466275727,2466275727,activity,11,,,,other,,70.22,Консультирование по вопросам коммерческой деятельности и управления,,,,,,,,,,,,"{""code"":""70.22"",""description"":""Консультирование по вопросам коммерческой деятельности и управления""}"
cec51940-3d5c-59fb-9e90-1b97be6f512e,2466275727,2466275727,activity,12,,,,other,,71.12.6,"Деятельность в области технического регулирования, стандартизации, метрологии, аккредитации, каталогизации продукции",,,,,,,,,,,,"{""code"":""71.12.6"",""description"":""Деятельность в области технического регулирования, стандартизации, метрологии, аккредитации, каталогизации продукции""}"
cec51940-3d5c-59fb-9e90-1b97be6f512e,2466275727,2466275727,activity,13,,,,other,,43.34,Производство малярных и стекольных работ,,,,,,,,,,,,"{""code"":""43.34"",""description"":""Производство малярных и стекольных работ""}"
cec51940-3d5c-59fb-9e90-1b97be6f512e,2466275727,2466275727,activity,14,,,,other,,43.31,Производство штукатурных работ,,,,,,,,,,,,"{""code"":""43.31"",""description"":""Производство штукатурных работ""}"
cec51940-3d5c-59fb-9e90-1b97be6f512e,2466275727,2466275727,activity,15,,,,other,,69.10,Деятельность в области права,,,,,,,,,,,,"{""code"":""69.10"",""description"":""Деятельность в области права""}"
cec51940-3d5c-59fb-9e90-1b97be6f512e,2466275727,2466275727,activity,16,,,,other,,68.10.1,Подготовка к продаже собственного недвижимого имущества,,,,,,,,,,,,"{""code"":""68.10.1"",""description"":""Подготовка к продаже собственного недвижимого имущества""}"
cec51940-3d5c-59fb-9e90-1b97be6f512e,2466275727,2466275727,activity,17,,,,other,,73.20,Исследование конъюнктуры рынка и изучение общественного мнения,,,,,,,,,,,,"{""code"":""73.20"",""description"":""Исследование конъюнктуры рынка и изучение общественного мнения""}"
cec51940-3d5c-59fb-9e90-1b97be6f512e,2466275727,2466275727,tax_system,0,Упрощенная система налогообложения,,,tax_system,,УСН,,,,,,,,,,,,,"{""fullName"":""Упрощенная система налогообложения"",""shortName"":""УСН""}"
7ba47375-848a-568b-8126-1fe7168c7d62,9701318454,9701318454,founder,0,ВИННИКОВА ЕЛЕНА АЛЕКСАНДРОВНА,050031799402,,founder,,,,100,100000,2025-09-16T21:00:00.000Z,True,,,,,,,,"{""name"":""ВИННИКОВА ЕЛЕНА АЛЕКСАНДРОВНА"",""inn"":""050031799402"",""amount"":100000,""share"":100,""dateFrom"":{""$date"":""2025-09-16T21:00:00.000Z""},""active"":true}"
7ba47375-848a-568b-8126-1fe7168c7d62,9701318454,9701318454,director,0,ВИННИКОВА ЕЛЕНА АЛЕКСАНДРОВНА,050031799402,,director,ГЕНЕРАЛЬНЫЙ ДИРЕКТОР,,,,,2025-09-16T21:00:00.000Z,,,,,,,,,"{""name"":""ВИННИКОВА ЕЛЕНА АЛЕКСАНДРОВНА"",""positionName"":""ГЕНЕРАЛЬНЫЙ ДИРЕКТОР"",""inn"":""050031799402"",""positionDate"":{""$date"":""2025-09-16T21:00:00.000Z""}}"
7ba47375-848a-568b-8126-1fe7168c7d62,9701318454,9701318454,activity,0,,,,main,,41.20,Строительство жилых и нежилых зданий,,,,,,,,,,,,"{""code"":""41.20"",""description"":""Строительство жилых и нежилых зданий""}"
7ba47375-848a-568b-8126-1fe7168c7d62,9701318454,9701318454,activity,1,,,,other,,43.11,Разборка и снос зданий,,,,,,,,,,,,"{""code"":""43.11"",""description"":""Разборка и снос зданий""}"
7ba47375-848a-568b-8126-1fe7168c7d62,9701318454,9701318454,activity,2,,,,other,,46.13,Деятельность агентов по оптовой торговле лесоматериалами и строительными материалами,,,,,,,,,,,,"{""code"":""46.13"",""description"":""Деятельность агентов по оптовой торговле лесоматериалами и строительными материалами""}"
7ba47375-848a-568b-8126-1fe7168c7d62,9701318454,9701318454,activity,3,,,,other,,43.91,Производство кровельных работ,,,,,,,,,,,,"{""code"":""43.91"",""description"":""Производство кровельных работ""}"
7ba47375-848a-568b-8126-1fe7168c7d62,9701318454,9701318454,activity,4,,,,other,,71.12,"Деятельность в области инженерных изысканий, инженерно-технического проектирования, управления проектами строительства, выполнения строительного контроля и авторского надзора, предоставление технических консультаций в этих областях",,,,,,,,,,,,"{""code"":""71.12"",""description"":""Деятельность в области инженерных изысканий, инженерно-технического проектирования, управления проектами строительства, выполнения строительного контроля и авторского надзора, предоставление технических консультаций в этих областях""}"
7ba47375-848a-568b-8126-1fe7168c7d62,9701318454,9701318454,activity,5,,,,other,,46.69,Торговля оптовая прочими машинами и оборудованием,,,,,,,,,,,,"{""code"":""46.69"",""description"":""Торговля оптовая прочими машинами и оборудованием""}"
7ba47375-848a-568b-8126-1fe7168c7d62,9701318454,9701318454,activity,6,,,,other,,43.99,"Работы строительные специализированные прочие, не включенные в другие группировки",,,,,,,,,,,,"{""code"":""43.99"",""description"":""Работы строительные специализированные прочие, не включенные в другие группировки""}"
7ba47375-848a-568b-8126-1fe7168c7d62,9701318454,9701318454,activity,7,,,,other,,43.21,Производство электромонтажных работ,,,,,,,,,,,,"{""code"":""43.21"",""description"":""Производство электромонтажных работ""}"
7ba47375-848a-568b-8126-1fe7168c7d62,9701318454,9701318454,activity,8,,,,other,,46.73,"Торговля оптовая лесоматериалами, строительными материалами и санитарно-техническим оборудованием",,,,,,,,,,,,"{""code"":""46.73"",""description"":""Торговля оптовая лесоматериалами, строительными материалами и санитарно-техническим оборудованием""}"
7ba47375-848a-568b-8126-1fe7168c7d62,9701318454,9701318454,activity,9,,,,other,,43.32,Работы столярные и плотничные,,,,,,,,,,,,"{""code"":""43.32"",""description"":""Работы столярные и плотничные""}"
7ba47375-848a-568b-8126-1fe7168c7d62,9701318454,9701318454,activity,10,,,,other,,41.10,Разработка строительных проектов,,,,,,,,,,,,"{""code"":""41.10"",""description"":""Разработка строительных проектов""}"
7ba47375-848a-568b-8126-1fe7168c7d62,9701318454,9701318454,activity,11,,,,other,,43.34,Производство малярных и стекольных работ,,,,,,,,,,,,"{""code"":""43.34"",""description"":""Производство малярных и стекольных работ""}"
7ba47375-848a-568b-8126-1fe7168c7d62,9701318454,9701318454,activity,12,,,,other,,43.31,Производство штукатурных работ,,,,,,,,,,,,"{""code"":""43.31"",""description"":""Производство штукатурных работ""}"
7ba47375-848a-568b-8126-1fe7168c7d62,9701318454,9701318454,activity,13,,,,other,,42.21,"Строительство инженерных коммуникаций для водоснабжения и водоотведения, газоснабжения",,,,,,,,,,,,"{""code"":""42.21"",""description"":""Строительство инженерных коммуникаций для водоснабжения и водоотведения, газоснабжения""}"
7ba47375-848a-568b-8126-1fe7168c7d62,9701318454,9701318454,activity,14,,,,other,,42.11,Строительство автомобильных дорог и автомагистралей,,,,,,,,,,,,"{""code"":""42.11"",""description"":""Строительство автомобильных дорог и автомагистралей""}"
7ba47375-848a-568b-8126-1fe7168c7d62,9701318454,9701318454,activity,15,,,,other,,43.22,"Производство санитарно-технических работ, монтаж отопительных систем и систем кондиционирования воздуха",,,,,,,,,,,,"{""code"":""43.22"",""description"":""Производство санитарно-технических работ, монтаж отопительных систем и систем кондиционирования воздуха""}"
7ba47375-848a-568b-8126-1fe7168c7d62,9701318454,9701318454,activity,16,,,,other,,43.39,Производство прочих отделочных и завершающих работ,,,,,,,,,,,,"{""code"":""43.39"",""description"":""Производство прочих отделочных и завершающих работ""}"
7ba47375-848a-568b-8126-1fe7168c7d62,9701318454,9701318454,activity,17,,,,other,,71.11,Деятельность в области архитектуры,,,,,,,,,,,,"{""code"":""71.11"",""description"":""Деятельность в области архитектуры""}"
7ba47375-848a-568b-8126-1fe7168c7d62,9701318454,9701318454,activity,18,,,,other,,43.12,Подготовка строительной площадки,,,,,,,,,,,,"{""code"":""43.12"",""description"":""Подготовка строительной площадки""}"
7ba47375-848a-568b-8126-1fe7168c7d62,9701318454,9701318454,activity,19,,,,other,,43.33,Работы по устройству покрытий полов и облицовке стен,,,,,,,,,,,,"{""code"":""43.33"",""description"":""Работы по устройству покрытий полов и облицовке стен""}"
7ba47375-848a-568b-8126-1fe7168c7d62,9701318454,9701318454,activity,20,,,,other,,43.29,Производство прочих строительно-монтажных работ,,,,,,,,,,,,"{""code"":""43.29"",""description"":""Производство прочих строительно-монтажных работ""}"
7ba47375-848a-568b-8126-1fe7168c7d62,9701318454,9701318454,tax_system,0,Общая система налогообложения,,,tax_system,,ОСНО,,,,,,,,,,,,,"{""fullName"":""Общая система налогообложения"",""shortName"":""ОСНО""}"
8c2e6723-88b1-54e0-9ffd-bd7cb4d729a4,773467509356,773467509356,related_company,0,"ООО ""ЮГФРОСТ""",2312269138,1182375013028,related_company,,,,,,,,2018-02-19T21:00:00.000Z,,,,,САХНЕНКО НИКОЛАЙ АНАТОЛЬЕВИЧ,ДИРЕКТОР,"{""inn"":""2312269138"",""ogrn"":""1182375013028"",""name"":""ООО \""ЮГФРОСТ\"""",""registrationDate"":{""$date"":""2018-02-19T21:00:00.000Z""},""authPersonName"":""САХНЕНКО НИКОЛАЙ АНАТОЛЬЕВИЧ"",""authPersonPosition"":""ДИРЕКТОР""}"
8c2e6723-88b1-54e0-9ffd-bd7cb4d729a4,773467509356,773467509356,activity,0,,,,main,,45.31,"Торговля оптовая автомобильными деталями, узлами и принадлежностями",,,,,,,,,,,,"{""code"":""45.31"",""description"":""Торговля оптовая автомобильными деталями, узлами и принадлежностями""}"
8c2e6723-88b1-54e0-9ffd-bd7cb4d729a4,773467509356,773467509356,activity,1,,,,other,,45.32.1,"Торговля розничная автомобильными деталями, узлами и принадлежностями в специализированных магазинах",,,,,,,,,,,,"{""code"":""45.32.1"",""description"":""Торговля розничная автомобильными деталями, узлами и принадлежностями в специализированных магазинах""}"
8c2e6723-88b1-54e0-9ffd-bd7cb4d729a4,773467509356,773467509356,activity,2,,,,other,,45.32.29,"Торговля розничная автомобильными деталями, узлами и принадлежностями прочая, не включенная в другие группировки",,,,,,,,,,,,"{""code"":""45.32.29"",""description"":""Торговля розничная автомобильными деталями, узлами и принадлежностями прочая, не включенная в другие группировки""}"
8c2e6723-88b1-54e0-9ffd-bd7cb4d729a4,773467509356,773467509356,activity,3,,,,other,,46.90,Торговля оптовая неспециализированная,,,,,,,,,,,,"{""code"":""46.90"",""description"":""Торговля оптовая неспециализированная""}"
8c2e6723-88b1-54e0-9ffd-bd7cb4d729a4,773467509356,773467509356,activity,4,,,,other,,49.42,Предоставление услуг по перевозкам,,,,,,,,,,,,"{""code"":""49.42"",""description"":""Предоставление услуг по перевозкам""}"
8c2e6723-88b1-54e0-9ffd-bd7cb4d729a4,773467509356,773467509356,activity,5,,,,other,,45.31.1,"Торговля оптовая автомобильными деталями, узлами и принадлежностями, кроме деятельности агентов",,,,,,,,,,,,"{""code"":""45.31.1"",""description"":""Торговля оптовая автомобильными деталями, узлами и принадлежностями, кроме деятельности агентов""}"
8c2e6723-88b1-54e0-9ffd-bd7cb4d729a4,773467509356,773467509356,activity,6,,,,other,,45.32.2,"Торговля розничная автомобильными деталями, узлами и принадлежностями прочая",,,,,,,,,,,,"{""code"":""45.32.2"",""description"":""Торговля розничная автомобильными деталями, узлами и принадлежностями прочая""}"
8c2e6723-88b1-54e0-9ffd-bd7cb4d729a4,773467509356,773467509356,activity,7,,,,other,,46.71,"Торговля оптовая твердым, жидким и газообразным топливом и подобными продуктами",,,,,,,,,,,,"{""code"":""46.71"",""description"":""Торговля оптовая твердым, жидким и газообразным топливом и подобными продуктами""}"
8c2e6723-88b1-54e0-9ffd-bd7cb4d729a4,773467509356,773467509356,activity,8,,,,other,,52.10,Деятельность по складированию и хранению,,,,,,,,,,,,"{""code"":""52.10"",""description"":""Деятельность по складированию и хранению""}"
8c2e6723-88b1-54e0-9ffd-bd7cb4d729a4,773467509356,773467509356,activity,9,,,,other,,47.30.2,Торговля розничная смазочными материалами и охлаждающими жидкостями для автотранспортных средств,,,,,,,,,,,,"{""code"":""47.30.2"",""description"":""Торговля розничная смазочными материалами и охлаждающими жидкостями для автотранспортных средств""}"
8c2e6723-88b1-54e0-9ffd-bd7cb4d729a4,773467509356,773467509356,activity,10,,,,other,,45.32,"Торговля розничная автомобильными деталями, узлами и принадлежностями",,,,,,,,,,,,"{""code"":""45.32"",""description"":""Торговля розничная автомобильными деталями, узлами и принадлежностями""}"
8c2e6723-88b1-54e0-9ffd-bd7cb4d729a4,773467509356,773467509356,activity,11,,,,other,,45.32.22,"Торговля розничная автомобильными деталями, узлами и принадлежностями по почтовым заказам",,,,,,,,,,,,"{""code"":""45.32.22"",""description"":""Торговля розничная автомобильными деталями, узлами и принадлежностями по почтовым заказам""}"
8c2e6723-88b1-54e0-9ffd-bd7cb4d729a4,773467509356,773467509356,activity,12,,,,other,,46.71.2,"Торговля оптовая моторным топливом, включая авиационный бензин",,,,,,,,,,,,"{""code"":""46.71.2"",""description"":""Торговля оптовая моторным топливом, включая авиационный бензин""}"
8c2e6723-88b1-54e0-9ffd-bd7cb4d729a4,773467509356,773467509356,activity,13,,,,other,,49.41,Деятельность автомобильного грузового транспорта,,,,,,,,,,,,"{""code"":""49.41"",""description"":""Деятельность автомобильного грузового транспорта""}"
8c2e6723-88b1-54e0-9ffd-bd7cb4d729a4,773467509356,773467509356,activity,14,,,,other,,95.22.1,Ремонт бытовой техники,,,,,,,,,,,,"{""code"":""95.22.1"",""description"":""Ремонт бытовой техники""}"
8c2e6723-88b1-54e0-9ffd-bd7cb4d729a4,773467509356,773467509356,activity,15,,,,other,,33.17,Ремонт и техническое обслуживание прочих транспортных средств и оборудования,,,,,,,,,,,,"{""code"":""33.17"",""description"":""Ремонт и техническое обслуживание прочих транспортных средств и оборудования""}"
8c2e6723-88b1-54e0-9ffd-bd7cb4d729a4,773467509356,773467509356,activity,16,,,,other,,33.12,Ремонт машин и оборудования,,,,,,,,,,,,"{""code"":""33.12"",""description"":""Ремонт машин и оборудования""}"
8c2e6723-88b1-54e0-9ffd-bd7cb4d729a4,773467509356,773467509356,activity,17,,,,other,,45.20,Техническое обслуживание и ремонт автотранспортных средств,,,,,,,,,,,,"{""code"":""45.20"",""description"":""Техническое обслуживание и ремонт автотранспортных средств""}"
d7239c5b-0429-5e79-b336-930fb4b49bfc,7104080194,7104080194,founder,0,БЫЛДИН АНДРЕЙ НИКОЛАЕВИЧ,710403015862,,founder,,,,97,293250,2025-03-02T21:00:00.000Z,True,,,,,,,,"{""name"":""БЫЛДИН АНДРЕЙ НИКОЛАЕВИЧ"",""inn"":""710403015862"",""amount"":293250,""share"":97,""dateFrom"":{""$date"":""2025-03-02T21:00:00.000Z""},""active"":true}"
d7239c5b-0429-5e79-b336-930fb4b49bfc,7104080194,7104080194,founder,1,АГАФОНОВА ТАТЬЯНА ЕВГЕНЬЕВНА,713201512384,,founder,,,,2,6750,2024-10-07T21:00:00.000Z,True,,,,,,,,"{""name"":""АГАФОНОВА ТАТЬЯНА ЕВГЕНЬЕВНА"",""inn"":""713201512384"",""amount"":6750,""share"":2,""dateFrom"":{""$date"":""2024-10-07T21:00:00.000Z""},""active"":true}"
d7239c5b-0429-5e79-b336-930fb4b49bfc,7104080194,7104080194,director,0,БЫЛДИН АНДРЕЙ НИКОЛАЕВИЧ,710403015862,,director,ГЕНЕРАЛЬНЫЙ ДИРЕКТОР,,,,,2018-09-25T21:00:00.000Z,,,,,,,,,"{""name"":""БЫЛДИН АНДРЕЙ НИКОЛАЕВИЧ"",""positionName"":""ГЕНЕРАЛЬНЫЙ ДИРЕКТОР"",""inn"":""710403015862"",""positionDate"":{""$date"":""2018-09-25T21:00:00.000Z""}}"
d7239c5b-0429-5e79-b336-930fb4b49bfc,7104080194,7104080194,related_company,0,"ООО ""ГРАДАВТОСТРОЙ""",7100062229,1257100001620,related_company,,,,,,,,2025-02-20T21:00:00.000Z,,,,,БЫЛДИН АНДРЕЙ НИКОЛАЕВИЧ,ГЕНЕРАЛЬНЫЙ ДИРЕКТОР,"{""inn"":""7100062229"",""ogrn"":""1257100001620"",""name"":""ООО \""ГРАДАВТОСТРОЙ\"""",""registrationDate"":{""$date"":""2025-02-20T21:00:00.000Z""},""authPersonName"":""БЫЛДИН АНДРЕЙ НИКОЛАЕВИЧ"",""authPersonPosition"":""ГЕНЕРАЛЬНЫЙ ДИРЕКТОР""}"
d7239c5b-0429-5e79-b336-930fb4b49bfc,7104080194,7104080194,related_company,1,"ООО ""ФЕРМА ПЛЮС""",3100037049,1243100009492,related_company,,,,,,,,2024-09-18T21:00:00.000Z,,,,,МОРОЗОВ ДМИТРИЙ ВЛАДИМИРОВИЧ,ГЕНЕРАЛЬНЫЙ ДИРЕКТОР,"{""inn"":""3100037049"",""ogrn"":""1243100009492"",""name"":""ООО \""ФЕРМА ПЛЮС\"""",""registrationDate"":{""$date"":""2024-09-18T21:00:00.000Z""},""authPersonName"":""МОРОЗОВ ДМИТРИЙ ВЛАДИМИРОВИЧ"",""authPersonPosition"":""ГЕНЕРАЛЬНЫЙ ДИРЕКТОР""}"
d7239c5b-0429-5e79-b336-930fb4b49bfc,7104080194,7104080194,related_company,2,"ООО ""ТУЛА ОХОТ СОЮЗ""",7107509428,1087154024550,related_company,,,,,,,,2008-07-02T20:00:00.000Z,,,,,БЫЛДИН АНДРЕЙ НИКОЛАЕВИЧ,директор,"{""inn"":""7107509428"",""ogrn"":""1087154024550"",""name"":""ООО \""ТУЛА ОХОТ СОЮЗ\"""",""registrationDate"":{""$date"":""2008-07-02T20:00:00.000Z""},""authPersonName"":""БЫЛДИН АНДРЕЙ НИКОЛАЕВИЧ"",""authPersonPosition"":""директор""}"
d7239c5b-0429-5e79-b336-930fb4b49bfc,7104080194,7104080194,related_company,3,"ООО ""ТД ""АКВА-РОССИНИ""",7100008581,1217100008399,related_company,,,,,,,,2021-07-14T21:00:00.000Z,,,,,БЫЛДИН АНДРЕЙ НИКОЛАЕВИЧ,ГЕНЕРАЛЬНЫЙ ДИРЕКТОР,"{""inn"":""7100008581"",""ogrn"":""1217100008399"",""name"":""ООО \""ТД \""АКВА-РОССИНИ\"""",""registrationDate"":{""$date"":""2021-07-14T21:00:00.000Z""},""authPersonName"":""БЫЛДИН АНДРЕЙ НИКОЛАЕВИЧ"",""authPersonPosition"":""ГЕНЕРАЛЬНЫЙ ДИРЕКТОР""}"
d7239c5b-0429-5e79-b336-930fb4b49bfc,7104080194,7104080194,related_company,4,"ООО ""ТУЛАОХОТСОЮЗ""",7100022071,1227100006980,related_company,,,,,,,,2022-05-25T21:00:00.000Z,,,,,БЫЛДИН АНДРЕЙ НИКОЛАЕВИЧ,ГЕНЕРАЛЬНЫЙ ДИРЕКТОР,"{""inn"":""7100022071"",""ogrn"":""1227100006980"",""name"":""ООО \""ТУЛАОХОТСОЮЗ\"""",""registrationDate"":{""$date"":""2022-05-25T21:00:00.000Z""},""authPersonName"":""БЫЛДИН АНДРЕЙ НИКОЛАЕВИЧ"",""authPersonPosition"":""ГЕНЕРАЛЬНЫЙ ДИРЕКТОР""}"
d7239c5b-0429-5e79-b336-930fb4b49bfc,7104080194,7104080194,activity,0,,,,main,,46.32,Торговля оптовая мясом и мясными продуктами,,,,,,,,,,,,"{""code"":""46.32"",""description"":""Торговля оптовая мясом и мясными продуктами""}"
d7239c5b-0429-5e79-b336-930fb4b49bfc,7104080194,7104080194,activity,1,,,,other,,42.12,Строительство железных дорог и метро,,,,,,,,,,,,"{""code"":""42.12"",""description"":""Строительство железных дорог и метро""}"
d7239c5b-0429-5e79-b336-930fb4b49bfc,7104080194,7104080194,activity,2,,,,other,,42.22,Строительство коммунальных объектов для обеспечения электроэнергией и телекоммуникациями,,,,,,,,,,,,"{""code"":""42.22"",""description"":""Строительство коммунальных объектов для обеспечения электроэнергией и телекоммуникациями""}"
d7239c5b-0429-5e79-b336-930fb4b49bfc,7104080194,7104080194,activity,3,,,,other,,43.34.2,Производство стекольных работ,,,,,,,,,,,,"{""code"":""43.34.2"",""description"":""Производство стекольных работ""}"
d7239c5b-0429-5e79-b336-930fb4b49bfc,7104080194,7104080194,activity,4,,,,other,,43.13,Разведочное бурение,,,,,,,,,,,,"{""code"":""43.13"",""description"":""Разведочное бурение""}"
d7239c5b-0429-5e79-b336-930fb4b49bfc,7104080194,7104080194,activity,5,,,,other,,43.99,"Работы строительные специализированные прочие, не включенные в другие группировки",,,,,,,,,,,,"{""code"":""43.99"",""description"":""Работы строительные специализированные прочие, не включенные в другие группировки""}"
d7239c5b-0429-5e79-b336-930fb4b49bfc,7104080194,7104080194,activity,6,,,,other,,46.36,"Торговля оптовая сахаром, шоколадом и сахаристыми кондитерскими изделиями",,,,,,,,,,,,"{""code"":""46.36"",""description"":""Торговля оптовая сахаром, шоколадом и сахаристыми кондитерскими изделиями""}"
d7239c5b-0429-5e79-b336-930fb4b49bfc,7104080194,7104080194,activity,7,,,,other,,47.22,Торговля розничная мясом и мясными продуктами в специализированных магазинах,,,,,,,,,,,,"{""code"":""47.22"",""description"":""Торговля розничная мясом и мясными продуктами в специализированных магазинах""}"
d7239c5b-0429-5e79-b336-930fb4b49bfc,7104080194,7104080194,activity,8,,,,other,,47.22.3,Торговля розничная консервами из мяса и мяса птицы в специализированных магазинах,,,,,,,,,,,,"{""code"":""47.22.3"",""description"":""Торговля розничная консервами из мяса и мяса птицы в специализированных магазинах""}"
d7239c5b-0429-5e79-b336-930fb4b49bfc,7104080194,7104080194,activity,9,,,,other,,42.13,Строительство мостов и тоннелей,,,,,,,,,,,,"{""code"":""42.13"",""description"":""Строительство мостов и тоннелей""}"
d7239c5b-0429-5e79-b336-930fb4b49bfc,7104080194,7104080194,activity,10,,,,other,,43.11,Разборка и снос зданий,,,,,,,,,,,,"{""code"":""43.11"",""description"":""Разборка и снос зданий""}"
d7239c5b-0429-5e79-b336-930fb4b49bfc,7104080194,7104080194,activity,11,,,,other,,43.21,Производство электромонтажных работ,,,,,,,,,,,,"{""code"":""43.21"",""description"":""Производство электромонтажных работ""}"
d7239c5b-0429-5e79-b336-930fb4b49bfc,7104080194,7104080194,activity,12,,,,other,,46.33,"Торговля оптовая молочными продуктами, яйцами и пищевыми маслами и жирами",,,,,,,,,,,,"{""code"":""46.33"",""description"":""Торговля оптовая молочными продуктами, яйцами и пищевыми маслами и жирами""}"
d7239c5b-0429-5e79-b336-930fb4b49bfc,7104080194,7104080194,activity,13,,,,other,,43.39,Производство прочих отделочных и завершающих работ,,,,,,,,,,,,"{""code"":""43.39"",""description"":""Производство прочих отделочных и завершающих работ""}"
d7239c5b-0429-5e79-b336-930fb4b49bfc,7104080194,7104080194,activity,14,,,,other,,46.37,"Торговля оптовая кофе, чаем, какао и пряностями",,,,,,,,,,,,"{""code"":""46.37"",""description"":""Торговля оптовая кофе, чаем, какао и пряностями""}"
d7239c5b-0429-5e79-b336-930fb4b49bfc,7104080194,7104080194,activity,15,,,,other,,47.22.1,"Торговля розничная мясом и мясом птицы, включая субпродукты в специализированных магазинах",,,,,,,,,,,,"{""code"":""47.22.1"",""description"":""Торговля розничная мясом и мясом птицы, включая субпродукты в специализированных магазинах""}"
d7239c5b-0429-5e79-b336-930fb4b49bfc,7104080194,7104080194,activity,16,,,,other,,42.11,Строительство автомобильных дорог и автомагистралей,,,,,,,,,,,,"{""code"":""42.11"",""description"":""Строительство автомобильных дорог и автомагистралей""}"
d7239c5b-0429-5e79-b336-930fb4b49bfc,7104080194,7104080194,activity,17,,,,other,,43.12,Подготовка строительной площадки,,,,,,,,,,,,"{""code"":""43.12"",""description"":""Подготовка строительной площадки""}"
d7239c5b-0429-5e79-b336-930fb4b49bfc,7104080194,7104080194,activity,18,,,,other,,42.21,"Строительство инженерных коммуникаций для водоснабжения и водоотведения, газоснабжения",,,,,,,,,,,,"{""code"":""42.21"",""description"":""Строительство инженерных коммуникаций для водоснабжения и водоотведения, газоснабжения""}"
d7239c5b-0429-5e79-b336-930fb4b49bfc,7104080194,7104080194,activity,19,,,,other,,43.22,"Производство санитарно-технических работ, монтаж отопительных систем и систем кондиционирования воздуха",,,,,,,,,,,,"{""code"":""43.22"",""description"":""Производство санитарно-технических работ, монтаж отопительных систем и систем кондиционирования воздуха""}"
d7239c5b-0429-5e79-b336-930fb4b49bfc,7104080194,7104080194,activity,20,,,,other,,43.91,Производство кровельных работ,,,,,,,,,,,,"{""code"":""43.91"",""description"":""Производство кровельных работ""}"
d7239c5b-0429-5e79-b336-930fb4b49bfc,7104080194,7104080194,activity,21,,,,other,,46.38.2,Торговля оптовая прочими пищевыми продуктами,,,,,,,,,,,,"{""code"":""46.38.2"",""description"":""Торговля оптовая прочими пищевыми продуктами""}"
d7239c5b-0429-5e79-b336-930fb4b49bfc,7104080194,7104080194,activity,22,,,,other,,47.22.2,Торговля розничная продуктами из мяса и мяса птицы в специализированных магазинах,,,,,,,,,,,,"{""code"":""47.22.2"",""description"":""Торговля розничная продуктами из мяса и мяса птицы в специализированных магазинах""}"
d7239c5b-0429-5e79-b336-930fb4b49bfc,7104080194,7104080194,activity,23,,,,other,,46.32,Торговля оптовая мясом и мясными продуктами,,,,,,,,,,,,"{""code"":""46.32"",""description"":""Торговля оптовая мясом и мясными продуктами""}"
d7239c5b-0429-5e79-b336-930fb4b49bfc,7104080194,7104080194,tax_system,0,Общая система налогообложения,,,tax_system,,ОСНО,,,,,,,,,,,,,"{""fullName"":""Общая система налогообложения"",""shortName"":""ОСНО""}"
6cbb9654-4d6f-5d6d-8f17-352fb91b8330,233000064283,233000064283,activity,0,,,,main,,10.71,"Производство хлеба и мучных кондитерских изделий, тортов и пирожных недлительного хранения",,,,,,,,,,,,"{""code"":""10.71"",""description"":""Производство хлеба и мучных кондитерских изделий, тортов и пирожных недлительного хранения""}"
6cbb9654-4d6f-5d6d-8f17-352fb91b8330,233000064283,233000064283,activity,1,,,,other,,46.23,Торговля оптовая живыми животными,,,,,,,,,,,,"{""code"":""46.23"",""description"":""Торговля оптовая живыми животными""}"
6cbb9654-4d6f-5d6d-8f17-352fb91b8330,233000064283,233000064283,activity,2,,,,other,,46.52,Торговля оптовая электронным и телекоммуникационным оборудованием и его запасными частями,,,,,,,,,,,,"{""code"":""46.52"",""description"":""Торговля оптовая электронным и телекоммуникационным оборудованием и его запасными частями""}"
6cbb9654-4d6f-5d6d-8f17-352fb91b8330,233000064283,233000064283,activity,3,,,,other,,46.18,"Деятельность агентов, специализирующихся на оптовой торговле прочими отдельными видами товаров",,,,,,,,,,,,"{""code"":""46.18"",""description"":""Деятельность агентов, специализирующихся на оптовой торговле прочими отдельными видами товаров""}"
6cbb9654-4d6f-5d6d-8f17-352fb91b8330,233000064283,233000064283,activity,4,,,,other,,73.11,Деятельность рекламных агентств,,,,,,,,,,,,"{""code"":""73.11"",""description"":""Деятельность рекламных агентств""}"
6cbb9654-4d6f-5d6d-8f17-352fb91b8330,233000064283,233000064283,activity,5,,,,other,,46.21,"Торговля оптовая зерном, необработанным табаком, семенами и кормами для сельскохозяйственных животных",,,,,,,,,,,,"{""code"":""46.21"",""description"":""Торговля оптовая зерном, необработанным табаком, семенами и кормами для сельскохозяйственных животных""}"
6cbb9654-4d6f-5d6d-8f17-352fb91b8330,233000064283,233000064283,activity,6,,,,other,,46.37,"Торговля оптовая кофе, чаем, какао и пряностями",,,,,,,,,,,,"{""code"":""46.37"",""description"":""Торговля оптовая кофе, чаем, какао и пряностями""}"
6cbb9654-4d6f-5d6d-8f17-352fb91b8330,233000064283,233000064283,activity,7,,,,other,,47.51,Торговля розничная текстильными изделиями в специализированных магазинах,,,,,,,,,,,,"{""code"":""47.51"",""description"":""Торговля розничная текстильными изделиями в специализированных магазинах""}"
6cbb9654-4d6f-5d6d-8f17-352fb91b8330,233000064283,233000064283,activity,8,,,,other,,47.81,"Торговля розничная в нестационарных торговых объектах и на рынках пищевыми продуктами, напитками и табачной продукцией",,,,,,,,,,,,"{""code"":""47.81"",""description"":""Торговля розничная в нестационарных торговых объектах и на рынках пищевыми продуктами, напитками и табачной продукцией""}"
6cbb9654-4d6f-5d6d-8f17-352fb91b8330,233000064283,233000064283,activity,9,,,,other,,47.79,Торговля розничная бывшими в употреблении товарами в магазинах,,,,,,,,,,,,"{""code"":""47.79"",""description"":""Торговля розничная бывшими в употреблении товарами в магазинах""}"
6cbb9654-4d6f-5d6d-8f17-352fb91b8330,233000064283,233000064283,activity,10,,,,other,,46.51,"Торговля оптовая компьютерами, периферийными устройствами к компьютерам и программным обеспечением",,,,,,,,,,,,"{""code"":""46.51"",""description"":""Торговля оптовая компьютерами, периферийными устройствами к компьютерам и программным обеспечением""}"
6cbb9654-4d6f-5d6d-8f17-352fb91b8330,233000064283,233000064283,activity,11,,,,other,,46.90,Торговля оптовая неспециализированная,,,,,,,,,,,,"{""code"":""46.90"",""description"":""Торговля оптовая неспециализированная""}"
6cbb9654-4d6f-5d6d-8f17-352fb91b8330,233000064283,233000064283,activity,12,,,,other,,78.30,Деятельность по подбору персонала прочая,,,,,,,,,,,,"{""code"":""78.30"",""description"":""Деятельность по подбору персонала прочая""}"
6cbb9654-4d6f-5d6d-8f17-352fb91b8330,233000064283,233000064283,activity,13,,,,other,,46.41,Торговля оптовая текстильными изделиями,,,,,,,,,,,,"{""code"":""46.41"",""description"":""Торговля оптовая текстильными изделиями""}"
6cbb9654-4d6f-5d6d-8f17-352fb91b8330,233000064283,233000064283,activity,14,,,,other,,46.69,Торговля оптовая прочими машинами и оборудованием,,,,,,,,,,,,"{""code"":""46.69"",""description"":""Торговля оптовая прочими машинами и оборудованием""}"
6cbb9654-4d6f-5d6d-8f17-352fb91b8330,233000064283,233000064283,activity,15,,,,other,,45.11,Торговля легковыми автомобилями и грузовыми автомобилями малой грузоподъемности,,,,,,,,,,,,"{""code"":""45.11"",""description"":""Торговля легковыми автомобилями и грузовыми автомобилями малой грузоподъемности""}"
6cbb9654-4d6f-5d6d-8f17-352fb91b8330,233000064283,233000064283,activity,16,,,,other,,47.19,Торговля розничная прочая в неспециализированных магазинах,,,,,,,,,,,,"{""code"":""47.19"",""description"":""Торговля розничная прочая в неспециализированных магазинах""}"
6cbb9654-4d6f-5d6d-8f17-352fb91b8330,233000064283,233000064283,activity,17,,,,other,,46.74,"Торговля оптовая скобяными изделиями, водопроводным и отопительным оборудованием и принадлежностями",,,,,,,,,,,,"{""code"":""46.74"",""description"":""Торговля оптовая скобяными изделиями, водопроводным и отопительным оборудованием и принадлежностями""}"
6cbb9654-4d6f-5d6d-8f17-352fb91b8330,233000064283,233000064283,activity,18,,,,other,,46.61,"Торговля оптовая машинами, оборудованием и инструментами для сельского хозяйства",,,,,,,,,,,,"{""code"":""46.61"",""description"":""Торговля оптовая машинами, оборудованием и инструментами для сельского хозяйства""}"
6cbb9654-4d6f-5d6d-8f17-352fb91b8330,233000064283,233000064283,activity,19,,,,other,,46.31,Торговля оптовая фруктами и овощами,,,,,,,,,,,,"{""code"":""46.31"",""description"":""Торговля оптовая фруктами и овощами""}"
6cbb9654-4d6f-5d6d-8f17-352fb91b8330,233000064283,233000064283,activity,20,,,,other,,46.75,Торговля оптовая химическими продуктами,,,,,,,,,,,,"{""code"":""46.75"",""description"":""Торговля оптовая химическими продуктами""}"
6cbb9654-4d6f-5d6d-8f17-352fb91b8330,233000064283,233000064283,activity,21,,,,other,,47.62,Торговля розничная газетами и канцелярскими товарами в специализированных магазинах,,,,,,,,,,,,"{""code"":""47.62"",""description"":""Торговля розничная газетами и канцелярскими товарами в специализированных магазинах""}"
6cbb9654-4d6f-5d6d-8f17-352fb91b8330,233000064283,233000064283,activity,22,,,,other,,46.77,Торговля оптовая отходами и ломом,,,,,,,,,,,,"{""code"":""46.77"",""description"":""Торговля оптовая отходами и ломом""}"
6cbb9654-4d6f-5d6d-8f17-352fb91b8330,233000064283,233000064283,activity,23,,,,other,,45.19,Торговля прочими автотранспортными средствами,,,,,,,,,,,,"{""code"":""45.19"",""description"":""Торговля прочими автотранспортными средствами""}"
6cbb9654-4d6f-5d6d-8f17-352fb91b8330,233000064283,233000064283,activity,24,,,,other,,46.14,"Деятельность агентов по оптовой торговле машинами, промышленным оборудованием, судами и летательными аппаратами",,,,,,,,,,,,"{""code"":""46.14"",""description"":""Деятельность агентов по оптовой торговле машинами, промышленным оборудованием, судами и летательными аппаратами""}"
6cbb9654-4d6f-5d6d-8f17-352fb91b8330,233000064283,233000064283,activity,25,,,,other,,78.10,Деятельность агентств по подбору персонала,,,,,,,,,,,,"{""code"":""78.10"",""description"":""Деятельность агентств по подбору персонала""}"
6cbb9654-4d6f-5d6d-8f17-352fb91b8330,233000064283,233000064283,activity,26,,,,other,,46.64,"Торговля оптовая машинами и оборудованием для текстильного, швейного и трикотажного производств",,,,,,,,,,,,"{""code"":""46.64"",""description"":""Торговля оптовая машинами и оборудованием для текстильного, швейного и трикотажного производств""}"
6cbb9654-4d6f-5d6d-8f17-352fb91b8330,233000064283,233000064283,activity,27,,,,other,,46.34,Торговля оптовая напитками,,,,,,,,,,,,"{""code"":""46.34"",""description"":""Торговля оптовая напитками""}"
6cbb9654-4d6f-5d6d-8f17-352fb91b8330,233000064283,233000064283,activity,28,,,,other,,47.53,"Торговля розничная коврами, ковровыми изделиями, покрытиями для пола и стен в специализированных магазинах",,,,,,,,,,,,"{""code"":""47.53"",""description"":""Торговля розничная коврами, ковровыми изделиями, покрытиями для пола и стен в специализированных магазинах""}"
6cbb9654-4d6f-5d6d-8f17-352fb91b8330,233000064283,233000064283,activity,29,,,,other,,47.63,Торговля розничная музыкальными и видеозаписями в специализированных магазинах,,,,,,,,,,,,"{""code"":""47.63"",""description"":""Торговля розничная музыкальными и видеозаписями в специализированных магазинах""}"
6cbb9654-4d6f-5d6d-8f17-352fb91b8330,233000064283,233000064283,activity,30,,,,other,,46.24,Торговля оптовая шкурами и кожей,,,,,,,,,,,,"{""code"":""46.24"",""description"":""Торговля оптовая шкурами и кожей""}"
6cbb9654-4d6f-5d6d-8f17-352fb91b8330,233000064283,233000064283,activity,31,,,,other,,46.13,Деятельность агентов по оптовой торговле лесоматериалами и строительными материалами,,,,,,,,,,,,"{""code"":""46.13"",""description"":""Деятельность агентов по оптовой торговле лесоматериалами и строительными материалами""}"
6cbb9654-4d6f-5d6d-8f17-352fb91b8330,233000064283,233000064283,activity,32,,,,other,,46.65,Торговля оптовая офисной мебелью,,,,,,,,,,,,"{""code"":""46.65"",""description"":""Торговля оптовая офисной мебелью""}"
6cbb9654-4d6f-5d6d-8f17-352fb91b8330,233000064283,233000064283,activity,33,,,,other,,46.36,"Торговля оптовая сахаром, шоколадом и сахаристыми кондитерскими изделиями",,,,,,,,,,,,"{""code"":""46.36"",""description"":""Торговля оптовая сахаром, шоколадом и сахаристыми кондитерскими изделиями""}"
6cbb9654-4d6f-5d6d-8f17-352fb91b8330,233000064283,233000064283,activity,34,,,,other,,47.54,Торговля розничная бытовыми электротоварами в специализированных магазинах,,,,,,,,,,,,"{""code"":""47.54"",""description"":""Торговля розничная бытовыми электротоварами в специализированных магазинах""}"
6cbb9654-4d6f-5d6d-8f17-352fb91b8330,233000064283,233000064283,activity,35,,,,other,,47.43,Торговля розничная аудио- и видеотехникой в специализированных магазинах,,,,,,,,,,,,"{""code"":""47.43"",""description"":""Торговля розничная аудио- и видеотехникой в специализированных магазинах""}"
6cbb9654-4d6f-5d6d-8f17-352fb91b8330,233000064283,233000064283,activity,36,,,,other,,47.26,Торговля розничная табачными изделиями в специализированных магазинах,,,,,,,,,,,,"{""code"":""47.26"",""description"":""Торговля розничная табачными изделиями в специализированных магазинах""}"
6cbb9654-4d6f-5d6d-8f17-352fb91b8330,233000064283,233000064283,activity,37,,,,other,,46.44,Торговля оптовая изделиями из керамики и стекла и чистящими средствами,,,,,,,,,,,,"{""code"":""46.44"",""description"":""Торговля оптовая изделиями из керамики и стекла и чистящими средствами""}"
6cbb9654-4d6f-5d6d-8f17-352fb91b8330,233000064283,233000064283,activity,38,,,,other,,46.32,Торговля оптовая мясом и мясными продуктами,,,,,,,,,,,,"{""code"":""46.32"",""description"":""Торговля оптовая мясом и мясными продуктами""}"
6cbb9654-4d6f-5d6d-8f17-352fb91b8330,233000064283,233000064283,activity,39,,,,other,,47.41,"Торговля розничная компьютерами, периферийными устройствами к ним и программным обеспечением в специализированных магазинах",,,,,,,,,,,,"{""code"":""47.41"",""description"":""Торговля розничная компьютерами, периферийными устройствами к ним и программным обеспечением в специализированных магазинах""}"
6cbb9654-4d6f-5d6d-8f17-352fb91b8330,233000064283,233000064283,activity,40,,,,other,,47.73,Торговля розничная лекарственными средствами в специализированных магазинах (аптеках),,,,,,,,,,,,"{""code"":""47.73"",""description"":""Торговля розничная лекарственными средствами в специализированных магазинах (аптеках)""}"
6cbb9654-4d6f-5d6d-8f17-352fb91b8330,233000064283,233000064283,activity,41,,,,other,,47.11,"Торговля розничная преимущественно пищевыми продуктами, включая напитки, и табачными изделиями в неспециализированных магазинах",,,,,,,,,,,,"{""code"":""47.11"",""description"":""Торговля розничная преимущественно пищевыми продуктами, включая напитки, и табачными изделиями в неспециализированных магазинах""}"
6cbb9654-4d6f-5d6d-8f17-352fb91b8330,233000064283,233000064283,activity,42,,,,other,,46.72,Торговля оптовая металлами и металлическими рудами,,,,,,,,,,,,"{""code"":""46.72"",""description"":""Торговля оптовая металлами и металлическими рудами""}"
6cbb9654-4d6f-5d6d-8f17-352fb91b8330,233000064283,233000064283,activity,43,,,,other,,46.15,"Деятельность агентов по оптовой торговле мебелью, бытовыми товарами, скобяными, ножевыми и прочими металлическими изделиями",,,,,,,,,,,,"{""code"":""46.15"",""description"":""Деятельность агентов по оптовой торговле мебелью, бытовыми товарами, скобяными, ножевыми и прочими металлическими изделиями""}"
6cbb9654-4d6f-5d6d-8f17-352fb91b8330,233000064283,233000064283,activity,44,,,,other,,47.99,"Торговля розничная прочая вне магазинов, палаток, рынков",,,,,,,,,,,,"{""code"":""47.99"",""description"":""Торговля розничная прочая вне магазинов, палаток, рынков""}"
6cbb9654-4d6f-5d6d-8f17-352fb91b8330,233000064283,233000064283,activity,45,,,,other,,46.11,"Деятельность агентов по оптовой торговле сельскохозяйственным сырьем, живыми животными, текстильным сырьем и полуфабрикатами",,,,,,,,,,,,"{""code"":""46.11"",""description"":""Деятельность агентов по оптовой торговле сельскохозяйственным сырьем, живыми животными, текстильным сырьем и полуфабрикатами""}"
6cbb9654-4d6f-5d6d-8f17-352fb91b8330,233000064283,233000064283,activity,46,,,,other,,47.89,Торговля розничная в нестационарных торговых объектах и на рынках прочими товарами,,,,,,,,,,,,"{""code"":""47.89"",""description"":""Торговля розничная в нестационарных торговых объектах и на рынках прочими товарами""}"
6cbb9654-4d6f-5d6d-8f17-352fb91b8330,233000064283,233000064283,activity,47,,,,other,,47.42,"Торговля розничная телекоммуникационным оборудованием, включая розничную торговлю мобильными телефонами, в специализированных магазинах",,,,,,,,,,,,"{""code"":""47.42"",""description"":""Торговля розничная телекоммуникационным оборудованием, включая розничную торговлю мобильными телефонами, в специализированных магазинах""}"
6cbb9654-4d6f-5d6d-8f17-352fb91b8330,233000064283,233000064283,activity,48,,,,other,,47.78,Торговля розничная прочая в специализированных магазинах,,,,,,,,,,,,"{""code"":""47.78"",""description"":""Торговля розничная прочая в специализированных магазинах""}"
6cbb9654-4d6f-5d6d-8f17-352fb91b8330,233000064283,233000064283,activity,49,,,,other,,46.45,Торговля оптовая парфюмерными и косметическими товарами,,,,,,,,,,,,"{""code"":""46.45"",""description"":""Торговля оптовая парфюмерными и косметическими товарами""}"
6cbb9654-4d6f-5d6d-8f17-352fb91b8330,233000064283,233000064283,activity,50,,,,other,,47.71,Торговля розничная одеждой в специализированных магазинах,,,,,,,,,,,,"{""code"":""47.71"",""description"":""Торговля розничная одеждой в специализированных магазинах""}"
6cbb9654-4d6f-5d6d-8f17-352fb91b8330,233000064283,233000064283,activity,51,,,,other,,47.76,"Торговля розничная цветами и другими растениями, семенами, удобрениями, домашними животными и кормами для домашних животных в специализированных магазинах",,,,,,,,,,,,"{""code"":""47.76"",""description"":""Торговля розничная цветами и другими растениями, семенами, удобрениями, домашними животными и кормами для домашних животных в специализированных магазинах""}"
6cbb9654-4d6f-5d6d-8f17-352fb91b8330,233000064283,233000064283,activity,52,,,,other,,45.32,"Торговля розничная автомобильными деталями, узлами и принадлежностями",,,,,,,,,,,,"{""code"":""45.32"",""description"":""Торговля розничная автомобильными деталями, узлами и принадлежностями""}"
6cbb9654-4d6f-5d6d-8f17-352fb91b8330,233000064283,233000064283,activity,53,,,,other,,46.49,Торговля оптовая прочими бытовыми товарами,,,,,,,,,,,,"{""code"":""46.49"",""description"":""Торговля оптовая прочими бытовыми товарами""}"
6cbb9654-4d6f-5d6d-8f17-352fb91b8330,233000064283,233000064283,activity,54,,,,other,,46.63,Торговля оптовая машинами и оборудованием для добычи полезных ископаемых и строительства,,,,,,,,,,,,"{""code"":""46.63"",""description"":""Торговля оптовая машинами и оборудованием для добычи полезных ископаемых и строительства""}"
6cbb9654-4d6f-5d6d-8f17-352fb91b8330,233000064283,233000064283,activity,55,,,,other,,46.47,"Торговля оптовая мебелью, коврами и осветительным оборудованием",,,,,,,,,,,,"{""code"":""46.47"",""description"":""Торговля оптовая мебелью, коврами и осветительным оборудованием""}"
6cbb9654-4d6f-5d6d-8f17-352fb91b8330,233000064283,233000064283,activity,56,,,,other,,47.75,Торговля розничная косметическими и товарами личной гигиены в специализированных магазинах,,,,,,,,,,,,"{""code"":""47.75"",""description"":""Торговля розничная косметическими и товарами личной гигиены в специализированных магазинах""}"
6cbb9654-4d6f-5d6d-8f17-352fb91b8330,233000064283,233000064283,activity,57,,,,other,,47.22,Торговля розничная мясом и мясными продуктами в специализированных магазинах,,,,,,,,,,,,"{""code"":""47.22"",""description"":""Торговля розничная мясом и мясными продуктами в специализированных магазинах""}"
6cbb9654-4d6f-5d6d-8f17-352fb91b8330,233000064283,233000064283,activity,58,,,,other,,46.48,Торговля оптовая часами и ювелирными изделиями,,,,,,,,,,,,"{""code"":""46.48"",""description"":""Торговля оптовая часами и ювелирными изделиями""}"
6cbb9654-4d6f-5d6d-8f17-352fb91b8330,233000064283,233000064283,activity,59,,,,other,,47.82,"Торговля розничная в нестационарных торговых объектах и на рынках текстилем, одеждой и обувью",,,,,,,,,,,,"{""code"":""47.82"",""description"":""Торговля розничная в нестационарных торговых объектах и на рынках текстилем, одеждой и обувью""}"
6cbb9654-4d6f-5d6d-8f17-352fb91b8330,233000064283,233000064283,activity,60,,,,other,,47.72,Торговля розничная обувью и изделиями из кожи в специализированных магазинах,,,,,,,,,,,,"{""code"":""47.72"",""description"":""Торговля розничная обувью и изделиями из кожи в специализированных магазинах""}"
6cbb9654-4d6f-5d6d-8f17-352fb91b8330,233000064283,233000064283,activity,61,,,,other,,46.76,Торговля оптовая прочими промежуточными продуктами,,,,,,,,,,,,"{""code"":""46.76"",""description"":""Торговля оптовая прочими промежуточными продуктами""}"
6cbb9654-4d6f-5d6d-8f17-352fb91b8330,233000064283,233000064283,activity,62,,,,other,,78.20,Деятельность агентств по временному трудоустройству,,,,,,,,,,,,"{""code"":""78.20"",""description"":""Деятельность агентств по временному трудоустройству""}"
6cbb9654-4d6f-5d6d-8f17-352fb91b8330,233000064283,233000064283,activity,63,,,,other,,73.12,Представление в средствах массовой информации,,,,,,,,,,,,"{""code"":""73.12"",""description"":""Представление в средствах массовой информации""}"
6cbb9654-4d6f-5d6d-8f17-352fb91b8330,233000064283,233000064283,activity,64,,,,other,,46.31.1,"Торговля оптовая свежими овощами, фруктами и орехами",,,,,,,,,,,,"{""code"":""46.31.1"",""description"":""Торговля оптовая свежими овощами, фруктами и орехами""}"
6cbb9654-4d6f-5d6d-8f17-352fb91b8330,233000064283,233000064283,activity,65,,,,other,,45.20,Техническое обслуживание и ремонт автотранспортных средств,,,,,,,,,,,,"{""code"":""45.20"",""description"":""Техническое обслуживание и ремонт автотранспортных средств""}"
6cbb9654-4d6f-5d6d-8f17-352fb91b8330,233000064283,233000064283,activity,66,,,,other,,46.17,"Деятельность агентов по оптовой торговле пищевыми продуктами, напитками и табачными изделиями",,,,,,,,,,,,"{""code"":""46.17"",""description"":""Деятельность агентов по оптовой торговле пищевыми продуктами, напитками и табачными изделиями""}"
6cbb9654-4d6f-5d6d-8f17-352fb91b8330,233000064283,233000064283,activity,67,,,,other,,47.23,"Торговля розничная рыбой, ракообразными и моллюсками в специализированных магазинах",,,,,,,,,,,,"{""code"":""47.23"",""description"":""Торговля розничная рыбой, ракообразными и моллюсками в специализированных магазинах""}"
6cbb9654-4d6f-5d6d-8f17-352fb91b8330,233000064283,233000064283,activity,68,,,,other,,45.40,"Торговля мотоциклами, их деталями, узлами и принадлежностями; техническое обслуживание и ремонт мотоциклов",,,,,,,,,,,,"{""code"":""45.40"",""description"":""Торговля мотоциклами, их деталями, узлами и принадлежностями; техническое обслуживание и ремонт мотоциклов""}"
6cbb9654-4d6f-5d6d-8f17-352fb91b8330,233000064283,233000064283,activity,69,,,,other,,47.59,"Торговля розничная мебелью, осветительными приборами и прочими бытовыми изделиями в специализированных магазинах",,,,,,,,,,,,"{""code"":""47.59"",""description"":""Торговля розничная мебелью, осветительными приборами и прочими бытовыми изделиями в специализированных магазинах""}"
6cbb9654-4d6f-5d6d-8f17-352fb91b8330,233000064283,233000064283,activity,70,,,,other,,45.31,"Торговля оптовая автомобильными деталями, узлами и принадлежностями",,,,,,,,,,,,"{""code"":""45.31"",""description"":""Торговля оптовая автомобильными деталями, узлами и принадлежностями""}"
6cbb9654-4d6f-5d6d-8f17-352fb91b8330,233000064283,233000064283,activity,71,,,,other,,46.39,"Торговля оптовая неспециализированная пищевыми продуктами, напитками и табачными изделиями",,,,,,,,,,,,"{""code"":""46.39"",""description"":""Торговля оптовая неспециализированная пищевыми продуктами, напитками и табачными изделиями""}"
6cbb9654-4d6f-5d6d-8f17-352fb91b8330,233000064283,233000064283,activity,72,,,,other,,46.46,Торговля оптовая фармацевтической продукцией,,,,,,,,,,,,"{""code"":""46.46"",""description"":""Торговля оптовая фармацевтической продукцией""}"
6cbb9654-4d6f-5d6d-8f17-352fb91b8330,233000064283,233000064283,activity,73,,,,other,,46.66,Торговля оптовая прочей офисной техникой и оборудованием,,,,,,,,,,,,"{""code"":""46.66"",""description"":""Торговля оптовая прочей офисной техникой и оборудованием""}"
6cbb9654-4d6f-5d6d-8f17-352fb91b8330,233000064283,233000064283,activity,74,,,,other,,73.20,Исследование конъюнктуры рынка и изучение общественного мнения,,,,,,,,,,,,"{""code"":""73.20"",""description"":""Исследование конъюнктуры рынка и изучение общественного мнения""}"
6cbb9654-4d6f-5d6d-8f17-352fb91b8330,233000064283,233000064283,activity,75,,,,other,,46.62,Торговля оптовая станками,,,,,,,,,,,,"{""code"":""46.62"",""description"":""Торговля оптовая станками""}"
6cbb9654-4d6f-5d6d-8f17-352fb91b8330,233000064283,233000064283,activity,76,,,,other,,47.64,Торговля розничная спортивным оборудованием и спортивными товарами в специализированных магазинах,,,,,,,,,,,,"{""code"":""47.64"",""description"":""Торговля розничная спортивным оборудованием и спортивными товарами в специализированных магазинах""}"
6cbb9654-4d6f-5d6d-8f17-352fb91b8330,233000064283,233000064283,activity,77,,,,other,,47.25,Торговля розничная напитками в специализированных магазинах,,,,,,,,,,,,"{""code"":""47.25"",""description"":""Торговля розничная напитками в специализированных магазинах""}"
6cbb9654-4d6f-5d6d-8f17-352fb91b8330,233000064283,233000064283,activity,78,,,,other,,47.24,Торговля розничная хлебом и хлебобулочными изделиями и кондитерскими изделиями в специализированных магазинах,,,,,,,,,,,,"{""code"":""47.24"",""description"":""Торговля розничная хлебом и хлебобулочными изделиями и кондитерскими изделиями в специализированных магазинах""}"
6cbb9654-4d6f-5d6d-8f17-352fb91b8330,233000064283,233000064283,activity,79,,,,other,,46.71,"Торговля оптовая твердым, жидким и газообразным топливом и подобными продуктами",,,,,,,,,,,,"{""code"":""46.71"",""description"":""Торговля оптовая твердым, жидким и газообразным топливом и подобными продуктами""}"
6cbb9654-4d6f-5d6d-8f17-352fb91b8330,233000064283,233000064283,activity,80,,,,other,,46.42,Торговля оптовая одеждой и обувью,,,,,,,,,,,,"{""code"":""46.42"",""description"":""Торговля оптовая одеждой и обувью""}"
6cbb9654-4d6f-5d6d-8f17-352fb91b8330,233000064283,233000064283,activity,81,,,,other,,47.74,"Торговля розничная изделиями, применяемыми в медицинских целях, ортопедическими изделиями в специализированных магазинах",,,,,,,,,,,,"{""code"":""47.74"",""description"":""Торговля розничная изделиями, применяемыми в медицинских целях, ортопедическими изделиями в специализированных магазинах""}"
6cbb9654-4d6f-5d6d-8f17-352fb91b8330,233000064283,233000064283,activity,82,,,,other,,46.73,"Торговля оптовая лесоматериалами, строительными материалами и санитарно-техническим оборудованием",,,,,,,,,,,,"{""code"":""46.73"",""description"":""Торговля оптовая лесоматериалами, строительными материалами и санитарно-техническим оборудованием""}"
6cbb9654-4d6f-5d6d-8f17-352fb91b8330,233000064283,233000064283,activity,83,,,,other,,46.19,Деятельность агентов по оптовой торговле универсальным ассортиментом товаров,,,,,,,,,,,,"{""code"":""46.19"",""description"":""Деятельность агентов по оптовой торговле универсальным ассортиментом товаров""}"
6cbb9654-4d6f-5d6d-8f17-352fb91b8330,233000064283,233000064283,activity,84,,,,other,,46.33,"Торговля оптовая молочными продуктами, яйцами и пищевыми маслами и жирами",,,,,,,,,,,,"{""code"":""46.33"",""description"":""Торговля оптовая молочными продуктами, яйцами и пищевыми маслами и жирами""}"
6cbb9654-4d6f-5d6d-8f17-352fb91b8330,233000064283,233000064283,activity,85,,,,other,,46.22,Торговля оптовая цветами и растениями,,,,,,,,,,,,"{""code"":""46.22"",""description"":""Торговля оптовая цветами и растениями""}"
6cbb9654-4d6f-5d6d-8f17-352fb91b8330,233000064283,233000064283,activity,86,,,,other,,47.65,Торговля розничная играми и игрушками в специализированных магазинах,,,,,,,,,,,,"{""code"":""47.65"",""description"":""Торговля розничная играми и игрушками в специализированных магазинах""}"
6cbb9654-4d6f-5d6d-8f17-352fb91b8330,233000064283,233000064283,activity,87,,,,other,,47.29,Торговля розничная прочими пищевыми продуктами в специализированных магазинах,,,,,,,,,,,,"{""code"":""47.29"",""description"":""Торговля розничная прочими пищевыми продуктами в специализированных магазинах""}"
6cbb9654-4d6f-5d6d-8f17-352fb91b8330,233000064283,233000064283,activity,88,,,,other,,47.52,"Торговля розничная скобяными изделиями, лакокрасочными материалами и стеклом в специализированных магазинах",,,,,,,,,,,,"{""code"":""47.52"",""description"":""Торговля розничная скобяными изделиями, лакокрасочными материалами и стеклом в специализированных магазинах""}"
6cbb9654-4d6f-5d6d-8f17-352fb91b8330,233000064283,233000064283,activity,89,,,,other,,47.21,Торговля розничная фруктами и овощами в специализированных магазинах,,,,,,,,,,,,"{""code"":""47.21"",""description"":""Торговля розничная фруктами и овощами в специализированных магазинах""}"
6cbb9654-4d6f-5d6d-8f17-352fb91b8330,233000064283,233000064283,activity,90,,,,other,,46.35,Торговля оптовая табачными изделиями,,,,,,,,,,,,"{""code"":""46.35"",""description"":""Торговля оптовая табачными изделиями""}"
6cbb9654-4d6f-5d6d-8f17-352fb91b8330,233000064283,233000064283,activity,91,,,,other,,47.77,Торговля розничная часами и ювелирными изделиями в специализированных магазинах,,,,,,,,,,,,"{""code"":""47.77"",""description"":""Торговля розничная часами и ювелирными изделиями в специализированных магазинах""}"
6cbb9654-4d6f-5d6d-8f17-352fb91b8330,233000064283,233000064283,activity,92,,,,other,,46.43,Торговля оптовая бытовыми электротоварами,,,,,,,,,,,,"{""code"":""46.43"",""description"":""Торговля оптовая бытовыми электротоварами""}"
6cbb9654-4d6f-5d6d-8f17-352fb91b8330,233000064283,233000064283,activity,93,,,,other,,46.38,"Торговля оптовая прочими пищевыми продуктами, включая рыбу, ракообразных и моллюсков",,,,,,,,,,,,"{""code"":""46.38"",""description"":""Торговля оптовая прочими пищевыми продуктами, включая рыбу, ракообразных и моллюсков""}"
6cbb9654-4d6f-5d6d-8f17-352fb91b8330,233000064283,233000064283,activity,94,,,,other,,47.30,Торговля розничная моторным топливом в специализированных магазинах,,,,,,,,,,,,"{""code"":""47.30"",""description"":""Торговля розничная моторным топливом в специализированных магазинах""}"
6cbb9654-4d6f-5d6d-8f17-352fb91b8330,233000064283,233000064283,activity,95,,,,other,,46.16,"Деятельность агентов по оптовой торговле текстильными изделиями, одеждой, обувью, изделиями из кожи и меха",,,,,,,,,,,,"{""code"":""46.16"",""description"":""Деятельность агентов по оптовой торговле текстильными изделиями, одеждой, обувью, изделиями из кожи и меха""}"
6cbb9654-4d6f-5d6d-8f17-352fb91b8330,233000064283,233000064283,activity,96,,,,other,,47.61,Торговля розничная книгами в специализированных магазинах,,,,,,,,,,,,"{""code"":""47.61"",""description"":""Торговля розничная книгами в специализированных магазинах""}"
6cbb9654-4d6f-5d6d-8f17-352fb91b8330,233000064283,233000064283,activity,97,,,,other,,68.31,Деятельность агентств недвижимости за вознаграждение или на договорной основе,,,,,,,,,,,,"{""code"":""68.31"",""description"":""Деятельность агентств недвижимости за вознаграждение или на договорной основе""}"
6cbb9654-4d6f-5d6d-8f17-352fb91b8330,233000064283,233000064283,activity,98,,,,other,,68.32,Управление недвижимым имуществом за вознаграждение или на договорной основе,,,,,,,,,,,,"{""code"":""68.32"",""description"":""Управление недвижимым имуществом за вознаграждение или на договорной основе""}"
6cbb9654-4d6f-5d6d-8f17-352fb91b8330,233000064283,233000064283,activity,99,,,,other,,68.20,Аренда и управление собственным или арендованным недвижимым имуществом,,,,,,,,,,,,"{""code"":""68.20"",""description"":""Аренда и управление собственным или арендованным недвижимым имуществом""}"
6cbb9654-4d6f-5d6d-8f17-352fb91b8330,233000064283,233000064283,activity,100,,,,other,,68.10,Покупка и продажа собственного недвижимого имущества,,,,,,,,,,,,"{""code"":""68.10"",""description"":""Покупка и продажа собственного недвижимого имущества""}"
6cbb9654-4d6f-5d6d-8f17-352fb91b8330,233000064283,233000064283,activity,101,,,,other,,47.91,Торговля розничная по почте или по информационно-коммуникационной сети Интернет,,,,,,,,,,,,"{""code"":""47.91"",""description"":""Торговля розничная по почте или по информационно-коммуникационной сети Интернет""}"
6cbb9654-4d6f-5d6d-8f17-352fb91b8330,233000064283,233000064283,activity,102,,,,other,,10.81,Производство сахара,,,,,,,,,,,,"{""code"":""10.81"",""description"":""Производство сахара""}"
6cbb9654-4d6f-5d6d-8f17-352fb91b8330,233000064283,233000064283,activity,103,,,,other,,10.83,Производство чая и кофе,,,,,,,,,,,,"{""code"":""10.83"",""description"":""Производство чая и кофе""}"
6cbb9654-4d6f-5d6d-8f17-352fb91b8330,233000064283,233000064283,activity,104,,,,other,,10.32,Производство соковой продукции из фруктов и овощей,,,,,,,,,,,,"{""code"":""10.32"",""description"":""Производство соковой продукции из фруктов и овощей""}"
6cbb9654-4d6f-5d6d-8f17-352fb91b8330,233000064283,233000064283,activity,105,,,,other,,10.89,"Производство прочих пищевых продуктов, не включенных в другие группировки",,,,,,,,,,,,"{""code"":""10.89"",""description"":""Производство прочих пищевых продуктов, не включенных в другие группировки""}"
6cbb9654-4d6f-5d6d-8f17-352fb91b8330,233000064283,233000064283,activity,106,,,,other,,11.07,"Производство безалкогольных напитков; производство упакованных питьевых вод, включая минеральные воды.",,,,,,,,,,,,"{""code"":""11.07"",""description"":""Производство безалкогольных напитков; производство упакованных питьевых вод, включая минеральные воды.""}"
6cbb9654-4d6f-5d6d-8f17-352fb91b8330,233000064283,233000064283,activity,107,,,,other,,10.41,Производство масел и жиров,,,,,,,,,,,,"{""code"":""10.41"",""description"":""Производство масел и жиров""}"
6cbb9654-4d6f-5d6d-8f17-352fb91b8330,233000064283,233000064283,activity,108,,,,other,,10.52,Производство мороженого,,,,,,,,,,,,"{""code"":""10.52"",""description"":""Производство мороженого""}"
6cbb9654-4d6f-5d6d-8f17-352fb91b8330,233000064283,233000064283,activity,109,,,,other,,10.72,"Производство сухарей, печенья и прочих сухарных хлебобулочных изделий, производство мучных кондитерских изделий, тортов, пирожных, пирогов и бисквитов, предназначенных для длительного хранения",,,,,,,,,,,,"{""code"":""10.72"",""description"":""Производство сухарей, печенья и прочих сухарных хлебобулочных изделий, производство мучных кондитерских изделий, тортов, пирожных, пирогов и бисквитов, предназначенных для длительного хранения""}"
6cbb9654-4d6f-5d6d-8f17-352fb91b8330,233000064283,233000064283,activity,110,,,,other,,10.85,Производство готовых пищевых продуктов и блюд,,,,,,,,,,,,"{""code"":""10.85"",""description"":""Производство готовых пищевых продуктов и блюд""}"
6cbb9654-4d6f-5d6d-8f17-352fb91b8330,233000064283,233000064283,activity,111,,,,other,,10.12,Производство и консервирование мяса птицы,,,,,,,,,,,,"{""code"":""10.12"",""description"":""Производство и консервирование мяса птицы""}"
6cbb9654-4d6f-5d6d-8f17-352fb91b8330,233000064283,233000064283,activity,112,,,,other,,10.82,"Производство какао, шоколада и сахаристых кондитерских изделий",,,,,,,,,,,,"{""code"":""10.82"",""description"":""Производство какао, шоколада и сахаристых кондитерских изделий""}"
6cbb9654-4d6f-5d6d-8f17-352fb91b8330,233000064283,233000064283,activity,113,,,,other,,10.86,Производство детского питания и диетических пищевых продуктов,,,,,,,,,,,,"{""code"":""10.86"",""description"":""Производство детского питания и диетических пищевых продуктов""}"
6cbb9654-4d6f-5d6d-8f17-352fb91b8330,233000064283,233000064283,activity,114,,,,other,,10.13,Производство продукции из мяса убойных животных и мяса птицы,,,,,,,,,,,,"{""code"":""10.13"",""description"":""Производство продукции из мяса убойных животных и мяса птицы""}"
6cbb9654-4d6f-5d6d-8f17-352fb91b8330,233000064283,233000064283,activity,115,,,,other,,10.84,Производство приправ и пряностей,,,,,,,,,,,,"{""code"":""10.84"",""description"":""Производство приправ и пряностей""}"
6cbb9654-4d6f-5d6d-8f17-352fb91b8330,233000064283,233000064283,activity,116,,,,other,,10.73,Производство макаронных изделий кускуса и аналогичных мучных изделий,,,,,,,,,,,,"{""code"":""10.73"",""description"":""Производство макаронных изделий кускуса и аналогичных мучных изделий""}"
6cbb9654-4d6f-5d6d-8f17-352fb91b8330,233000064283,233000064283,activity,117,,,,other,,10.42,Производство маргариновой продукции,,,,,,,,,,,,"{""code"":""10.42"",""description"":""Производство маргариновой продукции""}"
6cbb9654-4d6f-5d6d-8f17-352fb91b8330,233000064283,233000064283,activity,118,,,,other,,10.51,Производство молока (кроме сырого) и молочной продукции,,,,,,,,,,,,"{""code"":""10.51"",""description"":""Производство молока (кроме сырого) и молочной продукции""}"
6cbb9654-4d6f-5d6d-8f17-352fb91b8330,233000064283,233000064283,activity,119,,,,other,,10.62,Производство крахмала и крахмалосодержащих продуктов,,,,,,,,,,,,"{""code"":""10.62"",""description"":""Производство крахмала и крахмалосодержащих продуктов""}"
6cbb9654-4d6f-5d6d-8f17-352fb91b8330,233000064283,233000064283,activity,120,,,,other,,10.61,Производство продуктов мукомольной и крупяной промышленности,,,,,,,,,,,,"{""code"":""10.61"",""description"":""Производство продуктов мукомольной и крупяной промышленности""}"
53b98f17-76f4-580e-a522-93f3b9364e70,2016003057,2016003057,founder,0,БАСНУКАЕВ РУСЛАН ХАМЗАТОВИЧ,010702412026,,founder,,,,100,10000,2018-08-19T21:00:00.000Z,True,,,,,,,,"{""name"":""БАСНУКАЕВ РУСЛАН ХАМЗАТОВИЧ"",""inn"":""010702412026"",""amount"":10000,""share"":100,""dateFrom"":{""$date"":""2018-08-19T21:00:00.000Z""},""active"":true}"
53b98f17-76f4-580e-a522-93f3b9364e70,2016003057,2016003057,director,0,БАСНУКАЕВ РУСЛАН ХАМЗАТОВИЧ,010702412026,,director,ГЕНЕРАЛЬНЫЙ ДИРЕКТОР,,,,,2018-09-06T21:00:00.000Z,,,,,,,,,"{""name"":""БАСНУКАЕВ РУСЛАН ХАМЗАТОВИЧ"",""positionName"":""ГЕНЕРАЛЬНЫЙ ДИРЕКТОР"",""inn"":""010702412026"",""positionDate"":{""$date"":""2018-09-06T21:00:00.000Z""}}"
53b98f17-76f4-580e-a522-93f3b9364e70,2016003057,2016003057,related_company,0,"ООО ""МЕГАМАРКЕТ""",2014012472,1162036050252,related_company,,,,,,,,2016-01-20T21:00:00.000Z,,,,,БАСНУКАЕВ РУСЛАН ХАМЗАТОВИЧ,ГЕНЕРАЛЬНЫЙ ДИРЕКТОР,"{""inn"":""2014012472"",""ogrn"":""1162036050252"",""name"":""ООО \""МЕГАМАРКЕТ\"""",""registrationDate"":{""$date"":""2016-01-20T21:00:00.000Z""},""authPersonName"":""БАСНУКАЕВ РУСЛАН ХАМЗАТОВИЧ"",""authPersonPosition"":""ГЕНЕРАЛЬНЫЙ ДИРЕКТОР""}"
53b98f17-76f4-580e-a522-93f3b9364e70,2016003057,2016003057,activity,0,,,,main,,41.20.9,Прочие виды строительства жилых и нежилых зданий,,,,,,,,,,,,"{""code"":""41.20.9"",""description"":""Прочие виды строительства жилых и нежилых зданий""}"
53b98f17-76f4-580e-a522-93f3b9364e70,2016003057,2016003057,activity,1,,,,other,,43.29,Производство прочих строительно-монтажных работ,,,,,,,,,,,,"{""code"":""43.29"",""description"":""Производство прочих строительно-монтажных работ""}"
53b98f17-76f4-580e-a522-93f3b9364e70,2016003057,2016003057,activity,2,,,,other,,46.66,Торговля оптовая прочей офисной техникой и оборудованием,,,,,,,,,,,,"{""code"":""46.66"",""description"":""Торговля оптовая прочей офисной техникой и оборудованием""}"
53b98f17-76f4-580e-a522-93f3b9364e70,2016003057,2016003057,activity,3,,,,other,,46.73,"Торговля оптовая лесоматериалами, строительными материалами и санитарно-техническим оборудованием",,,,,,,,,,,,"{""code"":""46.73"",""description"":""Торговля оптовая лесоматериалами, строительными материалами и санитарно-техническим оборудованием""}"
53b98f17-76f4-580e-a522-93f3b9364e70,2016003057,2016003057,activity,4,,,,other,,46.73.5,Торговля оптовая листовым стеклом,,,,,,,,,,,,"{""code"":""46.73.5"",""description"":""Торговля оптовая листовым стеклом""}"
53b98f17-76f4-580e-a522-93f3b9364e70,2016003057,2016003057,activity,5,,,,other,,47.52.7,"Торговля розничная строительными материалами, не включенными в другие группировки, в специализированных магазинах",,,,,,,,,,,,"{""code"":""47.52.7"",""description"":""Торговля розничная строительными материалами, не включенными в другие группировки, в специализированных магазинах""}"
53b98f17-76f4-580e-a522-93f3b9364e70,2016003057,2016003057,activity,6,,,,other,,82.99,"Деятельность по предоставлению прочих вспомогательных услуг для бизнеса, не включенная в другие группировки",,,,,,,,,,,,"{""code"":""82.99"",""description"":""Деятельность по предоставлению прочих вспомогательных услуг для бизнеса, не включенная в другие группировки""}"
53b98f17-76f4-580e-a522-93f3b9364e70,2016003057,2016003057,activity,7,,,,other,,43.99,"Работы строительные специализированные прочие, не включенные в другие группировки",,,,,,,,,,,,"{""code"":""43.99"",""description"":""Работы строительные специализированные прочие, не включенные в другие группировки""}"
53b98f17-76f4-580e-a522-93f3b9364e70,2016003057,2016003057,activity,8,,,,other,,46.69,Торговля оптовая прочими машинами и оборудованием,,,,,,,,,,,,"{""code"":""46.69"",""description"":""Торговля оптовая прочими машинами и оборудованием""}"
53b98f17-76f4-580e-a522-93f3b9364e70,2016003057,2016003057,activity,9,,,,other,,46.73.3,Торговля оптовая санитарно-техническим оборудованием,,,,,,,,,,,,"{""code"":""46.73.3"",""description"":""Торговля оптовая санитарно-техническим оборудованием""}"
53b98f17-76f4-580e-a522-93f3b9364e70,2016003057,2016003057,activity,10,,,,other,,46.73.6,Торговля оптовая прочими строительными материалами и изделиями,,,,,,,,,,,,"{""code"":""46.73.6"",""description"":""Торговля оптовая прочими строительными материалами и изделиями""}"
53b98f17-76f4-580e-a522-93f3b9364e70,2016003057,2016003057,activity,11,,,,other,,47.53.3,Торговля розничная обоями и напольными покрытиями в специализированных магазинах,,,,,,,,,,,,"{""code"":""47.53.3"",""description"":""Торговля розничная обоями и напольными покрытиями в специализированных магазинах""}"
53b98f17-76f4-580e-a522-93f3b9364e70,2016003057,2016003057,activity,12,,,,other,,64.91,Деятельность по финансовой аренде (лизингу/сублизингу),,,,,,,,,,,,"{""code"":""64.91"",""description"":""Деятельность по финансовой аренде (лизингу/сублизингу)""}"
53b98f17-76f4-580e-a522-93f3b9364e70,2016003057,2016003057,activity,13,,,,other,,71.20.6,"Экспертиза проектной документации, запасов полезных ископаемых и подземных вод, геологической информации о предоставляемых в пользование участках недр, результатов инженерных изысканий",,,,,,,,,,,,"{""code"":""71.20.6"",""description"":""Экспертиза проектной документации, запасов полезных ископаемых и подземных вод, геологической информации о предоставляемых в пользование участках недр, результатов инженерных изысканий""}"
53b98f17-76f4-580e-a522-93f3b9364e70,2016003057,2016003057,activity,14,,,,other,,33.20,Монтаж промышленных машин и оборудования,,,,,,,,,,,,"{""code"":""33.20"",""description"":""Монтаж промышленных машин и оборудования""}"
53b98f17-76f4-580e-a522-93f3b9364e70,2016003057,2016003057,activity,15,,,,other,,46.49,Торговля оптовая прочими бытовыми товарами,,,,,,,,,,,,"{""code"":""46.49"",""description"":""Торговля оптовая прочими бытовыми товарами""}"
53b98f17-76f4-580e-a522-93f3b9364e70,2016003057,2016003057,activity,16,,,,other,,46.73.4,Торговля оптовая лакокрасочными материалами,,,,,,,,,,,,"{""code"":""46.73.4"",""description"":""Торговля оптовая лакокрасочными материалами""}"
53b98f17-76f4-580e-a522-93f3b9364e70,2016003057,2016003057,activity,17,,,,other,,46.74,"Торговля оптовая скобяными изделиями, водопроводным и отопительным оборудованием и принадлежностями",,,,,,,,,,,,"{""code"":""46.74"",""description"":""Торговля оптовая скобяными изделиями, водопроводным и отопительным оборудованием и принадлежностями""}"
53b98f17-76f4-580e-a522-93f3b9364e70,2016003057,2016003057,activity,18,,,,other,,64.92,Предоставление займов и прочих видов кредита,,,,,,,,,,,,"{""code"":""64.92"",""description"":""Предоставление займов и прочих видов кредита""}"
53b98f17-76f4-580e-a522-93f3b9364e70,2016003057,2016003057,activity,19,,,,other,,46.69.8,"Торговля оптовая техникой, оборудованием и инструментами, применяемыми в медицинских целях",,,,,,,,,,,,"{""code"":""46.69.8"",""description"":""Торговля оптовая техникой, оборудованием и инструментами, применяемыми в медицинских целях""}"
53b98f17-76f4-580e-a522-93f3b9364e70,2016003057,2016003057,activity,20,,,,other,,71.12,"Деятельность в области инженерных изысканий, инженерно-технического проектирования, управления проектами строительства, выполнения строительного контроля и авторского надзора, предоставление технических консультаций в этих областях",,,,,,,,,,,,"{""code"":""71.12"",""description"":""Деятельность в области инженерных изысканий, инженерно-технического проектирования, управления проектами строительства, выполнения строительного контроля и авторского надзора, предоставление технических консультаций в этих областях""}"
53b98f17-76f4-580e-a522-93f3b9364e70,2016003057,2016003057,activity,21,,,,other,,81.30,Деятельность по благоустройству ландшафта,,,,,,,,,,,,"{""code"":""81.30"",""description"":""Деятельность по благоустройству ландшафта""}"
53b98f17-76f4-580e-a522-93f3b9364e70,2016003057,2016003057,activity,22,,,,other,,38.11,Сбор неопасных отходов,,,,,,,,,,,,"{""code"":""38.11"",""description"":""Сбор неопасных отходов""}"
53b98f17-76f4-580e-a522-93f3b9364e70,2016003057,2016003057,activity,23,,,,other,,71.11.3,Деятельность в области ландшафтной архитектуры и консультативные услуги в области архитектуры,,,,,,,,,,,,"{""code"":""71.11.3"",""description"":""Деятельность в области ландшафтной архитектуры и консультативные услуги в области архитектуры""}"
53b98f17-76f4-580e-a522-93f3b9364e70,2016003057,2016003057,activity,24,,,,other,,43.21,Производство электромонтажных работ,,,,,,,,,,,,"{""code"":""43.21"",""description"":""Производство электромонтажных работ""}"
53b98f17-76f4-580e-a522-93f3b9364e70,2016003057,2016003057,activity,25,,,,other,,77.32,Аренда и лизинг строительных машин и оборудования,,,,,,,,,,,,"{""code"":""77.32"",""description"":""Аренда и лизинг строительных машин и оборудования""}"
53b98f17-76f4-580e-a522-93f3b9364e70,2016003057,2016003057,activity,26,,,,other,,42.22,Строительство коммунальных объектов для обеспечения электроэнергией и телекоммуникациями,,,,,,,,,,,,"{""code"":""42.22"",""description"":""Строительство коммунальных объектов для обеспечения электроэнергией и телекоммуникациями""}"
53b98f17-76f4-580e-a522-93f3b9364e70,2016003057,2016003057,activity,27,,,,other,,42.13,Строительство мостов и тоннелей,,,,,,,,,,,,"{""code"":""42.13"",""description"":""Строительство мостов и тоннелей""}"
53b98f17-76f4-580e-a522-93f3b9364e70,2016003057,2016003057,activity,28,,,,other,,49.41.3,Аренда грузового автомобильного транспорта с водителем,,,,,,,,,,,,"{""code"":""49.41.3"",""description"":""Аренда грузового автомобильного транспорта с водителем""}"
53b98f17-76f4-580e-a522-93f3b9364e70,2016003057,2016003057,activity,29,,,,other,,33.19,Ремонт прочего оборудования,,,,,,,,,,,,"{""code"":""33.19"",""description"":""Ремонт прочего оборудования""}"
53b98f17-76f4-580e-a522-93f3b9364e70,2016003057,2016003057,activity,30,,,,other,,71.11,Деятельность в области архитектуры,,,,,,,,,,,,"{""code"":""71.11"",""description"":""Деятельность в области архитектуры""}"
53b98f17-76f4-580e-a522-93f3b9364e70,2016003057,2016003057,activity,31,,,,other,,43.12.3,Производство земляных работ,,,,,,,,,,,,"{""code"":""43.12.3"",""description"":""Производство земляных работ""}"
53b98f17-76f4-580e-a522-93f3b9364e70,2016003057,2016003057,activity,32,,,,other,,41.10,Разработка строительных проектов,,,,,,,,,,,,"{""code"":""41.10"",""description"":""Разработка строительных проектов""}"
53b98f17-76f4-580e-a522-93f3b9364e70,2016003057,2016003057,activity,33,,,,other,,42.11,Строительство автомобильных дорог и автомагистралей,,,,,,,,,,,,"{""code"":""42.11"",""description"":""Строительство автомобильных дорог и автомагистралей""}"
53b98f17-76f4-580e-a522-93f3b9364e70,2016003057,2016003057,activity,34,,,,other,,43.22,"Производство санитарно-технических работ, монтаж отопительных систем и систем кондиционирования воздуха",,,,,,,,,,,,"{""code"":""43.22"",""description"":""Производство санитарно-технических работ, монтаж отопительных систем и систем кондиционирования воздуха""}"
53b98f17-76f4-580e-a522-93f3b9364e70,2016003057,2016003057,activity,35,,,,other,,43.99.5,Работы по монтажу стальных строительных конструкций,,,,,,,,,,,,"{""code"":""43.99.5"",""description"":""Работы по монтажу стальных строительных конструкций""}"
53b98f17-76f4-580e-a522-93f3b9364e70,2016003057,2016003057,activity,36,,,,other,,42.22.1,Строительство междугородних линий электропередачи и связи,,,,,,,,,,,,"{""code"":""42.22.1"",""description"":""Строительство междугородних линий электропередачи и связи""}"
53b98f17-76f4-580e-a522-93f3b9364e70,2016003057,2016003057,activity,37,,,,other,,43.12.1,Расчистка территории строительной площадки,,,,,,,,,,,,"{""code"":""43.12.1"",""description"":""Расчистка территории строительной площадки""}"
53b98f17-76f4-580e-a522-93f3b9364e70,2016003057,2016003057,activity,38,,,,other,,43.11,Разборка и снос зданий,,,,,,,,,,,,"{""code"":""43.11"",""description"":""Разборка и снос зданий""}"
53b98f17-76f4-580e-a522-93f3b9364e70,2016003057,2016003057,activity,39,,,,other,,42.21,"Строительство инженерных коммуникаций для водоснабжения и водоотведения, газоснабжения",,,,,,,,,,,,"{""code"":""42.21"",""description"":""Строительство инженерных коммуникаций для водоснабжения и водоотведения, газоснабжения""}"
53b98f17-76f4-580e-a522-93f3b9364e70,2016003057,2016003057,activity,40,,,,other,,42.91.2,Строительство гидротехнических сооружений,,,,,,,,,,,,"{""code"":""42.91.2"",""description"":""Строительство гидротехнических сооружений""}"
53b98f17-76f4-580e-a522-93f3b9364e70,2016003057,2016003057,activity,41,,,,other,,42.99,"Строительство прочих инженерных сооружений, не включенных в другие группировки",,,,,,,,,,,,"{""code"":""42.99"",""description"":""Строительство прочих инженерных сооружений, не включенных в другие группировки""}"
53b98f17-76f4-580e-a522-93f3b9364e70,2016003057,2016003057,activity,42,,,,other,,46.43.1,Торговля оптовая электрической бытовой техникой,,,,,,,,,,,,"{""code"":""46.43.1"",""description"":""Торговля оптовая электрической бытовой техникой""}"
53b98f17-76f4-580e-a522-93f3b9364e70,2016003057,2016003057,activity,43,,,,other,,46.14.9,Деятельность агентов по оптовой торговле прочими видами машин и промышленным оборудованием,,,,,,,,,,,,"{""code"":""46.14.9"",""description"":""Деятельность агентов по оптовой торговле прочими видами машин и промышленным оборудованием""}"
53b98f17-76f4-580e-a522-93f3b9364e70,2016003057,2016003057,activity,44,,,,other,,23.61,Производство изделий из бетона для использования в строительстве,,,,,,,,,,,,"{""code"":""23.61"",""description"":""Производство изделий из бетона для использования в строительстве""}"
53b98f17-76f4-580e-a522-93f3b9364e70,2016003057,2016003057,activity,45,,,,other,,46.61,"Торговля оптовая машинами, оборудованием и инструментами для сельского хозяйства",,,,,,,,,,,,"{""code"":""46.61"",""description"":""Торговля оптовая машинами, оборудованием и инструментами для сельского хозяйства""}"
53b98f17-76f4-580e-a522-93f3b9364e70,2016003057,2016003057,activity,46,,,,other,,46.63,Торговля оптовая машинами и оборудованием для добычи полезных ископаемых и строительства,,,,,,,,,,,,"{""code"":""46.63"",""description"":""Торговля оптовая машинами и оборудованием для добычи полезных ископаемых и строительства""}"
53b98f17-76f4-580e-a522-93f3b9364e70,2016003057,2016003057,activity,47,,,,other,,71.20.62,Экспертиза проектной документации и результатов инженерных изысканий негосударственная,,,,,,,,,,,,"{""code"":""71.20.62"",""description"":""Экспертиза проектной документации и результатов инженерных изысканий негосударственная""}"
53b98f17-76f4-580e-a522-93f3b9364e70,2016003057,2016003057,activity,48,,,,other,,61.10,Деятельность в области связи на базе проводных технологий,,,,,,,,,,,,"{""code"":""61.10"",""description"":""Деятельность в области связи на базе проводных технологий""}"
53b98f17-76f4-580e-a522-93f3b9364e70,2016003057,2016003057,activity,49,,,,other,,46.62,Торговля оптовая станками,,,,,,,,,,,,"{""code"":""46.62"",""description"":""Торговля оптовая станками""}"
53b98f17-76f4-580e-a522-93f3b9364e70,2016003057,2016003057,activity,50,,,,other,,46.44.1,Торговля оптовая изделиями из керамики и стекла,,,,,,,,,,,,"{""code"":""46.44.1"",""description"":""Торговля оптовая изделиями из керамики и стекла""}"
53b98f17-76f4-580e-a522-93f3b9364e70,2016003057,2016003057,activity,51,,,,other,,46.90,Торговля оптовая неспециализированная,,,,,,,,,,,,"{""code"":""46.90"",""description"":""Торговля оптовая неспециализированная""}"
53b98f17-76f4-580e-a522-93f3b9364e70,2016003057,2016003057,activity,52,,,,other,,46.44,Торговля оптовая изделиями из керамики и стекла и чистящими средствами,,,,,,,,,,,,"{""code"":""46.44"",""description"":""Торговля оптовая изделиями из керамики и стекла и чистящими средствами""}"
53b98f17-76f4-580e-a522-93f3b9364e70,2016003057,2016003057,activity,53,,,,other,,46.74.3,Торговля оптовая ручными инструментами,,,,,,,,,,,,"{""code"":""46.74.3"",""description"":""Торговля оптовая ручными инструментами""}"
53b98f17-76f4-580e-a522-93f3b9364e70,2016003057,2016003057,activity,54,,,,other,,41.20,Строительство жилых и нежилых зданий,,,,,,,,,,,,"{""code"":""41.20"",""description"":""Строительство жилых и нежилых зданий""}"
53b98f17-76f4-580e-a522-93f3b9364e70,2016003057,2016003057,phone,0,,,,phone,,,,,,,,,,,962,6555898,,,"{""phoneCode"":""962"",""phoneNumber"":""6555898""}"
53b98f17-76f4-580e-a522-93f3b9364e70,2016003057,2016003057,tax_system,0,Общая система налогообложения,,,tax_system,,ОСНО,,,,,,,,,,,,,"{""fullName"":""Общая система налогообложения"",""shortName"":""ОСНО""}"
dc4fc3b7-555c-5dfd-b5de-bef076b0b4c9,2901324364,2901324364,founder,0,СУЛТАНОВ СЕРГЕЙ НИКОЛАЕВИЧ,290121881300,,founder,,,,100,10000,2026-04-05T21:00:00.000Z,True,,,,,,,,"{""name"":""СУЛТАНОВ СЕРГЕЙ НИКОЛАЕВИЧ"",""inn"":""290121881300"",""amount"":10000,""share"":100,""dateFrom"":{""$date"":""2026-04-05T21:00:00.000Z""},""active"":true}"
dc4fc3b7-555c-5dfd-b5de-bef076b0b4c9,2901324364,2901324364,director,0,СУЛТАНОВ СЕРГЕЙ НИКОЛАЕВИЧ,290121881300,,director,ГЕНЕРАЛЬНЫЙ ДИРЕКТОР,,,,,2026-04-05T21:00:00.000Z,,,,,,,,,"{""name"":""СУЛТАНОВ СЕРГЕЙ НИКОЛАЕВИЧ"",""positionName"":""ГЕНЕРАЛЬНЫЙ ДИРЕКТОР"",""inn"":""290121881300"",""positionDate"":{""$date"":""2026-04-05T21:00:00.000Z""}}"
dc4fc3b7-555c-5dfd-b5de-bef076b0b4c9,2901324364,2901324364,related_company,0,"ООО ""ПАРТНЁРЫ""",2901183226,1082901010191,related_company,,,,,,,,2008-09-03T20:00:00.000Z,,,,,СУЛТАНОВ СЕРГЕЙ НИКОЛАЕВИЧ,ДИРЕКТОР,"{""inn"":""2901183226"",""ogrn"":""1082901010191"",""name"":""ООО \""ПАРТНЁРЫ\"""",""registrationDate"":{""$date"":""2008-09-03T20:00:00.000Z""},""authPersonName"":""СУЛТАНОВ СЕРГЕЙ НИКОЛАЕВИЧ"",""authPersonPosition"":""ДИРЕКТОР""}"
dc4fc3b7-555c-5dfd-b5de-bef076b0b4c9,2901324364,2901324364,activity,0,,,,main,,32.50,Производство медицинских инструментов и оборудования,,,,,,,,,,,,"{""code"":""32.50"",""description"":""Производство медицинских инструментов и оборудования""}"
dc4fc3b7-555c-5dfd-b5de-bef076b0b4c9,2901324364,2901324364,activity,1,,,,other,,33.17,Ремонт и техническое обслуживание прочих транспортных средств и оборудования,,,,,,,,,,,,"{""code"":""33.17"",""description"":""Ремонт и техническое обслуживание прочих транспортных средств и оборудования""}"
dc4fc3b7-555c-5dfd-b5de-bef076b0b4c9,2901324364,2901324364,activity,2,,,,other,,33.19,Ремонт прочего оборудования,,,,,,,,,,,,"{""code"":""33.19"",""description"":""Ремонт прочего оборудования""}"
dc4fc3b7-555c-5dfd-b5de-bef076b0b4c9,2901324364,2901324364,activity,3,,,,other,,33.12,Ремонт машин и оборудования,,,,,,,,,,,,"{""code"":""33.12"",""description"":""Ремонт машин и оборудования""}"
dc4fc3b7-555c-5dfd-b5de-bef076b0b4c9,2901324364,2901324364,activity,4,,,,other,,46.46,Торговля оптовая фармацевтической продукцией,,,,,,,,,,,,"{""code"":""46.46"",""description"":""Торговля оптовая фармацевтической продукцией""}"
dc4fc3b7-555c-5dfd-b5de-bef076b0b4c9,2901324364,2901324364,activity,5,,,,other,,33.13,Ремонт электронного и оптического оборудования,,,,,,,,,,,,"{""code"":""33.13"",""description"":""Ремонт электронного и оптического оборудования""}"
dc4fc3b7-555c-5dfd-b5de-bef076b0b4c9,2901324364,2901324364,tax_system,0,Упрощенная система налогообложения,,,tax_system,,УСН,,,,,,,,,,,,,"{""fullName"":""Упрощенная система налогообложения"",""shortName"":""УСН""}"
0fd23bf1-0dc8-574b-aa4d-3f806474df2f,4000036100,4000036100,founder,0,РЫЖОВ АЛЕКСАНДР ВЛАДИМИРОВИЧ,402708835851,,founder,,,,100,10000,2026-04-15T21:00:00.000Z,True,,,,,,,,"{""name"":""РЫЖОВ АЛЕКСАНДР ВЛАДИМИРОВИЧ"",""inn"":""402708835851"",""amount"":10000,""share"":100,""dateFrom"":{""$date"":""2026-04-15T21:00:00.000Z""},""active"":true}"
0fd23bf1-0dc8-574b-aa4d-3f806474df2f,4000036100,4000036100,director,0,РЫЖОВ АЛЕКСАНДР ВЛАДИМИРОВИЧ,402708835851,,director,ГЕНЕРАЛЬНЫЙ ДИРЕКТОР,,,,,2026-04-15T21:00:00.000Z,,,,,,,,,"{""name"":""РЫЖОВ АЛЕКСАНДР ВЛАДИМИРОВИЧ"",""positionName"":""ГЕНЕРАЛЬНЫЙ ДИРЕКТОР"",""inn"":""402708835851"",""positionDate"":{""$date"":""2026-04-15T21:00:00.000Z""}}"
0fd23bf1-0dc8-574b-aa4d-3f806474df2f,4000036100,4000036100,activity,0,,,,main,,41.20,Строительство жилых и нежилых зданий,,,,,,,,,,,,"{""code"":""41.20"",""description"":""Строительство жилых и нежилых зданий""}"
0fd23bf1-0dc8-574b-aa4d-3f806474df2f,4000036100,4000036100,activity,1,,,,other,,43.12,Подготовка строительной площадки,,,,,,,,,,,,"{""code"":""43.12"",""description"":""Подготовка строительной площадки""}"
0fd23bf1-0dc8-574b-aa4d-3f806474df2f,4000036100,4000036100,activity,2,,,,other,,43.29,Производство прочих строительно-монтажных работ,,,,,,,,,,,,"{""code"":""43.29"",""description"":""Производство прочих строительно-монтажных работ""}"
0fd23bf1-0dc8-574b-aa4d-3f806474df2f,4000036100,4000036100,activity,3,,,,other,,38.21,Обработка и утилизация неопасных отходов,,,,,,,,,,,,"{""code"":""38.21"",""description"":""Обработка и утилизация неопасных отходов""}"
0fd23bf1-0dc8-574b-aa4d-3f806474df2f,4000036100,4000036100,activity,4,,,,other,,42.99,"Строительство прочих инженерных сооружений, не включенных в другие группировки",,,,,,,,,,,,"{""code"":""42.99"",""description"":""Строительство прочих инженерных сооружений, не включенных в другие группировки""}"
0fd23bf1-0dc8-574b-aa4d-3f806474df2f,4000036100,4000036100,activity,5,,,,other,,62.01,Разработка компьютерного программного обеспечения,,,,,,,,,,,,"{""code"":""62.01"",""description"":""Разработка компьютерного программного обеспечения""}"
0fd23bf1-0dc8-574b-aa4d-3f806474df2f,4000036100,4000036100,activity,6,,,,other,,43.34,Производство малярных и стекольных работ,,,,,,,,,,,,"{""code"":""43.34"",""description"":""Производство малярных и стекольных работ""}"
0fd23bf1-0dc8-574b-aa4d-3f806474df2f,4000036100,4000036100,activity,7,,,,other,,43.91,Производство кровельных работ,,,,,,,,,,,,"{""code"":""43.91"",""description"":""Производство кровельных работ""}"
0fd23bf1-0dc8-574b-aa4d-3f806474df2f,4000036100,4000036100,activity,8,,,,other,,43.21,Производство электромонтажных работ,,,,,,,,,,,,"{""code"":""43.21"",""description"":""Производство электромонтажных работ""}"
0fd23bf1-0dc8-574b-aa4d-3f806474df2f,4000036100,4000036100,activity,9,,,,other,,45.20,Техническое обслуживание и ремонт автотранспортных средств,,,,,,,,,,,,"{""code"":""45.20"",""description"":""Техническое обслуживание и ремонт автотранспортных средств""}"
0fd23bf1-0dc8-574b-aa4d-3f806474df2f,4000036100,4000036100,activity,10,,,,other,,52.29,"Деятельность вспомогательная прочая, связанная с перевозками",,,,,,,,,,,,"{""code"":""52.29"",""description"":""Деятельность вспомогательная прочая, связанная с перевозками""}"
0fd23bf1-0dc8-574b-aa4d-3f806474df2f,4000036100,4000036100,activity,11,,,,other,,62.03,Деятельность по управлению компьютерным оборудованием,,,,,,,,,,,,"{""code"":""62.03"",""description"":""Деятельность по управлению компьютерным оборудованием""}"
0fd23bf1-0dc8-574b-aa4d-3f806474df2f,4000036100,4000036100,activity,12,,,,other,,49.32,Деятельность легкового такси и арендованных легковых автомобилей с водителем,,,,,,,,,,,,"{""code"":""49.32"",""description"":""Деятельность легкового такси и арендованных легковых автомобилей с водителем""}"
0fd23bf1-0dc8-574b-aa4d-3f806474df2f,4000036100,4000036100,activity,13,,,,other,,62.09,"Деятельность, связанная с использованием вычислительной техники и информационных технологий, прочая",,,,,,,,,,,,"{""code"":""62.09"",""description"":""Деятельность, связанная с использованием вычислительной техники и информационных технологий, прочая""}"
0fd23bf1-0dc8-574b-aa4d-3f806474df2f,4000036100,4000036100,activity,14,,,,other,,47.78,Торговля розничная прочая в специализированных магазинах,,,,,,,,,,,,"{""code"":""47.78"",""description"":""Торговля розничная прочая в специализированных магазинах""}"
0fd23bf1-0dc8-574b-aa4d-3f806474df2f,4000036100,4000036100,activity,15,,,,other,,96.09,"Предоставление прочих персональных услуг, не включенных в другие группировки",,,,,,,,,,,,"{""code"":""96.09"",""description"":""Предоставление прочих персональных услуг, не включенных в другие группировки""}"
0fd23bf1-0dc8-574b-aa4d-3f806474df2f,4000036100,4000036100,activity,16,,,,other,,81.22,Деятельность по чистке и уборке жилых зданий и нежилых помещений прочая,,,,,,,,,,,,"{""code"":""81.22"",""description"":""Деятельность по чистке и уборке жилых зданий и нежилых помещений прочая""}"
0fd23bf1-0dc8-574b-aa4d-3f806474df2f,4000036100,4000036100,activity,17,,,,other,,49.41,Деятельность автомобильного грузового транспорта,,,,,,,,,,,,"{""code"":""49.41"",""description"":""Деятельность автомобильного грузового транспорта""}"
0fd23bf1-0dc8-574b-aa4d-3f806474df2f,4000036100,4000036100,activity,18,,,,other,,49.42,Предоставление услуг по перевозкам,,,,,,,,,,,,"{""code"":""49.42"",""description"":""Предоставление услуг по перевозкам""}"
0fd23bf1-0dc8-574b-aa4d-3f806474df2f,4000036100,4000036100,activity,19,,,,other,,77.32,Аренда и лизинг строительных машин и оборудования,,,,,,,,,,,,"{""code"":""77.32"",""description"":""Аренда и лизинг строительных машин и оборудования""}"
0fd23bf1-0dc8-574b-aa4d-3f806474df2f,4000036100,4000036100,activity,20,,,,other,,41.10,Разработка строительных проектов,,,,,,,,,,,,"{""code"":""41.10"",""description"":""Разработка строительных проектов""}"
0fd23bf1-0dc8-574b-aa4d-3f806474df2f,4000036100,4000036100,activity,21,,,,other,,38.11,Сбор неопасных отходов,,,,,,,,,,,,"{""code"":""38.11"",""description"":""Сбор неопасных отходов""}"
0fd23bf1-0dc8-574b-aa4d-3f806474df2f,4000036100,4000036100,activity,22,,,,other,,43.39,Производство прочих отделочных и завершающих работ,,,,,,,,,,,,"{""code"":""43.39"",""description"":""Производство прочих отделочных и завершающих работ""}"
0fd23bf1-0dc8-574b-aa4d-3f806474df2f,4000036100,4000036100,activity,23,,,,other,,43.11,Разборка и снос зданий,,,,,,,,,,,,"{""code"":""43.11"",""description"":""Разборка и снос зданий""}"
0fd23bf1-0dc8-574b-aa4d-3f806474df2f,4000036100,4000036100,tax_system,0,Общая система налогообложения,,,tax_system,,ОСНО,,,,,,,,,,,,,"{""fullName"":""Общая система налогообложения"",""shortName"":""ОСНО""}"
7a6ab209-4410-550a-9081-70e530733010,234701002417,234701002417,activity,0,,,,main,,01.11,"Выращивание зерновых (кроме риса), зернобобовых культур и семян масличных культур",,,,,,,,,,,,"{""code"":""01.11"",""description"":""Выращивание зерновых (кроме риса), зернобобовых культур и семян масличных культур""}"
7a6ab209-4410-550a-9081-70e530733010,234701002417,234701002417,activity,1,,,,other,,10.4,Производство растительных и животных масел и жиров,,,,,,,,,,,,"{""code"":""10.4"",""description"":""Производство растительных и животных масел и жиров""}"
7a6ab209-4410-550a-9081-70e530733010,234701002417,234701002417,activity,2,,,,other,,01.61,Предоставление услуг в области растениеводства,,,,,,,,,,,,"{""code"":""01.61"",""description"":""Предоставление услуг в области растениеводства""}"
7a6ab209-4410-550a-9081-70e530733010,234701002417,234701002417,activity,3,,,,other,,01.1,Выращивание однолетних культур,,,,,,,,,,,,"{""code"":""01.1"",""description"":""Выращивание однолетних культур""}"
ed82f286-1433-5597-9312-937db588a912,505305266801,505305266801,related_company,0,"ООО ""ПРОТОН""",9728176422,1267700254018,related_company,,,,,,,,2026-07-27T21:00:00.000Z,,,,,ПОГОНИН АЛЕКСЕЙ АЛЕКСАНДРОВИЧ,ГЕНЕРАЛЬНЫЙ ДИРЕКТОР,"{""inn"":""9728176422"",""ogrn"":""1267700254018"",""name"":""ООО \""ПРОТОН\"""",""registrationDate"":{""$date"":""2026-07-27T21:00:00.000Z""},""authPersonName"":""ПОГОНИН АЛЕКСЕЙ АЛЕКСАНДРОВИЧ"",""authPersonPosition"":""ГЕНЕРАЛЬНЫЙ ДИРЕКТОР""}"
ed82f286-1433-5597-9312-937db588a912,505305266801,505305266801,activity,0,,,,main,,43.39,Производство прочих отделочных и завершающих работ,,,,,,,,,,,,"{""code"":""43.39"",""description"":""Производство прочих отделочных и завершающих работ""}"
ed82f286-1433-5597-9312-937db588a912,505305266801,505305266801,activity,1,,,,other,,46.90,Торговля оптовая неспециализированная,,,,,,,,,,,,"{""code"":""46.90"",""description"":""Торговля оптовая неспециализированная""}"
ed82f286-1433-5597-9312-937db588a912,505305266801,505305266801,activity,2,,,,other,,46.69,Торговля оптовая прочими машинами и оборудованием,,,,,,,,,,,,"{""code"":""46.69"",""description"":""Торговля оптовая прочими машинами и оборудованием""}"
ed82f286-1433-5597-9312-937db588a912,505305266801,505305266801,activity,3,,,,other,,63.91,Деятельность информационных агентств,,,,,,,,,,,,"{""code"":""63.91"",""description"":""Деятельность информационных агентств""}"
ed82f286-1433-5597-9312-937db588a912,505305266801,505305266801,activity,4,,,,other,,46.15,"Деятельность агентов по оптовой торговле мебелью, бытовыми товарами, скобяными, ножевыми и прочими металлическими изделиями",,,,,,,,,,,,"{""code"":""46.15"",""description"":""Деятельность агентов по оптовой торговле мебелью, бытовыми товарами, скобяными, ножевыми и прочими металлическими изделиями""}"
ed82f286-1433-5597-9312-937db588a912,505305266801,505305266801,activity,5,,,,other,,46.49,Торговля оптовая прочими бытовыми товарами,,,,,,,,,,,,"{""code"":""46.49"",""description"":""Торговля оптовая прочими бытовыми товарами""}"
ed82f286-1433-5597-9312-937db588a912,505305266801,505305266801,activity,6,,,,other,,46.19,Деятельность агентов по оптовой торговле универсальным ассортиментом товаров,,,,,,,,,,,,"{""code"":""46.19"",""description"":""Деятельность агентов по оптовой торговле универсальным ассортиментом товаров""}"
ed82f286-1433-5597-9312-937db588a912,505305266801,505305266801,activity,7,,,,other,,78.10,Деятельность агентств по подбору персонала,,,,,,,,,,,,"{""code"":""78.10"",""description"":""Деятельность агентств по подбору персонала""}"
ed82f286-1433-5597-9312-937db588a912,505305266801,505305266801,activity,8,,,,other,,46.14,"Деятельность агентов по оптовой торговле машинами, промышленным оборудованием, судами и летательными аппаратами",,,,,,,,,,,,"{""code"":""46.14"",""description"":""Деятельность агентов по оптовой торговле машинами, промышленным оборудованием, судами и летательными аппаратами""}"
ed82f286-1433-5597-9312-937db588a912,505305266801,505305266801,activity,9,,,,other,,49.41,Деятельность автомобильного грузового транспорта,,,,,,,,,,,,"{""code"":""49.41"",""description"":""Деятельность автомобильного грузового транспорта""}"
d191f008-1f97-52da-a3c6-9f836af0ce7a,592061218009,592061218009,activity,0,,,,main,,41.20,Строительство жилых и нежилых зданий,,,,,,,,,,,,"{""code"":""41.20"",""description"":""Строительство жилых и нежилых зданий""}"
d191f008-1f97-52da-a3c6-9f836af0ce7a,592061218009,592061218009,activity,1,,,,other,,43.39,Производство прочих отделочных и завершающих работ,,,,,,,,,,,,"{""code"":""43.39"",""description"":""Производство прочих отделочных и завершающих работ""}"
d191f008-1f97-52da-a3c6-9f836af0ce7a,592061218009,592061218009,activity,2,,,,other,,43.91,Производство кровельных работ,,,,,,,,,,,,"{""code"":""43.91"",""description"":""Производство кровельных работ""}"
d191f008-1f97-52da-a3c6-9f836af0ce7a,592061218009,592061218009,activity,3,,,,other,,41.10,Разработка строительных проектов,,,,,,,,,,,,"{""code"":""41.10"",""description"":""Разработка строительных проектов""}"
d191f008-1f97-52da-a3c6-9f836af0ce7a,592061218009,592061218009,activity,4,,,,other,,43.11,Разборка и снос зданий,,,,,,,,,,,,"{""code"":""43.11"",""description"":""Разборка и снос зданий""}"
d191f008-1f97-52da-a3c6-9f836af0ce7a,592061218009,592061218009,activity,5,,,,other,,43.21,Производство электромонтажных работ,,,,,,,,,,,,"{""code"":""43.21"",""description"":""Производство электромонтажных работ""}"
d191f008-1f97-52da-a3c6-9f836af0ce7a,592061218009,592061218009,activity,6,,,,other,,68.10,Покупка и продажа собственного недвижимого имущества,,,,,,,,,,,,"{""code"":""68.10"",""description"":""Покупка и продажа собственного недвижимого имущества""}"
d191f008-1f97-52da-a3c6-9f836af0ce7a,592061218009,592061218009,activity,7,,,,other,,43.32,Работы столярные и плотничные,,,,,,,,,,,,"{""code"":""43.32"",""description"":""Работы столярные и плотничные""}"
d191f008-1f97-52da-a3c6-9f836af0ce7a,592061218009,592061218009,activity,8,,,,other,,43.12,Подготовка строительной площадки,,,,,,,,,,,,"{""code"":""43.12"",""description"":""Подготовка строительной площадки""}"
d191f008-1f97-52da-a3c6-9f836af0ce7a,592061218009,592061218009,activity,9,,,,other,,43.22,"Производство санитарно-технических работ, монтаж отопительных систем и систем кондиционирования воздуха",,,,,,,,,,,,"{""code"":""43.22"",""description"":""Производство санитарно-технических работ, монтаж отопительных систем и систем кондиционирования воздуха""}"
d191f008-1f97-52da-a3c6-9f836af0ce7a,592061218009,592061218009,activity,10,,,,other,,70.22,Консультирование по вопросам коммерческой деятельности и управления,,,,,,,,,,,,"{""code"":""70.22"",""description"":""Консультирование по вопросам коммерческой деятельности и управления""}"
d191f008-1f97-52da-a3c6-9f836af0ce7a,592061218009,592061218009,activity,11,,,,other,,43.31,Производство штукатурных работ,,,,,,,,,,,,"{""code"":""43.31"",""description"":""Производство штукатурных работ""}"
d191f008-1f97-52da-a3c6-9f836af0ce7a,592061218009,592061218009,activity,12,,,,other,,43.29,Производство прочих строительно-монтажных работ,,,,,,,,,,,,"{""code"":""43.29"",""description"":""Производство прочих строительно-монтажных работ""}"
d191f008-1f97-52da-a3c6-9f836af0ce7a,592061218009,592061218009,activity,13,,,,other,,69.10,Деятельность в области права,,,,,,,,,,,,"{""code"":""69.10"",""description"":""Деятельность в области права""}"
d191f008-1f97-52da-a3c6-9f836af0ce7a,592061218009,592061218009,activity,14,,,,other,,43.99,"Работы строительные специализированные прочие, не включенные в другие группировки",,,,,,,,,,,,"{""code"":""43.99"",""description"":""Работы строительные специализированные прочие, не включенные в другие группировки""}"
d191f008-1f97-52da-a3c6-9f836af0ce7a,592061218009,592061218009,activity,15,,,,other,,43.34,Производство малярных и стекольных работ,,,,,,,,,,,,"{""code"":""43.34"",""description"":""Производство малярных и стекольных работ""}"
d191f008-1f97-52da-a3c6-9f836af0ce7a,592061218009,592061218009,activity,16,,,,other,,63.99.1,Деятельность по оказанию консультационных и информационных услуг,,,,,,,,,,,,"{""code"":""63.99.1"",""description"":""Деятельность по оказанию консультационных и информационных услуг""}"
d191f008-1f97-52da-a3c6-9f836af0ce7a,592061218009,592061218009,activity,17,,,,other,,43.33,Работы по устройству покрытий полов и облицовке стен,,,,,,,,,,,,"{""code"":""43.33"",""description"":""Работы по устройству покрытий полов и облицовке стен""}"
d191f008-1f97-52da-a3c6-9f836af0ce7a,592061218009,592061218009,activity,18,,,,other,,70.21,Деятельность в сфере связей с общественностью,,,,,,,,,,,,"{""code"":""70.21"",""description"":""Деятельность в сфере связей с общественностью""}"
8313dc1e-d5b1-587e-8aa2-7533bd3d6d2e,7708332207,7708332207,founder,0,ИСМАИЛОВ САРКАР АМИР ОГЛЫ,775187872962,,founder,,,,100,10000,2026-04-15T21:00:00.000Z,True,,,,,,,,"{""name"":""ИСМАИЛОВ САРКАР АМИР ОГЛЫ"",""inn"":""775187872962"",""amount"":10000,""share"":100,""dateFrom"":{""$date"":""2026-04-15T21:00:00.000Z""},""active"":true}"
8313dc1e-d5b1-587e-8aa2-7533bd3d6d2e,7708332207,7708332207,director,0,ИСМАИЛОВ САРКАР АМИР ОГЛЫ,775187872962,,director,ГЕНЕРАЛЬНЫЙ ДИРЕКТОР,,,,,2026-04-15T21:00:00.000Z,,,,,,,,,"{""name"":""ИСМАИЛОВ САРКАР АМИР ОГЛЫ"",""positionName"":""ГЕНЕРАЛЬНЫЙ ДИРЕКТОР"",""inn"":""775187872962"",""positionDate"":{""$date"":""2026-04-15T21:00:00.000Z""}}"
8313dc1e-d5b1-587e-8aa2-7533bd3d6d2e,7708332207,7708332207,activity,0,,,,main,,46.31,Торговля оптовая фруктами и овощами,,,,,,,,,,,,"{""code"":""46.31"",""description"":""Торговля оптовая фруктами и овощами""}"
8313dc1e-d5b1-587e-8aa2-7533bd3d6d2e,7708332207,7708332207,activity,1,,,,other,,46.49,Торговля оптовая прочими бытовыми товарами,,,,,,,,,,,,"{""code"":""46.49"",""description"":""Торговля оптовая прочими бытовыми товарами""}"
8313dc1e-d5b1-587e-8aa2-7533bd3d6d2e,7708332207,7708332207,activity,2,,,,other,,52.21.29,"Деятельность вспомогательная прочая, связанная с автомобильным транспортом",,,,,,,,,,,,"{""code"":""52.21.29"",""description"":""Деятельность вспомогательная прочая, связанная с автомобильным транспортом""}"
8313dc1e-d5b1-587e-8aa2-7533bd3d6d2e,7708332207,7708332207,activity,3,,,,other,,52.24.2,Транспортная обработка прочих грузов,,,,,,,,,,,,"{""code"":""52.24.2"",""description"":""Транспортная обработка прочих грузов""}"
8313dc1e-d5b1-587e-8aa2-7533bd3d6d2e,7708332207,7708332207,activity,4,,,,other,,46.49.3,"Торговля оптовая книгами, газетами и журналами, писчебумажными и канцелярскими товарами",,,,,,,,,,,,"{""code"":""46.49.3"",""description"":""Торговля оптовая книгами, газетами и журналами, писчебумажными и канцелярскими товарами""}"
8313dc1e-d5b1-587e-8aa2-7533bd3d6d2e,7708332207,7708332207,activity,5,,,,other,,52.29,"Деятельность вспомогательная прочая, связанная с перевозками",,,,,,,,,,,,"{""code"":""52.29"",""description"":""Деятельность вспомогательная прочая, связанная с перевозками""}"
8313dc1e-d5b1-587e-8aa2-7533bd3d6d2e,7708332207,7708332207,activity,6,,,,other,,52.24,Транспортная обработка грузов,,,,,,,,,,,,"{""code"":""52.24"",""description"":""Транспортная обработка грузов""}"
8313dc1e-d5b1-587e-8aa2-7533bd3d6d2e,7708332207,7708332207,activity,7,,,,other,,52.21.2,"Деятельность вспомогательная, связанная с автомобильным транспортом",,,,,,,,,,,,"{""code"":""52.21.2"",""description"":""Деятельность вспомогательная, связанная с автомобильным транспортом""}"
8313dc1e-d5b1-587e-8aa2-7533bd3d6d2e,7708332207,7708332207,activity,8,,,,other,,52.24.1,Транспортная обработка контейнеров,,,,,,,,,,,,"{""code"":""52.24.1"",""description"":""Транспортная обработка контейнеров""}"
8313dc1e-d5b1-587e-8aa2-7533bd3d6d2e,7708332207,7708332207,activity,9,,,,other,,52.10,Деятельность по складированию и хранению,,,,,,,,,,,,"{""code"":""52.10"",""description"":""Деятельность по складированию и хранению""}"
8313dc1e-d5b1-587e-8aa2-7533bd3d6d2e,7708332207,7708332207,tax_system,0,Общая система налогообложения,,,tax_system,,ОСНО,,,,,,,,,,,,,"{""fullName"":""Общая система налогообложения"",""shortName"":""ОСНО""}"
4418d01c-5da6-57b7-9419-217a1db18418,620417452834,620417452834,activity,0,,,,main,,63.12,Деятельность web-порталов,,,,,,,,,,,,"{""code"":""63.12"",""description"":""Деятельность web-порталов""}"
4418d01c-5da6-57b7-9419-217a1db18418,620417452834,620417452834,activity,1,,,,other,,62.01,Разработка компьютерного программного обеспечения,,,,,,,,,,,,"{""code"":""62.01"",""description"":""Разработка компьютерного программного обеспечения""}"
82921a40-64e2-5690-897b-a95274713868,2368001703,2368001703,founder,0,ТУРОВА ЕКАТЕРИНА СЕРГЕЕВНА,230906983072,,founder,,,,50,6000,2021-05-10T21:00:00.000Z,True,,,,,,,,"{""name"":""ТУРОВА ЕКАТЕРИНА СЕРГЕЕВНА"",""inn"":""230906983072"",""amount"":6000,""share"":50,""dateFrom"":{""$date"":""2021-05-10T21:00:00.000Z""},""active"":true}"
82921a40-64e2-5690-897b-a95274713868,2368001703,2368001703,founder,1,ЗВЯГИНЦЕВА ЕЛЕНА МИХАЙЛОВНА,236800043680,,founder,,,,50,6000,2013-07-29T20:00:00.000Z,True,,,,,,,,"{""name"":""ЗВЯГИНЦЕВА ЕЛЕНА МИХАЙЛОВНА"",""inn"":""236800043680"",""amount"":6000,""share"":50,""dateFrom"":{""$date"":""2013-07-29T20:00:00.000Z""},""active"":true}"
82921a40-64e2-5690-897b-a95274713868,2368001703,2368001703,director,0,ЗАВГОРОДНЯЯ НАТАЛЬЯ АЛЕКСЕЕВНА,230300993876,,director,ДИРЕКТОР,,,,,2019-03-19T21:00:00.000Z,,,,,,,,,"{""name"":""ЗАВГОРОДНЯЯ НАТАЛЬЯ АЛЕКСЕЕВНА"",""positionName"":""ДИРЕКТОР"",""inn"":""230300993876"",""positionDate"":{""$date"":""2019-03-19T21:00:00.000Z""}}"
82921a40-64e2-5690-897b-a95274713868,2368001703,2368001703,related_company,0,"ООО ""ОРБИТА ПЛЮС""",2365033986,1242300037000,related_company,,,,,,,,2024-07-14T21:00:00.000Z,,,,,ПЕТРЕНКО НАТАЛЬЯ НИКОЛАЕВНА,ДИРЕКТОР,"{""inn"":""2365033986"",""ogrn"":""1242300037000"",""name"":""ООО \""ОРБИТА ПЛЮС\"""",""registrationDate"":{""$date"":""2024-07-14T21:00:00.000Z""},""authPersonName"":""ПЕТРЕНКО НАТАЛЬЯ НИКОЛАЕВНА"",""authPersonPosition"":""ДИРЕКТОР""}"
82921a40-64e2-5690-897b-a95274713868,2368001703,2368001703,related_company,1,"ООО ""СТРАЙК""",2368001100,1102368000558,related_company,,,,,,,,2010-04-05T20:00:00.000Z,,,,,ФЕДОТОВА ИРИНА АРКАДЬЕВНА,ДИРЕКТОР,"{""inn"":""2368001100"",""ogrn"":""1102368000558"",""name"":""ООО \""СТРАЙК\"""",""registrationDate"":{""$date"":""2010-04-05T20:00:00.000Z""},""authPersonName"":""ФЕДОТОВА ИРИНА АРКАДЬЕВНА"",""authPersonPosition"":""ДИРЕКТОР""}"
82921a40-64e2-5690-897b-a95274713868,2368001703,2368001703,related_company,2,"ООО ""СФЕРА""",2368004655,1132368001237,related_company,,,,,,,,2013-06-02T20:00:00.000Z,,,,,ФЕДОТОВА ИРИНА АРКАДЬЕВНА,ДИРЕКТОР,"{""inn"":""2368004655"",""ogrn"":""1132368001237"",""name"":""ООО \""СФЕРА\"""",""registrationDate"":{""$date"":""2013-06-02T20:00:00.000Z""},""authPersonName"":""ФЕДОТОВА ИРИНА АРКАДЬЕВНА"",""authPersonPosition"":""ДИРЕКТОР""}"
82921a40-64e2-5690-897b-a95274713868,2368001703,2368001703,related_company,3,ИП ТУРОВА ЕКАТЕРИНА СЕРГЕЕВНА,230906983072,323237500244708,related_company,,,,,,,,,,,,,,,"{""inn"":""230906983072"",""ogrn"":""323237500244708"",""name"":""ИП ТУРОВА ЕКАТЕРИНА СЕРГЕЕВНА""}"
82921a40-64e2-5690-897b-a95274713868,2368001703,2368001703,related_company,4,"ООО  ""ОРБИТА""",2368004895,1132368001974,related_company,,,,,,,,2013-08-18T20:00:00.000Z,,,,,ПЕТРЕНКО НАТАЛЬЯ НИКОЛАЕВНА,ДИРЕКТОР,"{""inn"":""2368004895"",""ogrn"":""1132368001974"",""name"":""ООО  \""ОРБИТА\"""",""registrationDate"":{""$date"":""2013-08-18T20:00:00.000Z""},""authPersonName"":""ПЕТРЕНКО НАТАЛЬЯ НИКОЛАЕВНА"",""authPersonPosition"":""ДИРЕКТОР""}"
82921a40-64e2-5690-897b-a95274713868,2368001703,2368001703,related_company,5,"ООО ""ЛОК-ВЕЛИКОВЕЧНОЕ""",2303022783,1052301302701,related_company,,,,,,,,2005-02-07T21:00:00.000Z,,,,,ПЕТРЕНКО НАТАЛЬЯ НИКОЛАЕВНА,ИСПОЛНИТЕЛЬНЫЙ ДИРЕКТОР,"{""inn"":""2303022783"",""ogrn"":""1052301302701"",""name"":""ООО \""ЛОК-ВЕЛИКОВЕЧНОЕ\"""",""registrationDate"":{""$date"":""2005-02-07T21:00:00.000Z""},""authPersonName"":""ПЕТРЕНКО НАТАЛЬЯ НИКОЛАЕВНА"",""authPersonPosition"":""ИСПОЛНИТЕЛЬНЫЙ ДИРЕКТОР""}"
82921a40-64e2-5690-897b-a95274713868,2368001703,2368001703,activity,0,,,,main,,68.1,Покупка и продажа собственного недвижимого имущества,,,,,,,,,,,,"{""code"":""68.1"",""description"":""Покупка и продажа собственного недвижимого имущества""}"
82921a40-64e2-5690-897b-a95274713868,2368001703,2368001703,activity,1,,,,other,,69,Деятельность в области права и бухгалтерского учета,,,,,,,,,,,,"{""code"":""69"",""description"":""Деятельность в области права и бухгалтерского учета""}"
82921a40-64e2-5690-897b-a95274713868,2368001703,2368001703,activity,2,,,,other,,68.2,Аренда и управление собственным или арендованным недвижимым имуществом,,,,,,,,,,,,"{""code"":""68.2"",""description"":""Аренда и управление собственным или арендованным недвижимым имуществом""}"
82921a40-64e2-5690-897b-a95274713868,2368001703,2368001703,activity,3,,,,other,,82.99,"Деятельность по предоставлению прочих вспомогательных услуг для бизнеса, не включенная в другие группировки",,,,,,,,,,,,"{""code"":""82.99"",""description"":""Деятельность по предоставлению прочих вспомогательных услуг для бизнеса, не включенная в другие группировки""}"
82921a40-64e2-5690-897b-a95274713868,2368001703,2368001703,activity,4,,,,other,,68.3,Операции с недвижимым имуществом за вознаграждение или на договорной основе,,,,,,,,,,,,"{""code"":""68.3"",""description"":""Операции с недвижимым имуществом за вознаграждение или на договорной основе""}"
82921a40-64e2-5690-897b-a95274713868,2368001703,2368001703,phone,0,,,,phone,,,,,,,,,,,918,2606858,,,"{""phoneCode"":""918"",""phoneNumber"":""2606858""}"
82921a40-64e2-5690-897b-a95274713868,2368001703,2368001703,tax_system,0,Упрощенная система налогообложения,,,tax_system,,УСН,,,,,,,,,,,,,"{""fullName"":""Упрощенная система налогообложения"",""shortName"":""УСН""}"
8ae69702-d884-54c3-8945-b1104087aefe,9721079780,9721079780,founder,0,САПИХАНОВА АЛСУ МИГДЯТОВНА,772378552083,,founder,,,,100,10000,2019-04-15T21:00:00.000Z,True,,,,,,,,"{""name"":""САПИХАНОВА АЛСУ МИГДЯТОВНА"",""inn"":""772378552083"",""amount"":10000,""share"":100,""dateFrom"":{""$date"":""2019-04-15T21:00:00.000Z""},""active"":true}"
8ae69702-d884-54c3-8945-b1104087aefe,9721079780,9721079780,director,0,ШАЙХУТДИНОВ ЭЛЬДАР РАВИЛЕВИЧ,027605837262,,director,ГЕНЕРАЛЬНЫЙ ДИРЕКТОР,,,,,2022-01-09T21:00:00.000Z,,,,,,,,,"{""name"":""ШАЙХУТДИНОВ ЭЛЬДАР РАВИЛЕВИЧ"",""positionName"":""ГЕНЕРАЛЬНЫЙ ДИРЕКТОР"",""inn"":""027605837262"",""positionDate"":{""$date"":""2022-01-09T21:00:00.000Z""}}"
8ae69702-d884-54c3-8945-b1104087aefe,9721079780,9721079780,activity,0,,,,main,,46.71.2,"Торговля оптовая моторным топливом, включая авиационный бензин",,,,,,,,,,,,"{""code"":""46.71.2"",""description"":""Торговля оптовая моторным топливом, включая авиационный бензин""}"
8ae69702-d884-54c3-8945-b1104087aefe,9721079780,9721079780,activity,1,,,,other,,46.90,Торговля оптовая неспециализированная,,,,,,,,,,,,"{""code"":""46.90"",""description"":""Торговля оптовая неспециализированная""}"
8ae69702-d884-54c3-8945-b1104087aefe,9721079780,9721079780,activity,2,,,,other,,77.12,Аренда и лизинг грузовых транспортных средств,,,,,,,,,,,,"{""code"":""77.12"",""description"":""Аренда и лизинг грузовых транспортных средств""}"
8ae69702-d884-54c3-8945-b1104087aefe,9721079780,9721079780,activity,3,,,,other,,46.71.1,Торговля оптовая твердым топливом,,,,,,,,,,,,"{""code"":""46.71.1"",""description"":""Торговля оптовая твердым топливом""}"
8ae69702-d884-54c3-8945-b1104087aefe,9721079780,9721079780,activity,4,,,,other,,46.71.4,Торговля оптовая природным (естественным) газом,,,,,,,,,,,,"{""code"":""46.71.4"",""description"":""Торговля оптовая природным (естественным) газом""}"
8ae69702-d884-54c3-8945-b1104087aefe,9721079780,9721079780,activity,5,,,,other,,49.41.1,Перевозка грузов специализированными автотранспортными средствами,,,,,,,,,,,,"{""code"":""49.41.1"",""description"":""Перевозка грузов специализированными автотранспортными средствами""}"
8ae69702-d884-54c3-8945-b1104087aefe,9721079780,9721079780,activity,6,,,,other,,46.21.1,"Торговля оптовая зерном, семенами и кормами для животных",,,,,,,,,,,,"{""code"":""46.21.1"",""description"":""Торговля оптовая зерном, семенами и кормами для животных""}"
8ae69702-d884-54c3-8945-b1104087aefe,9721079780,9721079780,activity,7,,,,other,,46.71,"Торговля оптовая твердым, жидким и газообразным топливом и подобными продуктами",,,,,,,,,,,,"{""code"":""46.71"",""description"":""Торговля оптовая твердым, жидким и газообразным топливом и подобными продуктами""}"
8ae69702-d884-54c3-8945-b1104087aefe,9721079780,9721079780,activity,8,,,,other,,49.41.3,Аренда грузового автомобильного транспорта с водителем,,,,,,,,,,,,"{""code"":""49.41.3"",""description"":""Аренда грузового автомобильного транспорта с водителем""}"
8ae69702-d884-54c3-8945-b1104087aefe,9721079780,9721079780,activity,9,,,,other,,46.73,"Торговля оптовая лесоматериалами, строительными материалами и санитарно-техническим оборудованием",,,,,,,,,,,,"{""code"":""46.73"",""description"":""Торговля оптовая лесоматериалами, строительными материалами и санитарно-техническим оборудованием""}"
8ae69702-d884-54c3-8945-b1104087aefe,9721079780,9721079780,tax_system,0,Общая система налогообложения,,,tax_system,,ОСНО,,,,,,,,,,,,,"{""fullName"":""Общая система налогообложения"",""shortName"":""ОСНО""}"
8856983d-82c8-5093-a48e-07645e6b3369,7714497158,7714497158,founder,0,ГУСЕВ ВЛАДИСЛАВ ЮРЬЕВИЧ,771401778308,,founder,,,,100,100000,2022-11-17T21:00:00.000Z,True,,,,,,,,"{""name"":""ГУСЕВ ВЛАДИСЛАВ ЮРЬЕВИЧ"",""inn"":""771401778308"",""amount"":100000,""share"":100,""dateFrom"":{""$date"":""2022-11-17T21:00:00.000Z""},""active"":true}"
8856983d-82c8-5093-a48e-07645e6b3369,7714497158,7714497158,director,0,ГУСЕВ ВЛАДИСЛАВ ЮРЬЕВИЧ,771401778308,,director,ГЕНЕРАЛЬНЫЙ ДИРЕКТОР,,,,,2022-11-17T21:00:00.000Z,,,,,,,,,"{""name"":""ГУСЕВ ВЛАДИСЛАВ ЮРЬЕВИЧ"",""positionName"":""ГЕНЕРАЛЬНЫЙ ДИРЕКТОР"",""inn"":""771401778308"",""positionDate"":{""$date"":""2022-11-17T21:00:00.000Z""}}"
8856983d-82c8-5093-a48e-07645e6b3369,7714497158,7714497158,related_company,0,ИП ГУСЕВ ВЛАДИСЛАВ ЮРЬЕВИЧ,771401778308,324774600793295,related_company,,,,,,,,,,,,,,,"{""inn"":""771401778308"",""ogrn"":""324774600793295"",""name"":""ИП ГУСЕВ ВЛАДИСЛАВ ЮРЬЕВИЧ""}"
8856983d-82c8-5093-a48e-07645e6b3369,7714497158,7714497158,related_company,1,"ООО ""СМАРТ""",9714062023,1247700706880,related_company,,,,,,,,2024-10-24T21:00:00.000Z,,,,,ГУСЕВ ВЛАДИСЛАВ ЮРЬЕВИЧ,ГЕНЕРАЛЬНЫЙ ДИРЕКТОР,"{""inn"":""9714062023"",""ogrn"":""1247700706880"",""name"":""ООО \""СМАРТ\"""",""registrationDate"":{""$date"":""2024-10-24T21:00:00.000Z""},""authPersonName"":""ГУСЕВ ВЛАДИСЛАВ ЮРЬЕВИЧ"",""authPersonPosition"":""ГЕНЕРАЛЬНЫЙ ДИРЕКТОР""}"
8856983d-82c8-5093-a48e-07645e6b3369,7714497158,7714497158,activity,0,,,,main,,46.73,"Торговля оптовая лесоматериалами, строительными материалами и санитарно-техническим оборудованием",,,,,,,,,,,,"{""code"":""46.73"",""description"":""Торговля оптовая лесоматериалами, строительными материалами и санитарно-техническим оборудованием""}"
8856983d-82c8-5093-a48e-07645e6b3369,7714497158,7714497158,activity,1,,,,other,,94.12,Деятельность профессиональных членских организаций,,,,,,,,,,,,"{""code"":""94.12"",""description"":""Деятельность профессиональных членских организаций""}"
8856983d-82c8-5093-a48e-07645e6b3369,7714497158,7714497158,activity,2,,,,other,,68.10.23,Покупка и продажа земельных участков,,,,,,,,,,,,"{""code"":""68.10.23"",""description"":""Покупка и продажа земельных участков""}"
8856983d-82c8-5093-a48e-07645e6b3369,7714497158,7714497158,activity,3,,,,other,,45.11.41,Торговля оптовая легковыми автомобилями и легкими автотранспортными средствами через информационно-коммуникационную сеть Интернет за вознаграждение или на договорной основе,,,,,,,,,,,,"{""code"":""45.11.41"",""description"":""Торговля оптовая легковыми автомобилями и легкими автотранспортными средствами через информационно-коммуникационную сеть Интернет за вознаграждение или на договорной основе""}"
8856983d-82c8-5093-a48e-07645e6b3369,7714497158,7714497158,activity,4,,,,other,,45.11.2,Торговля розничная легковыми автомобилями и легкими автотранспортными средствами в специализированных магазинах,,,,,,,,,,,,"{""code"":""45.11.2"",""description"":""Торговля розничная легковыми автомобилями и легкими автотранспортными средствами в специализированных магазинах""}"
8856983d-82c8-5093-a48e-07645e6b3369,7714497158,7714497158,activity,5,,,,other,,68.10.21,Покупка и продажа собственного жилого недвижимого имущества,,,,,,,,,,,,"{""code"":""68.10.21"",""description"":""Покупка и продажа собственного жилого недвижимого имущества""}"
8856983d-82c8-5093-a48e-07645e6b3369,7714497158,7714497158,activity,6,,,,other,,45.11.31,Торговля розничная легковыми автомобилями и легкими автотранспортными средствами через информационно-коммуникационную сеть Интернет,,,,,,,,,,,,"{""code"":""45.11.31"",""description"":""Торговля розничная легковыми автомобилями и легкими автотранспортными средствами через информационно-коммуникационную сеть Интернет""}"
8856983d-82c8-5093-a48e-07645e6b3369,7714497158,7714497158,activity,7,,,,other,,45.11.1,Торговля оптовая легковыми автомобилями и легкими автотранспортными средствами,,,,,,,,,,,,"{""code"":""45.11.1"",""description"":""Торговля оптовая легковыми автомобилями и легкими автотранспортными средствами""}"
8856983d-82c8-5093-a48e-07645e6b3369,7714497158,7714497158,activity,8,,,,other,,68.10.11,Подготовка к продаже собственного жилого недвижимого имущества,,,,,,,,,,,,"{""code"":""68.10.11"",""description"":""Подготовка к продаже собственного жилого недвижимого имущества""}"
8856983d-82c8-5093-a48e-07645e6b3369,7714497158,7714497158,activity,9,,,,other,,94.99,"Деятельность прочих общественных организаций и некоммерческих организаций, кроме религиозных и политических организаций",,,,,,,,,,,,"{""code"":""94.99"",""description"":""Деятельность прочих общественных организаций и некоммерческих организаций, кроме религиозных и политических организаций""}"
8856983d-82c8-5093-a48e-07645e6b3369,7714497158,7714497158,activity,10,,,,other,,41.10,Разработка строительных проектов,,,,,,,,,,,,"{""code"":""41.10"",""description"":""Разработка строительных проектов""}"
8856983d-82c8-5093-a48e-07645e6b3369,7714497158,7714497158,activity,11,,,,other,,94.11,Деятельность предпринимательских членских некоммерческих организаций,,,,,,,,,,,,"{""code"":""94.11"",""description"":""Деятельность предпринимательских членских некоммерческих организаций""}"
8856983d-82c8-5093-a48e-07645e6b3369,7714497158,7714497158,activity,12,,,,other,,94.20,Деятельность профессиональных союзов,,,,,,,,,,,,"{""code"":""94.20"",""description"":""Деятельность профессиональных союзов""}"
8856983d-82c8-5093-a48e-07645e6b3369,7714497158,7714497158,activity,13,,,,other,,68.10.12,Подготовка к продаже собственного нежилого недвижимого имущества,,,,,,,,,,,,"{""code"":""68.10.12"",""description"":""Подготовка к продаже собственного нежилого недвижимого имущества""}"
8856983d-82c8-5093-a48e-07645e6b3369,7714497158,7714497158,activity,14,,,,other,,45.11.4,Торговля оптовая легковыми автомобилями и легкими автотранспортными средствами за вознаграждение или на договорной основе,,,,,,,,,,,,"{""code"":""45.11.4"",""description"":""Торговля оптовая легковыми автомобилями и легкими автотранспортными средствами за вознаграждение или на договорной основе""}"
8856983d-82c8-5093-a48e-07645e6b3369,7714497158,7714497158,activity,15,,,,other,,68.10.1,Подготовка к продаже собственного недвижимого имущества,,,,,,,,,,,,"{""code"":""68.10.1"",""description"":""Подготовка к продаже собственного недвижимого имущества""}"
8856983d-82c8-5093-a48e-07645e6b3369,7714497158,7714497158,activity,16,,,,other,,45.11.39,"Торговля розничная легковыми автомобилями и легкими автотранспортными средствами прочая, не включенная в другие группировки",,,,,,,,,,,,"{""code"":""45.11.39"",""description"":""Торговля розничная легковыми автомобилями и легкими автотранспортными средствами прочая, не включенная в другие группировки""}"
8856983d-82c8-5093-a48e-07645e6b3369,7714497158,7714497158,activity,17,,,,other,,45.11.49,Торговля оптовая легковыми автомобилями и легкими автотранспортными средствами за вознаграждение или на договорной основе прочая,,,,,,,,,,,,"{""code"":""45.11.49"",""description"":""Торговля оптовая легковыми автомобилями и легкими автотранспортными средствами за вознаграждение или на договорной основе прочая""}"
8856983d-82c8-5093-a48e-07645e6b3369,7714497158,7714497158,activity,18,,,,other,,68.10.2,Покупка и продажа собственного недвижимого имущества,,,,,,,,,,,,"{""code"":""68.10.2"",""description"":""Покупка и продажа собственного недвижимого имущества""}"
8856983d-82c8-5093-a48e-07645e6b3369,7714497158,7714497158,activity,19,,,,other,,45.11,Торговля легковыми автомобилями и грузовыми автомобилями малой грузоподъемности,,,,,,,,,,,,"{""code"":""45.11"",""description"":""Торговля легковыми автомобилями и грузовыми автомобилями малой грузоподъемности""}"
8856983d-82c8-5093-a48e-07645e6b3369,7714497158,7714497158,activity,20,,,,other,,94.91,Деятельность религиозных организаций,,,,,,,,,,,,"{""code"":""94.91"",""description"":""Деятельность религиозных организаций""}"
8856983d-82c8-5093-a48e-07645e6b3369,7714497158,7714497158,activity,21,,,,other,,45.11.3,Торговля розничная легковыми автомобилями и легкими автотранспортными средствами прочая,,,,,,,,,,,,"{""code"":""45.11.3"",""description"":""Торговля розничная легковыми автомобилями и легкими автотранспортными средствами прочая""}"
8856983d-82c8-5093-a48e-07645e6b3369,7714497158,7714497158,activity,22,,,,other,,94.92,Деятельность политических организаций,,,,,,,,,,,,"{""code"":""94.92"",""description"":""Деятельность политических организаций""}"
8856983d-82c8-5093-a48e-07645e6b3369,7714497158,7714497158,activity,23,,,,other,,68.10.22,Покупка и продажа собственных нежилых зданий и помещений,,,,,,,,,,,,"{""code"":""68.10.22"",""description"":""Покупка и продажа собственных нежилых зданий и помещений""}"
8856983d-82c8-5093-a48e-07645e6b3369,7714497158,7714497158,activity,24,,,,other,,68.10,Покупка и продажа собственного недвижимого имущества,,,,,,,,,,,,"{""code"":""68.10"",""description"":""Покупка и продажа собственного недвижимого имущества""}"
8856983d-82c8-5093-a48e-07645e6b3369,7714497158,7714497158,activity,25,,,,other,,43.22,"Производство санитарно-технических работ, монтаж отопительных систем и систем кондиционирования воздуха",,,,,,,,,,,,"{""code"":""43.22"",""description"":""Производство санитарно-технических работ, монтаж отопительных систем и систем кондиционирования воздуха""}"
8856983d-82c8-5093-a48e-07645e6b3369,7714497158,7714497158,activity,26,,,,other,,41.20,Строительство жилых и нежилых зданий,,,,,,,,,,,,"{""code"":""41.20"",""description"":""Строительство жилых и нежилых зданий""}"
8856983d-82c8-5093-a48e-07645e6b3369,7714497158,7714497158,activity,27,,,,other,,43.21,Производство электромонтажных работ,,,,,,,,,,,,"{""code"":""43.21"",""description"":""Производство электромонтажных работ""}"
8856983d-82c8-5093-a48e-07645e6b3369,7714497158,7714497158,activity,28,,,,other,,47.91.2,"Торговля розничная, осуществляемая непосредственно при помощи информационно-коммуникационной сети Интернет",,,,,,,,,,,,"{""code"":""47.91.2"",""description"":""Торговля розничная, осуществляемая непосредственно при помощи информационно-коммуникационной сети Интернет""}"
8856983d-82c8-5093-a48e-07645e6b3369,7714497158,7714497158,branch,0,"КРАСНОГОРСКИЙ ФИЛИАЛ ОБЩЕСТВА С ОГРАНИЧЕННОЙ ОТВЕТСТВЕННОСТЬЮ ""АВАЛОН""",,,branch,,,,,,,,,"143403,  МОСКОВСКАЯ ОБЛАСТЬ, Г. КРАСНОГОРСК, УЛ. РЕЧНАЯ, Д. 20, К. 2 , ПОМЕЩ. 7  ",,,,,,"{""name"":""КРАСНОГОРСКИЙ ФИЛИАЛ ОБЩЕСТВА С ОГРАНИЧЕННОЙ ОТВЕТСТВЕННОСТЬЮ \""АВАЛОН\"""",""address"":""143403,  МОСКОВСКАЯ ОБЛАСТЬ, Г. КРАСНОГОРСК, УЛ. РЕЧНАЯ, Д. 20, К. 2 , ПОМЕЩ. 7  ""}"
8856983d-82c8-5093-a48e-07645e6b3369,7714497158,7714497158,tax_system,0,Общая система налогообложения,,,tax_system,,ОСНО,,,,,,,,,,,,,"{""fullName"":""Общая система налогообложения"",""shortName"":""ОСНО""}"
c7917d24-0bc1-5183-bce8-658f380aa67b,301110278577,301110278577,related_company,0,"ООО ""СК СТРОЙТИМ""",7733308871,5167746403358,related_company,,,,,,,,2016-12-01T21:00:00.000Z,,,,,ШМАГИН АНДРЕЙ ИВАНОВИЧ,ГЕНЕРАЛЬНЫЙ ДИРЕКТОР,"{""inn"":""7733308871"",""ogrn"":""5167746403358"",""name"":""ООО \""СК СТРОЙТИМ\"""",""registrationDate"":{""$date"":""2016-12-01T21:00:00.000Z""},""authPersonName"":""ШМАГИН АНДРЕЙ ИВАНОВИЧ"",""authPersonPosition"":""ГЕНЕРАЛЬНЫЙ ДИРЕКТОР""}"
c7917d24-0bc1-5183-bce8-658f380aa67b,301110278577,301110278577,activity,0,,,,main,,41.20,Строительство жилых и нежилых зданий,,,,,,,,,,,,"{""code"":""41.20"",""description"":""Строительство жилых и нежилых зданий""}"
c7917d24-0bc1-5183-bce8-658f380aa67b,301110278577,301110278577,activity,1,,,,other,,43.32,Работы столярные и плотничные,,,,,,,,,,,,"{""code"":""43.32"",""description"":""Работы столярные и плотничные""}"
c7917d24-0bc1-5183-bce8-658f380aa67b,301110278577,301110278577,activity,2,,,,other,,42.21,"Строительство инженерных коммуникаций для водоснабжения и водоотведения, газоснабжения",,,,,,,,,,,,"{""code"":""42.21"",""description"":""Строительство инженерных коммуникаций для водоснабжения и водоотведения, газоснабжения""}"
c7917d24-0bc1-5183-bce8-658f380aa67b,301110278577,301110278577,activity,3,,,,other,,43.91,Производство кровельных работ,,,,,,,,,,,,"{""code"":""43.91"",""description"":""Производство кровельных работ""}"
c7917d24-0bc1-5183-bce8-658f380aa67b,301110278577,301110278577,activity,4,,,,other,,43.21,Производство электромонтажных работ,,,,,,,,,,,,"{""code"":""43.21"",""description"":""Производство электромонтажных работ""}"
c7917d24-0bc1-5183-bce8-658f380aa67b,301110278577,301110278577,activity,5,,,,other,,43.39,Производство прочих отделочных и завершающих работ,,,,,,,,,,,,"{""code"":""43.39"",""description"":""Производство прочих отделочных и завершающих работ""}"
c7917d24-0bc1-5183-bce8-658f380aa67b,301110278577,301110278577,activity,6,,,,other,,43.34,Производство малярных и стекольных работ,,,,,,,,,,,,"{""code"":""43.34"",""description"":""Производство малярных и стекольных работ""}"
c7917d24-0bc1-5183-bce8-658f380aa67b,301110278577,301110278577,activity,7,,,,other,,46.73,"Торговля оптовая лесоматериалами, строительными материалами и санитарно-техническим оборудованием",,,,,,,,,,,,"{""code"":""46.73"",""description"":""Торговля оптовая лесоматериалами, строительными материалами и санитарно-техническим оборудованием""}"
c7917d24-0bc1-5183-bce8-658f380aa67b,301110278577,301110278577,activity,8,,,,other,,43.29,Производство прочих строительно-монтажных работ,,,,,,,,,,,,"{""code"":""43.29"",""description"":""Производство прочих строительно-монтажных работ""}"
c7917d24-0bc1-5183-bce8-658f380aa67b,301110278577,301110278577,activity,9,,,,other,,41.10,Разработка строительных проектов,,,,,,,,,,,,"{""code"":""41.10"",""description"":""Разработка строительных проектов""}"
c7917d24-0bc1-5183-bce8-658f380aa67b,301110278577,301110278577,activity,10,,,,other,,43.99,"Работы строительные специализированные прочие, не включенные в другие группировки",,,,,,,,,,,,"{""code"":""43.99"",""description"":""Работы строительные специализированные прочие, не включенные в другие группировки""}"
c7917d24-0bc1-5183-bce8-658f380aa67b,301110278577,301110278577,activity,11,,,,other,,43.33,Работы по устройству покрытий полов и облицовке стен,,,,,,,,,,,,"{""code"":""43.33"",""description"":""Работы по устройству покрытий полов и облицовке стен""}"
c7917d24-0bc1-5183-bce8-658f380aa67b,301110278577,301110278577,activity,12,,,,other,,43.11,Разборка и снос зданий,,,,,,,,,,,,"{""code"":""43.11"",""description"":""Разборка и снос зданий""}"
c7917d24-0bc1-5183-bce8-658f380aa67b,301110278577,301110278577,activity,13,,,,other,,43.12,Подготовка строительной площадки,,,,,,,,,,,,"{""code"":""43.12"",""description"":""Подготовка строительной площадки""}"
c7917d24-0bc1-5183-bce8-658f380aa67b,301110278577,301110278577,activity,14,,,,other,,03.22,Рыбоводство пресноводное,,,,,,,,,,,,"{""code"":""03.22"",""description"":""Рыбоводство пресноводное""}"
c7917d24-0bc1-5183-bce8-658f380aa67b,301110278577,301110278577,activity,15,,,,other,,43.31,Производство штукатурных работ,,,,,,,,,,,,"{""code"":""43.31"",""description"":""Производство штукатурных работ""}"
c7917d24-0bc1-5183-bce8-658f380aa67b,301110278577,301110278577,activity,16,,,,other,,03.21,Рыбоводство морское,,,,,,,,,,,,"{""code"":""03.21"",""description"":""Рыбоводство морское""}"
c7917d24-0bc1-5183-bce8-658f380aa67b,301110278577,301110278577,activity,17,,,,other,,43.22,"Производство санитарно-технических работ, монтаж отопительных систем и систем кондиционирования воздуха",,,,,,,,,,,,"{""code"":""43.22"",""description"":""Производство санитарно-технических работ, монтаж отопительных систем и систем кондиционирования воздуха""}"
c7917d24-0bc1-5183-bce8-658f380aa67b,301110278577,301110278577,activity,18,,,,other,,46.74,"Торговля оптовая скобяными изделиями, водопроводным и отопительным оборудованием и принадлежностями",,,,,,,,,,,,"{""code"":""46.74"",""description"":""Торговля оптовая скобяными изделиями, водопроводным и отопительным оборудованием и принадлежностями""}"
ffb3db49-f1e3-5c42-8446-23815f3ff738,6731007348,6731007348,founder,0,САФАРЯН ВЛАДИМИР САМВЕЛОВИЧ,673008225242,,founder,,,,100,4774168,2023-07-26T21:00:00.000Z,True,,,,,,,,"{""name"":""САФАРЯН ВЛАДИМИР САМВЕЛОВИЧ"",""inn"":""673008225242"",""amount"":4774168,""share"":100,""dateFrom"":{""$date"":""2023-07-26T21:00:00.000Z""},""active"":true}"
ffb3db49-f1e3-5c42-8446-23815f3ff738,6731007348,6731007348,director,0,САФАРЯН ВЛАДИМИР САМВЕЛОВИЧ,673008225242,,director,ГЕНЕРАЛЬНЫЙ ДИРЕКТОР,,,,,2023-11-19T21:00:00.000Z,,,,,,,,,"{""name"":""САФАРЯН ВЛАДИМИР САМВЕЛОВИЧ"",""positionName"":""ГЕНЕРАЛЬНЫЙ ДИРЕКТОР"",""inn"":""673008225242"",""positionDate"":{""$date"":""2023-11-19T21:00:00.000Z""}}"
ffb3db49-f1e3-5c42-8446-23815f3ff738,6731007348,6731007348,related_company,0,ИП САФАРЯН САМВЕЛ ВОЛОДИЯЕВИЧ,673100001396,304673103500264,related_company,,,,,,,,,,,,,,,"{""inn"":""673100001396"",""ogrn"":""304673103500264"",""name"":""ИП САФАРЯН САМВЕЛ ВОЛОДИЯЕВИЧ""}"
ffb3db49-f1e3-5c42-8446-23815f3ff738,6731007348,6731007348,activity,0,,,,main,,43.99.5,Работы по монтажу стальных строительных конструкций,,,,,,,,,,,,"{""code"":""43.99.5"",""description"":""Работы по монтажу стальных строительных конструкций""}"
ffb3db49-f1e3-5c42-8446-23815f3ff738,6731007348,6731007348,activity,1,,,,other,,42.13,Строительство мостов и тоннелей,,,,,,,,,,,,"{""code"":""42.13"",""description"":""Строительство мостов и тоннелей""}"
ffb3db49-f1e3-5c42-8446-23815f3ff738,6731007348,6731007348,activity,2,,,,other,,41.20,Строительство жилых и нежилых зданий,,,,,,,,,,,,"{""code"":""41.20"",""description"":""Строительство жилых и нежилых зданий""}"
ffb3db49-f1e3-5c42-8446-23815f3ff738,6731007348,6731007348,activity,3,,,,other,,43.21,Производство электромонтажных работ,,,,,,,,,,,,"{""code"":""43.21"",""description"":""Производство электромонтажных работ""}"
ffb3db49-f1e3-5c42-8446-23815f3ff738,6731007348,6731007348,activity,4,,,,other,,43.33,Работы по устройству покрытий полов и облицовке стен,,,,,,,,,,,,"{""code"":""43.33"",""description"":""Работы по устройству покрытий полов и облицовке стен""}"
ffb3db49-f1e3-5c42-8446-23815f3ff738,6731007348,6731007348,activity,5,,,,other,,47.99,"Торговля розничная прочая вне магазинов, палаток, рынков",,,,,,,,,,,,"{""code"":""47.99"",""description"":""Торговля розничная прочая вне магазинов, палаток, рынков""}"
ffb3db49-f1e3-5c42-8446-23815f3ff738,6731007348,6731007348,activity,6,,,,other,,43.91,Производство кровельных работ,,,,,,,,,,,,"{""code"":""43.91"",""description"":""Производство кровельных работ""}"
ffb3db49-f1e3-5c42-8446-23815f3ff738,6731007348,6731007348,activity,7,,,,other,,43.11,Разборка и снос зданий,,,,,,,,,,,,"{""code"":""43.11"",""description"":""Разборка и снос зданий""}"
ffb3db49-f1e3-5c42-8446-23815f3ff738,6731007348,6731007348,activity,8,,,,other,,42.11,Строительство автомобильных дорог и автомагистралей,,,,,,,,,,,,"{""code"":""42.11"",""description"":""Строительство автомобильных дорог и автомагистралей""}"
ffb3db49-f1e3-5c42-8446-23815f3ff738,6731007348,6731007348,activity,9,,,,other,,43.34,Производство малярных и стекольных работ,,,,,,,,,,,,"{""code"":""43.34"",""description"":""Производство малярных и стекольных работ""}"
ffb3db49-f1e3-5c42-8446-23815f3ff738,6731007348,6731007348,activity,10,,,,other,,43.31,Производство штукатурных работ,,,,,,,,,,,,"{""code"":""43.31"",""description"":""Производство штукатурных работ""}"
ffb3db49-f1e3-5c42-8446-23815f3ff738,6731007348,6731007348,activity,11,,,,other,,43.99.1,Работы гидроизоляционные,,,,,,,,,,,,"{""code"":""43.99.1"",""description"":""Работы гидроизоляционные""}"
ffb3db49-f1e3-5c42-8446-23815f3ff738,6731007348,6731007348,activity,12,,,,other,,42.12,Строительство железных дорог и метро,,,,,,,,,,,,"{""code"":""42.12"",""description"":""Строительство железных дорог и метро""}"
ffb3db49-f1e3-5c42-8446-23815f3ff738,6731007348,6731007348,activity,13,,,,other,,43.12.3,Производство земляных работ,,,,,,,,,,,,"{""code"":""43.12.3"",""description"":""Производство земляных работ""}"
ffb3db49-f1e3-5c42-8446-23815f3ff738,6731007348,6731007348,activity,14,,,,other,,43.32,Работы столярные и плотничные,,,,,,,,,,,,"{""code"":""43.32"",""description"":""Работы столярные и плотничные""}"
ffb3db49-f1e3-5c42-8446-23815f3ff738,6731007348,6731007348,activity,15,,,,other,,46.9,Торговля оптовая неспециализированная,,,,,,,,,,,,"{""code"":""46.9"",""description"":""Торговля оптовая неспециализированная""}"
ffb3db49-f1e3-5c42-8446-23815f3ff738,6731007348,6731007348,activity,16,,,,other,,43.39,Производство прочих отделочных и завершающих работ,,,,,,,,,,,,"{""code"":""43.39"",""description"":""Производство прочих отделочных и завершающих работ""}"
ffb3db49-f1e3-5c42-8446-23815f3ff738,6731007348,6731007348,phone,0,,,,phone,,,,,,,,,,,481,2690575,,,"{""phoneCode"":""481"",""phoneNumber"":""2690575""}"
ffb3db49-f1e3-5c42-8446-23815f3ff738,6731007348,6731007348,phone,1,,,,phone,,,,,,,,,,,481,2417976,,,"{""phoneCode"":""481"",""phoneNumber"":""2417976""}"
ffb3db49-f1e3-5c42-8446-23815f3ff738,6731007348,6731007348,phone,2,,,,phone,,,,,,,,,,,481,2520281,,,"{""phoneCode"":""481"",""phoneNumber"":""2520281""}"
ffb3db49-f1e3-5c42-8446-23815f3ff738,6731007348,6731007348,phone,3,,,,phone,,,,,,,,,,,481,2260398,,,"{""phoneCode"":""481"",""phoneNumber"":""2260398""}"
ffb3db49-f1e3-5c42-8446-23815f3ff738,6731007348,6731007348,phone,4,,,,phone,,,,,,,,,,,910,7880575,,,"{""phoneCode"":""910"",""phoneNumber"":""7880575""}"
ffb3db49-f1e3-5c42-8446-23815f3ff738,6731007348,6731007348,tax_system,0,Общая система налогообложения,,,tax_system,,ОСНО,,,,,,,,,,,,,"{""fullName"":""Общая система налогообложения"",""shortName"":""ОСНО""}"
16e43b54-1748-50d8-a532-ccd614740511,9201513489,9201513489,founder,0,ЧИСТЯКОВ МИХАИЛ ЮРЬЕВИЧ,781415613687,,founder,,,,100,10000,2023-07-25T21:00:00.000Z,True,,,,,,,,"{""name"":""ЧИСТЯКОВ МИХАИЛ ЮРЬЕВИЧ"",""inn"":""781415613687"",""amount"":10000,""share"":100,""dateFrom"":{""$date"":""2023-07-25T21:00:00.000Z""},""active"":true}"
16e43b54-1748-50d8-a532-ccd614740511,9201513489,9201513489,director,0,ЧИСТЯКОВ МИХАИЛ ЮРЬЕВИЧ,781415613687,,director,ГЕНЕРАЛЬНЫЙ ДИРЕКТОР,,,,,2023-08-06T21:00:00.000Z,,,,,,,,,"{""name"":""ЧИСТЯКОВ МИХАИЛ ЮРЬЕВИЧ"",""positionName"":""ГЕНЕРАЛЬНЫЙ ДИРЕКТОР"",""inn"":""781415613687"",""positionDate"":{""$date"":""2023-08-06T21:00:00.000Z""}}"
16e43b54-1748-50d8-a532-ccd614740511,9201513489,9201513489,related_company,0,ИП НАЗАРОВ АНАТОЛИЙ ВЛАДИМИРОВИЧ,272326819409,324253600058625,related_company,,,,,,,,,,,,,,,"{""inn"":""272326819409"",""ogrn"":""324253600058625"",""name"":""ИП НАЗАРОВ АНАТОЛИЙ ВЛАДИМИРОВИЧ""}"
16e43b54-1748-50d8-a532-ccd614740511,9201513489,9201513489,related_company,1,ИП ЧИСТЯКОВ МИХАИЛ ЮРЬЕВИЧ,781415613687,326920000007651,related_company,,,,,,,,,,,,,,,"{""inn"":""781415613687"",""ogrn"":""326920000007651"",""name"":""ИП ЧИСТЯКОВ МИХАИЛ ЮРЬЕВИЧ""}"
16e43b54-1748-50d8-a532-ccd614740511,9201513489,9201513489,activity,0,,,,main,,68.10.23,Покупка и продажа земельных участков,,,,,,,,,,,,"{""code"":""68.10.23"",""description"":""Покупка и продажа земельных участков""}"
16e43b54-1748-50d8-a532-ccd614740511,9201513489,9201513489,activity,1,,,,other,,43.11,Разборка и снос зданий,,,,,,,,,,,,"{""code"":""43.11"",""description"":""Разборка и снос зданий""}"
16e43b54-1748-50d8-a532-ccd614740511,9201513489,9201513489,activity,2,,,,other,,03.21.4,Воспроизводство морских биоресурсов искусственное,,,,,,,,,,,,"{""code"":""03.21.4"",""description"":""Воспроизводство морских биоресурсов искусственное""}"
16e43b54-1748-50d8-a532-ccd614740511,9201513489,9201513489,activity,3,,,,other,,50.20.3,Аренда морских судов заграничного и каботажного плавания для перевозки грузов с экипажем,,,,,,,,,,,,"{""code"":""50.20.3"",""description"":""Аренда морских судов заграничного и каботажного плавания для перевозки грузов с экипажем""}"
16e43b54-1748-50d8-a532-ccd614740511,9201513489,9201513489,activity,4,,,,other,,68.32.2,Управление эксплуатацией нежилого фонда за вознаграждение или на договорной основе,,,,,,,,,,,,"{""code"":""68.32.2"",""description"":""Управление эксплуатацией нежилого фонда за вознаграждение или на договорной основе""}"
16e43b54-1748-50d8-a532-ccd614740511,9201513489,9201513489,activity,5,,,,other,,41.20,Строительство жилых и нежилых зданий,,,,,,,,,,,,"{""code"":""41.20"",""description"":""Строительство жилых и нежилых зданий""}"
16e43b54-1748-50d8-a532-ccd614740511,9201513489,9201513489,activity,6,,,,other,,43.12.3,Производство земляных работ,,,,,,,,,,,,"{""code"":""43.12.3"",""description"":""Производство земляных работ""}"
16e43b54-1748-50d8-a532-ccd614740511,9201513489,9201513489,activity,7,,,,other,,50.30,Деятельность внутреннего водного пассажирского транспорта,,,,,,,,,,,,"{""code"":""50.30"",""description"":""Деятельность внутреннего водного пассажирского транспорта""}"
16e43b54-1748-50d8-a532-ccd614740511,9201513489,9201513489,activity,8,,,,other,,68.32.1,Управление эксплуатацией жилого фонда за вознаграждение или на договорной основе,,,,,,,,,,,,"{""code"":""68.32.1"",""description"":""Управление эксплуатацией жилого фонда за вознаграждение или на договорной основе""}"
16e43b54-1748-50d8-a532-ccd614740511,9201513489,9201513489,activity,9,,,,other,,03.22.5,Воспроизводство пресноводных биоресурсов искусственное,,,,,,,,,,,,"{""code"":""03.22.5"",""description"":""Воспроизводство пресноводных биоресурсов искусственное""}"
16e43b54-1748-50d8-a532-ccd614740511,9201513489,9201513489,activity,10,,,,other,,43.12.1,Расчистка территории строительной площадки,,,,,,,,,,,,"{""code"":""43.12.1"",""description"":""Расчистка территории строительной площадки""}"
16e43b54-1748-50d8-a532-ccd614740511,9201513489,9201513489,activity,11,,,,other,,50.20.42,Деятельность по оказанию маневровых услуг судами заграничного и каботажного плавания,,,,,,,,,,,,"{""code"":""50.20.42"",""description"":""Деятельность по оказанию маневровых услуг судами заграничного и каботажного плавания""}"
16e43b54-1748-50d8-a532-ccd614740511,9201513489,9201513489,activity,12,,,,other,,68.32,Управление недвижимым имуществом за вознаграждение или на договорной основе,,,,,,,,,,,,"{""code"":""68.32"",""description"":""Управление недвижимым имуществом за вознаграждение или на договорной основе""}"
16e43b54-1748-50d8-a532-ccd614740511,9201513489,9201513489,activity,13,,,,other,,85.41,Образование дополнительное детей и взрослых,,,,,,,,,,,,"{""code"":""85.41"",""description"":""Образование дополнительное детей и взрослых""}"
16e43b54-1748-50d8-a532-ccd614740511,9201513489,9201513489,activity,14,,,,other,,85.42,Образование профессиональное дополнительное,,,,,,,,,,,,"{""code"":""85.42"",""description"":""Образование профессиональное дополнительное""}"
16e43b54-1748-50d8-a532-ccd614740511,9201513489,9201513489,phone,0,,,,phone,,,,,,,,,,,988,4014077,,,"{""phoneCode"":""988"",""phoneNumber"":""4014077""}"
16e43b54-1748-50d8-a532-ccd614740511,9201513489,9201513489,tax_system,0,Упрощенная система налогообложения,,,tax_system,,УСН,,,,,,,,,,,,,"{""fullName"":""Упрощенная система налогообложения"",""shortName"":""УСН""}"
6cf84c1f-af9c-5721-8975-6b083e665717,052500690823,052500690823,activity,0,,,,main,,43.22,"Производство санитарно-технических работ, монтаж отопительных систем и систем кондиционирования воздуха",,,,,,,,,,,,"{""code"":""43.22"",""description"":""Производство санитарно-технических работ, монтаж отопительных систем и систем кондиционирования воздуха""}"
6cf84c1f-af9c-5721-8975-6b083e665717,052500690823,052500690823,activity,1,,,,other,,43.29,Производство прочих строительно-монтажных работ,,,,,,,,,,,,"{""code"":""43.29"",""description"":""Производство прочих строительно-монтажных работ""}"
6cf84c1f-af9c-5721-8975-6b083e665717,052500690823,052500690823,activity,2,,,,other,,68.31,Деятельность агентств недвижимости за вознаграждение или на договорной основе,,,,,,,,,,,,"{""code"":""68.31"",""description"":""Деятельность агентств недвижимости за вознаграждение или на договорной основе""}"
6cf84c1f-af9c-5721-8975-6b083e665717,052500690823,052500690823,activity,3,,,,other,,77.11,Аренда и лизинг легковых автомобилей и легких автотранспортных средств,,,,,,,,,,,,"{""code"":""77.11"",""description"":""Аренда и лизинг легковых автомобилей и легких автотранспортных средств""}"
6cf84c1f-af9c-5721-8975-6b083e665717,052500690823,052500690823,activity,4,,,,other,,41.10,Разработка строительных проектов,,,,,,,,,,,,"{""code"":""41.10"",""description"":""Разработка строительных проектов""}"
6cf84c1f-af9c-5721-8975-6b083e665717,052500690823,052500690823,activity,5,,,,other,,68.32,Управление недвижимым имуществом за вознаграждение или на договорной основе,,,,,,,,,,,,"{""code"":""68.32"",""description"":""Управление недвижимым имуществом за вознаграждение или на договорной основе""}"
6cf84c1f-af9c-5721-8975-6b083e665717,052500690823,052500690823,activity,6,,,,other,,68.20,Аренда и управление собственным или арендованным недвижимым имуществом,,,,,,,,,,,,"{""code"":""68.20"",""description"":""Аренда и управление собственным или арендованным недвижимым имуществом""}"
6cf84c1f-af9c-5721-8975-6b083e665717,052500690823,052500690823,activity,7,,,,other,,43.99,"Работы строительные специализированные прочие, не включенные в другие группировки",,,,,,,,,,,,"{""code"":""43.99"",""description"":""Работы строительные специализированные прочие, не включенные в другие группировки""}"
6cf84c1f-af9c-5721-8975-6b083e665717,052500690823,052500690823,activity,8,,,,other,,43.21,Производство электромонтажных работ,,,,,,,,,,,,"{""code"":""43.21"",""description"":""Производство электромонтажных работ""}"
6cf84c1f-af9c-5721-8975-6b083e665717,052500690823,052500690823,activity,9,,,,other,,69.20,"Деятельность по оказанию услуг в области бухгалтерского учета, по проведению финансового аудита, по налоговому консультированию",,,,,,,,,,,,"{""code"":""69.20"",""description"":""Деятельность по оказанию услуг в области бухгалтерского учета, по проведению финансового аудита, по налоговому консультированию""}"
6cf84c1f-af9c-5721-8975-6b083e665717,052500690823,052500690823,activity,10,,,,other,,47.78,Торговля розничная прочая в специализированных магазинах,,,,,,,,,,,,"{""code"":""47.78"",""description"":""Торговля розничная прочая в специализированных магазинах""}"
6cf84c1f-af9c-5721-8975-6b083e665717,052500690823,052500690823,activity,11,,,,other,,70.22,Консультирование по вопросам коммерческой деятельности и управления,,,,,,,,,,,,"{""code"":""70.22"",""description"":""Консультирование по вопросам коммерческой деятельности и управления""}"
6cf84c1f-af9c-5721-8975-6b083e665717,052500690823,052500690823,activity,12,,,,other,,46.90,Торговля оптовая неспециализированная,,,,,,,,,,,,"{""code"":""46.90"",""description"":""Торговля оптовая неспециализированная""}"
6cf84c1f-af9c-5721-8975-6b083e665717,052500690823,052500690823,activity,13,,,,other,,77.12,Аренда и лизинг грузовых транспортных средств,,,,,,,,,,,,"{""code"":""77.12"",""description"":""Аренда и лизинг грузовых транспортных средств""}"
6cf84c1f-af9c-5721-8975-6b083e665717,052500690823,052500690823,activity,14,,,,other,,43.39,Производство прочих отделочных и завершающих работ,,,,,,,,,,,,"{""code"":""43.39"",""description"":""Производство прочих отделочных и завершающих работ""}"
3ab9fbb5-ae00-51ff-9d37-36471dfc7e40,9724033310,9724033310,founder,0,ПРОКОФЬЕВ МАКСИМ ВАЛЕРЬЕВИЧ,370254316811,,founder,,,,100,10000,2025-12-18T21:00:00.000Z,True,,,,,,,,"{""name"":""ПРОКОФЬЕВ МАКСИМ ВАЛЕРЬЕВИЧ"",""inn"":""370254316811"",""amount"":10000,""share"":100,""dateFrom"":{""$date"":""2025-12-18T21:00:00.000Z""},""active"":true}"
3ab9fbb5-ae00-51ff-9d37-36471dfc7e40,9724033310,9724033310,director,0,ПРОКОФЬЕВ МАКСИМ ВАЛЕРЬЕВИЧ,370254316811,,director,ГЕНЕРАЛЬНЫЙ ДИРЕКТОР,,,,,2025-12-18T21:00:00.000Z,,,,,,,,,"{""name"":""ПРОКОФЬЕВ МАКСИМ ВАЛЕРЬЕВИЧ"",""positionName"":""ГЕНЕРАЛЬНЫЙ ДИРЕКТОР"",""inn"":""370254316811"",""positionDate"":{""$date"":""2025-12-18T21:00:00.000Z""}}"
3ab9fbb5-ae00-51ff-9d37-36471dfc7e40,9724033310,9724033310,related_company,0,ИП ДОБРЫНИНА ИРИНА АЛЕКСЕЕВНА,470379282279,318784700264367,related_company,,,,,,,,,,,,,,,"{""inn"":""470379282279"",""ogrn"":""318784700264367"",""name"":""ИП ДОБРЫНИНА ИРИНА АЛЕКСЕЕВНА""}"
3ab9fbb5-ae00-51ff-9d37-36471dfc7e40,9724033310,9724033310,related_company,1,"ООО ""АЛЬБЕРО""",7814857340,1257800099040,related_company,,,,,,,,2025-11-04T21:00:00.000Z,,,,,ДОБРЫНИНА ИРИНА АЛЕКСЕЕВНА,ДИРЕКТОР,"{""inn"":""7814857340"",""ogrn"":""1257800099040"",""name"":""ООО \""АЛЬБЕРО\"""",""registrationDate"":{""$date"":""2025-11-04T21:00:00.000Z""},""authPersonName"":""ДОБРЫНИНА ИРИНА АЛЕКСЕЕВНА"",""authPersonPosition"":""ДИРЕКТОР""}"
3ab9fbb5-ae00-51ff-9d37-36471dfc7e40,9724033310,9724033310,related_company,2,ИП ПРОКОФЬЕВ МАКСИМ ВАЛЕРЬЕВИЧ,370254316811,325370000056596,related_company,,,,,,,,,,,,,,,"{""inn"":""370254316811"",""ogrn"":""325370000056596"",""name"":""ИП ПРОКОФЬЕВ МАКСИМ ВАЛЕРЬЕВИЧ""}"
3ab9fbb5-ae00-51ff-9d37-36471dfc7e40,9724033310,9724033310,activity,0,,,,main,,46.73.6,Торговля оптовая прочими строительными материалами и изделиями,,,,,,,,,,,,"{""code"":""46.73.6"",""description"":""Торговля оптовая прочими строительными материалами и изделиями""}"
3ab9fbb5-ae00-51ff-9d37-36471dfc7e40,9724033310,9724033310,activity,1,,,,other,,16.21,"Производство шпона, фанеры, деревянных плит и панелей",,,,,,,,,,,,"{""code"":""16.21"",""description"":""Производство шпона, фанеры, деревянных плит и панелей""}"
3ab9fbb5-ae00-51ff-9d37-36471dfc7e40,9724033310,9724033310,activity,2,,,,other,,31.01,Производство мебели для офисов и предприятий торговли,,,,,,,,,,,,"{""code"":""31.01"",""description"":""Производство мебели для офисов и предприятий торговли""}"
3ab9fbb5-ae00-51ff-9d37-36471dfc7e40,9724033310,9724033310,activity,3,,,,other,,43.33,Работы по устройству покрытий полов и облицовке стен,,,,,,,,,,,,"{""code"":""43.33"",""description"":""Работы по устройству покрытий полов и облицовке стен""}"
3ab9fbb5-ae00-51ff-9d37-36471dfc7e40,9724033310,9724033310,activity,4,,,,other,,47.19,Торговля розничная прочая в неспециализированных магазинах,,,,,,,,,,,,"{""code"":""47.19"",""description"":""Торговля розничная прочая в неспециализированных магазинах""}"
3ab9fbb5-ae00-51ff-9d37-36471dfc7e40,9724033310,9724033310,activity,5,,,,other,,46.73,"Торговля оптовая лесоматериалами, строительными материалами и санитарно-техническим оборудованием",,,,,,,,,,,,"{""code"":""46.73"",""description"":""Торговля оптовая лесоматериалами, строительными материалами и санитарно-техническим оборудованием""}"
3ab9fbb5-ae00-51ff-9d37-36471dfc7e40,9724033310,9724033310,activity,6,,,,other,,47.53,"Торговля розничная коврами, ковровыми изделиями, покрытиями для пола и стен в специализированных магазинах",,,,,,,,,,,,"{""code"":""47.53"",""description"":""Торговля розничная коврами, ковровыми изделиями, покрытиями для пола и стен в специализированных магазинах""}"
3ab9fbb5-ae00-51ff-9d37-36471dfc7e40,9724033310,9724033310,activity,7,,,,other,,47.91.2,"Торговля розничная, осуществляемая непосредственно при помощи информационно-коммуникационной сети Интернет",,,,,,,,,,,,"{""code"":""47.91.2"",""description"":""Торговля розничная, осуществляемая непосредственно при помощи информационно-коммуникационной сети Интернет""}"
3ab9fbb5-ae00-51ff-9d37-36471dfc7e40,9724033310,9724033310,activity,8,,,,other,,16.23,Производство прочих деревянных строительных конструкций и столярных изделий,,,,,,,,,,,,"{""code"":""16.23"",""description"":""Производство прочих деревянных строительных конструкций и столярных изделий""}"
3ab9fbb5-ae00-51ff-9d37-36471dfc7e40,9724033310,9724033310,activity,9,,,,other,,46.47.1,Торговля оптовая бытовой мебелью,,,,,,,,,,,,"{""code"":""46.47.1"",""description"":""Торговля оптовая бытовой мебелью""}"
3ab9fbb5-ae00-51ff-9d37-36471dfc7e40,9724033310,9724033310,activity,10,,,,other,,31.02,Производство кухонной мебели,,,,,,,,,,,,"{""code"":""31.02"",""description"":""Производство кухонной мебели""}"
3ab9fbb5-ae00-51ff-9d37-36471dfc7e40,9724033310,9724033310,activity,11,,,,other,,46.73.8,Торговля оптовая напольными покрытиями (кроме ковров),,,,,,,,,,,,"{""code"":""46.73.8"",""description"":""Торговля оптовая напольными покрытиями (кроме ковров)""}"
3ab9fbb5-ae00-51ff-9d37-36471dfc7e40,9724033310,9724033310,activity,12,,,,other,,47.52.2,Торговля розничная лакокрасочными материалами в специализированных магазинах,,,,,,,,,,,,"{""code"":""47.52.2"",""description"":""Торговля розничная лакокрасочными материалами в специализированных магазинах""}"
3ab9fbb5-ae00-51ff-9d37-36471dfc7e40,9724033310,9724033310,activity,13,,,,other,,47.59,"Торговля розничная мебелью, осветительными приборами и прочими бытовыми изделиями в специализированных магазинах",,,,,,,,,,,,"{""code"":""47.59"",""description"":""Торговля розничная мебелью, осветительными приборами и прочими бытовыми изделиями в специализированных магазинах""}"
3ab9fbb5-ae00-51ff-9d37-36471dfc7e40,9724033310,9724033310,activity,14,,,,other,,72.19,Научные исследования и разработки в области естественных и технических наук прочие,,,,,,,,,,,,"{""code"":""72.19"",""description"":""Научные исследования и разработки в области естественных и технических наук прочие""}"
3ab9fbb5-ae00-51ff-9d37-36471dfc7e40,9724033310,9724033310,activity,15,,,,other,,16.10,Распиловка и строгание древесины,,,,,,,,,,,,"{""code"":""16.10"",""description"":""Распиловка и строгание древесины""}"
3ab9fbb5-ae00-51ff-9d37-36471dfc7e40,9724033310,9724033310,activity,16,,,,other,,46.90,Торговля оптовая неспециализированная,,,,,,,,,,,,"{""code"":""46.90"",""description"":""Торговля оптовая неспециализированная""}"
3ab9fbb5-ae00-51ff-9d37-36471dfc7e40,9724033310,9724033310,activity,17,,,,other,,16.29.12,Производство деревянных столовых и кухонных принадлежностей,,,,,,,,,,,,"{""code"":""16.29.12"",""description"":""Производство деревянных столовых и кухонных принадлежностей""}"
3ab9fbb5-ae00-51ff-9d37-36471dfc7e40,9724033310,9724033310,activity,18,,,,other,,31.09,Производство прочей мебели,,,,,,,,,,,,"{""code"":""31.09"",""description"":""Производство прочей мебели""}"
3ab9fbb5-ae00-51ff-9d37-36471dfc7e40,9724033310,9724033310,activity,19,,,,other,,46.49.49,"Торговля оптовая прочими потребительскими товарами, не включенными в другие группировки",,,,,,,,,,,,"{""code"":""46.49.49"",""description"":""Торговля оптовая прочими потребительскими товарами, не включенными в другие группировки""}"
3ab9fbb5-ae00-51ff-9d37-36471dfc7e40,9724033310,9724033310,activity,20,,,,other,,74.10,Деятельность специализированная в области дизайна,,,,,,,,,,,,"{""code"":""74.10"",""description"":""Деятельность специализированная в области дизайна""}"
3ab9fbb5-ae00-51ff-9d37-36471dfc7e40,9724033310,9724033310,activity,21,,,,other,,47.52.7,"Торговля розничная строительными материалами, не включенными в другие группировки, в специализированных магазинах",,,,,,,,,,,,"{""code"":""47.52.7"",""description"":""Торговля розничная строительными материалами, не включенными в другие группировки, в специализированных магазинах""}"
3ab9fbb5-ae00-51ff-9d37-36471dfc7e40,9724033310,9724033310,activity,22,,,,other,,47.91,Торговля розничная по почте или по информационно-коммуникационной сети Интернет,,,,,,,,,,,,"{""code"":""47.91"",""description"":""Торговля розничная по почте или по информационно-коммуникационной сети Интернет""}"
3ab9fbb5-ae00-51ff-9d37-36471dfc7e40,9724033310,9724033310,activity,23,,,,other,,46.71,"Торговля оптовая твердым, жидким и газообразным топливом и подобными продуктами",,,,,,,,,,,,"{""code"":""46.71"",""description"":""Торговля оптовая твердым, жидким и газообразным топливом и подобными продуктами""}"
3ab9fbb5-ae00-51ff-9d37-36471dfc7e40,9724033310,9724033310,activity,24,,,,other,,45.31,"Торговля оптовая автомобильными деталями, узлами и принадлежностями",,,,,,,,,,,,"{""code"":""45.31"",""description"":""Торговля оптовая автомобильными деталями, узлами и принадлежностями""}"
3ab9fbb5-ae00-51ff-9d37-36471dfc7e40,9724033310,9724033310,tax_system,0,Упрощенная система налогообложения,,,tax_system,,УСН,,,,,,,,,,,,,"{""fullName"":""Упрощенная система налогообложения"",""shortName"":""УСН""}"
5155bb3c-ce61-57cc-bd67-f926d5b1d39a,770804624926,770804624926,activity,0,,,,main,,46.73,"Торговля оптовая лесоматериалами, строительными материалами и санитарно-техническим оборудованием",,,,,,,,,,,,"{""code"":""46.73"",""description"":""Торговля оптовая лесоматериалами, строительными материалами и санитарно-техническим оборудованием""}"
5155bb3c-ce61-57cc-bd67-f926d5b1d39a,770804624926,770804624926,activity,1,,,,other,,01.50,Смешанное сельское хозяйство,,,,,,,,,,,,"{""code"":""01.50"",""description"":""Смешанное сельское хозяйство""}"
5155bb3c-ce61-57cc-bd67-f926d5b1d39a,770804624926,770804624926,activity,2,,,,other,,33.12,Ремонт машин и оборудования,,,,,,,,,,,,"{""code"":""33.12"",""description"":""Ремонт машин и оборудования""}"
5155bb3c-ce61-57cc-bd67-f926d5b1d39a,770804624926,770804624926,activity,3,,,,other,,13.91,Производство трикотажного и вязаного полотна,,,,,,,,,,,,"{""code"":""13.91"",""description"":""Производство трикотажного и вязаного полотна""}"
5155bb3c-ce61-57cc-bd67-f926d5b1d39a,770804624926,770804624926,activity,4,,,,other,,43.91,Производство кровельных работ,,,,,,,,,,,,"{""code"":""43.91"",""description"":""Производство кровельных работ""}"
5155bb3c-ce61-57cc-bd67-f926d5b1d39a,770804624926,770804624926,activity,5,,,,other,,46.21,"Торговля оптовая зерном, необработанным табаком, семенами и кормами для сельскохозяйственных животных",,,,,,,,,,,,"{""code"":""46.21"",""description"":""Торговля оптовая зерном, необработанным табаком, семенами и кормами для сельскохозяйственных животных""}"
5155bb3c-ce61-57cc-bd67-f926d5b1d39a,770804624926,770804624926,activity,6,,,,other,,41.20,Строительство жилых и нежилых зданий,,,,,,,,,,,,"{""code"":""41.20"",""description"":""Строительство жилых и нежилых зданий""}"
5155bb3c-ce61-57cc-bd67-f926d5b1d39a,770804624926,770804624926,activity,7,,,,other,,46.32,Торговля оптовая мясом и мясными продуктами,,,,,,,,,,,,"{""code"":""46.32"",""description"":""Торговля оптовая мясом и мясными продуктами""}"
5155bb3c-ce61-57cc-bd67-f926d5b1d39a,770804624926,770804624926,activity,8,,,,other,,46.34,Торговля оптовая напитками,,,,,,,,,,,,"{""code"":""46.34"",""description"":""Торговля оптовая напитками""}"
5155bb3c-ce61-57cc-bd67-f926d5b1d39a,770804624926,770804624926,activity,9,,,,other,,46.38,"Торговля оптовая прочими пищевыми продуктами, включая рыбу, ракообразных и моллюсков",,,,,,,,,,,,"{""code"":""46.38"",""description"":""Торговля оптовая прочими пищевыми продуктами, включая рыбу, ракообразных и моллюсков""}"
5155bb3c-ce61-57cc-bd67-f926d5b1d39a,770804624926,770804624926,activity,10,,,,other,,46.61,"Торговля оптовая машинами, оборудованием и инструментами для сельского хозяйства",,,,,,,,,,,,"{""code"":""46.61"",""description"":""Торговля оптовая машинами, оборудованием и инструментами для сельского хозяйства""}"
5155bb3c-ce61-57cc-bd67-f926d5b1d39a,770804624926,770804624926,activity,11,,,,other,,46.64,"Торговля оптовая машинами и оборудованием для текстильного, швейного и трикотажного производств",,,,,,,,,,,,"{""code"":""46.64"",""description"":""Торговля оптовая машинами и оборудованием для текстильного, швейного и трикотажного производств""}"
5155bb3c-ce61-57cc-bd67-f926d5b1d39a,770804624926,770804624926,activity,12,,,,other,,46.74,"Торговля оптовая скобяными изделиями, водопроводным и отопительным оборудованием и принадлежностями",,,,,,,,,,,,"{""code"":""46.74"",""description"":""Торговля оптовая скобяными изделиями, водопроводным и отопительным оборудованием и принадлежностями""}"
5155bb3c-ce61-57cc-bd67-f926d5b1d39a,770804624926,770804624926,activity,13,,,,other,,46.77,Торговля оптовая отходами и ломом,,,,,,,,,,,,"{""code"":""46.77"",""description"":""Торговля оптовая отходами и ломом""}"
5155bb3c-ce61-57cc-bd67-f926d5b1d39a,770804624926,770804624926,activity,14,,,,other,,47.73,Торговля розничная лекарственными средствами в специализированных магазинах (аптеках),,,,,,,,,,,,"{""code"":""47.73"",""description"":""Торговля розничная лекарственными средствами в специализированных магазинах (аптеках)""}"
5155bb3c-ce61-57cc-bd67-f926d5b1d39a,770804624926,770804624926,activity,15,,,,other,,47.91,Торговля розничная по почте или по информационно-коммуникационной сети Интернет,,,,,,,,,,,,"{""code"":""47.91"",""description"":""Торговля розничная по почте или по информационно-коммуникационной сети Интернет""}"
5155bb3c-ce61-57cc-bd67-f926d5b1d39a,770804624926,770804624926,activity,16,,,,other,,52.29,"Деятельность вспомогательная прочая, связанная с перевозками",,,,,,,,,,,,"{""code"":""52.29"",""description"":""Деятельность вспомогательная прочая, связанная с перевозками""}"
5155bb3c-ce61-57cc-bd67-f926d5b1d39a,770804624926,770804624926,activity,17,,,,other,,95.11,Ремонт компьютеров и периферийного компьютерного оборудования,,,,,,,,,,,,"{""code"":""95.11"",""description"":""Ремонт компьютеров и периферийного компьютерного оборудования""}"
5155bb3c-ce61-57cc-bd67-f926d5b1d39a,770804624926,770804624926,activity,18,,,,other,,10.12,Производство и консервирование мяса птицы,,,,,,,,,,,,"{""code"":""10.12"",""description"":""Производство и консервирование мяса птицы""}"
5155bb3c-ce61-57cc-bd67-f926d5b1d39a,770804624926,770804624926,activity,19,,,,other,,33.14,Ремонт электрического оборудования,,,,,,,,,,,,"{""code"":""33.14"",""description"":""Ремонт электрического оборудования""}"
5155bb3c-ce61-57cc-bd67-f926d5b1d39a,770804624926,770804624926,activity,20,,,,other,,13.92,"Производство готовых текстильных изделий, кроме одежды",,,,,,,,,,,,"{""code"":""13.92"",""description"":""Производство готовых текстильных изделий, кроме одежды""}"
5155bb3c-ce61-57cc-bd67-f926d5b1d39a,770804624926,770804624926,activity,21,,,,other,,43.29,Производство прочих строительно-монтажных работ,,,,,,,,,,,,"{""code"":""43.29"",""description"":""Производство прочих строительно-монтажных работ""}"
5155bb3c-ce61-57cc-bd67-f926d5b1d39a,770804624926,770804624926,activity,22,,,,other,,43.99,"Работы строительные специализированные прочие, не включенные в другие группировки",,,,,,,,,,,,"{""code"":""43.99"",""description"":""Работы строительные специализированные прочие, не включенные в другие группировки""}"
5155bb3c-ce61-57cc-bd67-f926d5b1d39a,770804624926,770804624926,activity,23,,,,other,,46.31,Торговля оптовая фруктами и овощами,,,,,,,,,,,,"{""code"":""46.31"",""description"":""Торговля оптовая фруктами и овощами""}"
5155bb3c-ce61-57cc-bd67-f926d5b1d39a,770804624926,770804624926,activity,24,,,,other,,46.32.3,Торговля оптовая консервами из мяса и мяса птицы,,,,,,,,,,,,"{""code"":""46.32.3"",""description"":""Торговля оптовая консервами из мяса и мяса птицы""}"
5155bb3c-ce61-57cc-bd67-f926d5b1d39a,770804624926,770804624926,activity,25,,,,other,,46.36,"Торговля оптовая сахаром, шоколадом и сахаристыми кондитерскими изделиями",,,,,,,,,,,,"{""code"":""46.36"",""description"":""Торговля оптовая сахаром, шоколадом и сахаристыми кондитерскими изделиями""}"
5155bb3c-ce61-57cc-bd67-f926d5b1d39a,770804624926,770804624926,activity,26,,,,other,,46.39,"Торговля оптовая неспециализированная пищевыми продуктами, напитками и табачными изделиями",,,,,,,,,,,,"{""code"":""46.39"",""description"":""Торговля оптовая неспециализированная пищевыми продуктами, напитками и табачными изделиями""}"
5155bb3c-ce61-57cc-bd67-f926d5b1d39a,770804624926,770804624926,activity,27,,,,other,,46.62,Торговля оптовая станками,,,,,,,,,,,,"{""code"":""46.62"",""description"":""Торговля оптовая станками""}"
5155bb3c-ce61-57cc-bd67-f926d5b1d39a,770804624926,770804624926,activity,28,,,,other,,46.66,Торговля оптовая прочей офисной техникой и оборудованием,,,,,,,,,,,,"{""code"":""46.66"",""description"":""Торговля оптовая прочей офисной техникой и оборудованием""}"
5155bb3c-ce61-57cc-bd67-f926d5b1d39a,770804624926,770804624926,activity,29,,,,other,,46.71,"Торговля оптовая твердым, жидким и газообразным топливом и подобными продуктами",,,,,,,,,,,,"{""code"":""46.71"",""description"":""Торговля оптовая твердым, жидким и газообразным топливом и подобными продуктами""}"
5155bb3c-ce61-57cc-bd67-f926d5b1d39a,770804624926,770804624926,activity,30,,,,other,,46.75,Торговля оптовая химическими продуктами,,,,,,,,,,,,"{""code"":""46.75"",""description"":""Торговля оптовая химическими продуктами""}"
5155bb3c-ce61-57cc-bd67-f926d5b1d39a,770804624926,770804624926,activity,31,,,,other,,47.74,"Торговля розничная изделиями, применяемыми в медицинских целях, ортопедическими изделиями в специализированных магазинах",,,,,,,,,,,,"{""code"":""47.74"",""description"":""Торговля розничная изделиями, применяемыми в медицинских целях, ортопедическими изделиями в специализированных магазинах""}"
5155bb3c-ce61-57cc-bd67-f926d5b1d39a,770804624926,770804624926,activity,32,,,,other,,46.90,Торговля оптовая неспециализированная,,,,,,,,,,,,"{""code"":""46.90"",""description"":""Торговля оптовая неспециализированная""}"
5155bb3c-ce61-57cc-bd67-f926d5b1d39a,770804624926,770804624926,activity,33,,,,other,,95.29,Ремонт прочих предметов личного потребления и бытовых товаров,,,,,,,,,,,,"{""code"":""95.29"",""description"":""Ремонт прочих предметов личного потребления и бытовых товаров""}"
5155bb3c-ce61-57cc-bd67-f926d5b1d39a,770804624926,770804624926,activity,34,,,,other,,68.20,Аренда и управление собственным или арендованным недвижимым имуществом,,,,,,,,,,,,"{""code"":""68.20"",""description"":""Аренда и управление собственным или арендованным недвижимым имуществом""}"
5155bb3c-ce61-57cc-bd67-f926d5b1d39a,770804624926,770804624926,activity,35,,,,other,,49.42,Предоставление услуг по перевозкам,,,,,,,,,,,,"{""code"":""49.42"",""description"":""Предоставление услуг по перевозкам""}"
5155bb3c-ce61-57cc-bd67-f926d5b1d39a,770804624926,770804624926,activity,36,,,,other,,01.41,"Разведение молочного крупного рогатого скота, производство сырого молока",,,,,,,,,,,,"{""code"":""01.41"",""description"":""Разведение молочного крупного рогатого скота, производство сырого молока""}"
5155bb3c-ce61-57cc-bd67-f926d5b1d39a,770804624926,770804624926,activity,37,,,,other,,13.30,Отделка тканей и текстильных изделий,,,,,,,,,,,,"{""code"":""13.30"",""description"":""Отделка тканей и текстильных изделий""}"
5155bb3c-ce61-57cc-bd67-f926d5b1d39a,770804624926,770804624926,activity,38,,,,other,,31.01,Производство мебели для офисов и предприятий торговли,,,,,,,,,,,,"{""code"":""31.01"",""description"":""Производство мебели для офисов и предприятий торговли""}"
5155bb3c-ce61-57cc-bd67-f926d5b1d39a,770804624926,770804624926,activity,39,,,,other,,33.20,Монтаж промышленных машин и оборудования,,,,,,,,,,,,"{""code"":""33.20"",""description"":""Монтаж промышленных машин и оборудования""}"
5155bb3c-ce61-57cc-bd67-f926d5b1d39a,770804624926,770804624926,activity,40,,,,other,,43.39,Производство прочих отделочных и завершающих работ,,,,,,,,,,,,"{""code"":""43.39"",""description"":""Производство прочих отделочных и завершающих работ""}"
5155bb3c-ce61-57cc-bd67-f926d5b1d39a,770804624926,770804624926,activity,41,,,,other,,46.31.11,Торговля оптовая свежим картофелем,,,,,,,,,,,,"{""code"":""46.31.11"",""description"":""Торговля оптовая свежим картофелем""}"
5155bb3c-ce61-57cc-bd67-f926d5b1d39a,770804624926,770804624926,activity,42,,,,other,,46.13,Деятельность агентов по оптовой торговле лесоматериалами и строительными материалами,,,,,,,,,,,,"{""code"":""46.13"",""description"":""Деятельность агентов по оптовой торговле лесоматериалами и строительными материалами""}"
5155bb3c-ce61-57cc-bd67-f926d5b1d39a,770804624926,770804624926,activity,43,,,,other,,46.63,Торговля оптовая машинами и оборудованием для добычи полезных ископаемых и строительства,,,,,,,,,,,,"{""code"":""46.63"",""description"":""Торговля оптовая машинами и оборудованием для добычи полезных ископаемых и строительства""}"
5155bb3c-ce61-57cc-bd67-f926d5b1d39a,770804624926,770804624926,activity,44,,,,other,,46.49,Торговля оптовая прочими бытовыми товарами,,,,,,,,,,,,"{""code"":""46.49"",""description"":""Торговля оптовая прочими бытовыми товарами""}"
5155bb3c-ce61-57cc-bd67-f926d5b1d39a,770804624926,770804624926,activity,45,,,,other,,46.37,"Торговля оптовая кофе, чаем, какао и пряностями",,,,,,,,,,,,"{""code"":""46.37"",""description"":""Торговля оптовая кофе, чаем, какао и пряностями""}"
5155bb3c-ce61-57cc-bd67-f926d5b1d39a,770804624926,770804624926,activity,46,,,,other,,46.33,"Торговля оптовая молочными продуктами, яйцами и пищевыми маслами и жирами",,,,,,,,,,,,"{""code"":""46.33"",""description"":""Торговля оптовая молочными продуктами, яйцами и пищевыми маслами и жирами""}"
5155bb3c-ce61-57cc-bd67-f926d5b1d39a,770804624926,770804624926,activity,47,,,,other,,46.69,Торговля оптовая прочими машинами и оборудованием,,,,,,,,,,,,"{""code"":""46.69"",""description"":""Торговля оптовая прочими машинами и оборудованием""}"
5155bb3c-ce61-57cc-bd67-f926d5b1d39a,770804624926,770804624926,activity,48,,,,other,,46.72,Торговля оптовая металлами и металлическими рудами,,,,,,,,,,,,"{""code"":""46.72"",""description"":""Торговля оптовая металлами и металлическими рудами""}"
5155bb3c-ce61-57cc-bd67-f926d5b1d39a,770804624926,770804624926,activity,49,,,,other,,46.76,Торговля оптовая прочими промежуточными продуктами,,,,,,,,,,,,"{""code"":""46.76"",""description"":""Торговля оптовая прочими промежуточными продуктами""}"
5155bb3c-ce61-57cc-bd67-f926d5b1d39a,770804624926,770804624926,activity,50,,,,other,,47.51,Торговля розничная текстильными изделиями в специализированных магазинах,,,,,,,,,,,,"{""code"":""47.51"",""description"":""Торговля розничная текстильными изделиями в специализированных магазинах""}"
5155bb3c-ce61-57cc-bd67-f926d5b1d39a,770804624926,770804624926,activity,51,,,,other,,52.24,Транспортная обработка грузов,,,,,,,,,,,,"{""code"":""52.24"",""description"":""Транспортная обработка грузов""}"
5155bb3c-ce61-57cc-bd67-f926d5b1d39a,770804624926,770804624926,activity,52,,,,other,,47.75,Торговля розничная косметическими и товарами личной гигиены в специализированных магазинах,,,,,,,,,,,,"{""code"":""47.75"",""description"":""Торговля розничная косметическими и товарами личной гигиены в специализированных магазинах""}"
5155bb3c-ce61-57cc-bd67-f926d5b1d39a,770804624926,770804624926,activity,53,,,,other,,68.20.2,Аренда и управление собственным или арендованным нежилым недвижимым имуществом,,,,,,,,,,,,"{""code"":""68.20.2"",""description"":""Аренда и управление собственным или арендованным нежилым недвижимым имуществом""}"
5155bb3c-ce61-57cc-bd67-f926d5b1d39a,770804624926,770804624926,activity,54,,,,other,,49.32,Деятельность легкового такси и арендованных легковых автомобилей с водителем,,,,,,,,,,,,"{""code"":""49.32"",""description"":""Деятельность легкового такси и арендованных легковых автомобилей с водителем""}"
0cfddfc6-c7dd-5188-9a03-b34a82ec6e0f,6311087260,6311087260,founder,0,ОСИПОВА ИЛАРИЯ ВЛАДИМИРОВНА,780248929126,,founder,,,,100,19000,2025-01-29T21:00:00.000Z,True,,,,,,,,"{""name"":""ОСИПОВА ИЛАРИЯ ВЛАДИМИРОВНА"",""inn"":""780248929126"",""amount"":19000,""share"":100,""dateFrom"":{""$date"":""2025-01-29T21:00:00.000Z""},""active"":true}"
0cfddfc6-c7dd-5188-9a03-b34a82ec6e0f,6311087260,6311087260,director,0,ОСИПОВА ИЛАРИЯ ВЛАДИМИРОВНА,780248929126,,director,ДИРЕКТОР,,,,,2025-01-23T21:00:00.000Z,,,,,,,,,"{""name"":""ОСИПОВА ИЛАРИЯ ВЛАДИМИРОВНА"",""positionName"":""ДИРЕКТОР"",""inn"":""780248929126"",""positionDate"":{""$date"":""2025-01-23T21:00:00.000Z""}}"
0cfddfc6-c7dd-5188-9a03-b34a82ec6e0f,6311087260,6311087260,related_company,0,ИП ХРЯЩЕВА ТАТЬЯНА ПАВЛОВНА,631100098501,326632700031010,related_company,,,,,,,,,,,,,,,"{""inn"":""631100098501"",""ogrn"":""326632700031010"",""name"":""ИП ХРЯЩЕВА ТАТЬЯНА ПАВЛОВНА""}"
0cfddfc6-c7dd-5188-9a03-b34a82ec6e0f,6311087260,6311087260,activity,0,,,,main,,47.53.3,Торговля розничная обоями и напольными покрытиями в специализированных магазинах,,,,,,,,,,,,"{""code"":""47.53.3"",""description"":""Торговля розничная обоями и напольными покрытиями в специализированных магазинах""}"
0cfddfc6-c7dd-5188-9a03-b34a82ec6e0f,6311087260,6311087260,activity,1,,,,other,,47.52.2,Торговля розничная лакокрасочными материалами в специализированных магазинах,,,,,,,,,,,,"{""code"":""47.52.2"",""description"":""Торговля розничная лакокрасочными материалами в специализированных магазинах""}"
0cfddfc6-c7dd-5188-9a03-b34a82ec6e0f,6311087260,6311087260,activity,2,,,,other,,68.31.32,Предоставление консультационных услуг при купле-продаже нежилого недвижимого имущества за вознаграждение или на договорной основе,,,,,,,,,,,,"{""code"":""68.31.32"",""description"":""Предоставление консультационных услуг при купле-продаже нежилого недвижимого имущества за вознаграждение или на договорной основе""}"
0cfddfc6-c7dd-5188-9a03-b34a82ec6e0f,6311087260,6311087260,activity,3,,,,other,,47.78,Торговля розничная прочая в специализированных магазинах,,,,,,,,,,,,"{""code"":""47.78"",""description"":""Торговля розничная прочая в специализированных магазинах""}"
0cfddfc6-c7dd-5188-9a03-b34a82ec6e0f,6311087260,6311087260,activity,4,,,,other,,46.90,Торговля оптовая неспециализированная,,,,,,,,,,,,"{""code"":""46.90"",""description"":""Торговля оптовая неспециализированная""}"
0cfddfc6-c7dd-5188-9a03-b34a82ec6e0f,6311087260,6311087260,activity,5,,,,other,,47.54,Торговля розничная бытовыми электротоварами в специализированных магазинах,,,,,,,,,,,,"{""code"":""47.54"",""description"":""Торговля розничная бытовыми электротоварами в специализированных магазинах""}"
0cfddfc6-c7dd-5188-9a03-b34a82ec6e0f,6311087260,6311087260,activity,6,,,,other,,68.31.22,Предоставление посреднических услуг по аренде нежилого недвижимого имущества за вознаграждение или на договорной основе,,,,,,,,,,,,"{""code"":""68.31.22"",""description"":""Предоставление посреднических услуг по аренде нежилого недвижимого имущества за вознаграждение или на договорной основе""}"
0cfddfc6-c7dd-5188-9a03-b34a82ec6e0f,6311087260,6311087260,activity,7,,,,other,,46.49,Торговля оптовая прочими бытовыми товарами,,,,,,,,,,,,"{""code"":""46.49"",""description"":""Торговля оптовая прочими бытовыми товарами""}"
0cfddfc6-c7dd-5188-9a03-b34a82ec6e0f,6311087260,6311087260,activity,8,,,,other,,68.31.12,Предоставление посреднических услуг при купле-продаже нежилого недвижимого имущества за вознаграждение или на договорной основе,,,,,,,,,,,,"{""code"":""68.31.12"",""description"":""Предоставление посреднических услуг при купле-продаже нежилого недвижимого имущества за вознаграждение или на договорной основе""}"
0cfddfc6-c7dd-5188-9a03-b34a82ec6e0f,6311087260,6311087260,activity,9,,,,other,,47.52.5,Торговля розничная санитарно-техническим оборудованием в специализированных магазинах,,,,,,,,,,,,"{""code"":""47.52.5"",""description"":""Торговля розничная санитарно-техническим оборудованием в специализированных магазинах""}"
0cfddfc6-c7dd-5188-9a03-b34a82ec6e0f,6311087260,6311087260,activity,10,,,,other,,68.31.42,Предоставление консультационных услуг по аренде нежилого недвижимого имущества за вознаграждение или на договорной основе,,,,,,,,,,,,"{""code"":""68.31.42"",""description"":""Предоставление консультационных услуг по аренде нежилого недвижимого имущества за вознаграждение или на договорной основе""}"
0cfddfc6-c7dd-5188-9a03-b34a82ec6e0f,6311087260,6311087260,phone,0,,,,phone,,,,,,,,,,,846,2500138,,,"{""phoneCode"":""846"",""phoneNumber"":""2500138""}"
0cfddfc6-c7dd-5188-9a03-b34a82ec6e0f,6311087260,6311087260,phone,1,,,,phone,,,,,,,,,,,84695,35565,,,"{""phoneCode"":""84695"",""phoneNumber"":""35565""}"
0cfddfc6-c7dd-5188-9a03-b34a82ec6e0f,6311087260,6311087260,phone,2,,,,phone,,,,,,,,,,,84695,35555,,,"{""phoneCode"":""84695"",""phoneNumber"":""35555""}"
0cfddfc6-c7dd-5188-9a03-b34a82ec6e0f,6311087260,6311087260,phone,3,,,,phone,,,,,,,,,,,84695,45555,,,"{""phoneCode"":""84695"",""phoneNumber"":""45555""}"
0cfddfc6-c7dd-5188-9a03-b34a82ec6e0f,6311087260,6311087260,phone,4,,,,phone,,,,,,,,,,,84695,34454,,,"{""phoneCode"":""84695"",""phoneNumber"":""34454""}"
0cfddfc6-c7dd-5188-9a03-b34a82ec6e0f,6311087260,6311087260,phone,5,,,,phone,,,,,,,,,,,84695,34444,,,"{""phoneCode"":""84695"",""phoneNumber"":""34444""}"
0cfddfc6-c7dd-5188-9a03-b34a82ec6e0f,6311087260,6311087260,phone,6,,,,phone,,,,,,,,,,,846,2541546,,,"{""phoneCode"":""846"",""phoneNumber"":""2541546""}"
0cfddfc6-c7dd-5188-9a03-b34a82ec6e0f,6311087260,6311087260,tax_system,0,Упрощенная система налогообложения,,,tax_system,,УСН,,,,,,,,,,,,,"{""fullName"":""Упрощенная система налогообложения"",""shortName"":""УСН""}"
6634710c-504b-51f0-8436-6ba9b12c5c55,3123346195,3123346195,founder,0,БЕДНЕНКО ФЕЛИКС АНДРЕЕВИЧ,312012233294,,founder,,,,97,9700,2020-08-24T21:00:00.000Z,True,,,,,,,,"{""name"":""БЕДНЕНКО ФЕЛИКС АНДРЕЕВИЧ"",""inn"":""312012233294"",""amount"":9700,""share"":97,""dateFrom"":{""$date"":""2020-08-24T21:00:00.000Z""},""active"":true}"
6634710c-504b-51f0-8436-6ba9b12c5c55,3123346195,3123346195,founder,1,ЛИ ВЛАДИМИР МИРОНОВИЧ,643967153956,,founder,,,,3,300,2024-04-16T21:00:00.000Z,True,,,,,,,,"{""name"":""ЛИ ВЛАДИМИР МИРОНОВИЧ"",""inn"":""643967153956"",""amount"":300,""share"":3,""dateFrom"":{""$date"":""2024-04-16T21:00:00.000Z""},""active"":true}"
6634710c-504b-51f0-8436-6ba9b12c5c55,3123346195,3123346195,director,0,БЕДНЕНКО ФЕЛИКС АНДРЕЕВИЧ,312012233294,,director,ГЕНЕРАЛЬНЫЙ ДИРЕКТОР,,,,,2020-09-22T21:00:00.000Z,,,,,,,,,"{""name"":""БЕДНЕНКО ФЕЛИКС АНДРЕЕВИЧ"",""positionName"":""ГЕНЕРАЛЬНЫЙ ДИРЕКТОР"",""inn"":""312012233294"",""positionDate"":{""$date"":""2020-09-22T21:00:00.000Z""}}"
6634710c-504b-51f0-8436-6ba9b12c5c55,3123346195,3123346195,related_company,0,"АО ""РМП-1""",9725169875,1247700641583,related_company,,,,,,,,2024-09-26T21:00:00.000Z,,,,,ЛИ ВЛАДИМИР МИРОНОВИЧ,ГЕНЕРАЛЬНЫЙ ДИРЕКТОР,"{""inn"":""9725169875"",""ogrn"":""1247700641583"",""name"":""АО \""РМП-1\"""",""registrationDate"":{""$date"":""2024-09-26T21:00:00.000Z""},""authPersonName"":""ЛИ ВЛАДИМИР МИРОНОВИЧ"",""authPersonPosition"":""ГЕНЕРАЛЬНЫЙ ДИРЕКТОР""}"
6634710c-504b-51f0-8436-6ba9b12c5c55,3123346195,3123346195,related_company,1,"АО ""УК ЭКО""",9725166578,1247700558445,related_company,,,,,,,,2024-08-18T21:00:00.000Z,,,,,БЕДНЕНКО ФЕЛИКС АНДРЕЕВИЧ,ГЕНЕРАЛЬНЫЙ ДИРЕКТОР,"{""inn"":""9725166578"",""ogrn"":""1247700558445"",""name"":""АО \""УК ЭКО\"""",""registrationDate"":{""$date"":""2024-08-18T21:00:00.000Z""},""authPersonName"":""БЕДНЕНКО ФЕЛИКС АНДРЕЕВИЧ"",""authPersonPosition"":""ГЕНЕРАЛЬНЫЙ ДИРЕКТОР""}"
6634710c-504b-51f0-8436-6ba9b12c5c55,3123346195,3123346195,related_company,2,ООО ФЬЮТЕХ,9724113750,1227700870132,related_company,,,,,,,,2022-12-14T21:00:00.000Z,,,,,ЛИ ВЛАДИМИР МИРОНОВИЧ,ГЕНЕРАЛЬНЫЙ ДИРЕКТОР,"{""inn"":""9724113750"",""ogrn"":""1227700870132"",""name"":""ООО ФЬЮТЕХ"",""registrationDate"":{""$date"":""2022-12-14T21:00:00.000Z""},""authPersonName"":""ЛИ ВЛАДИМИР МИРОНОВИЧ"",""authPersonPosition"":""ГЕНЕРАЛЬНЫЙ ДИРЕКТОР""}"
6634710c-504b-51f0-8436-6ba9b12c5c55,3123346195,3123346195,related_company,3,"АО ""ИПК № 1""",9725170126,1247700646709,related_company,,,,,,,,2024-09-29T21:00:00.000Z,,,,,ЛИ ВЛАДИМИР МИРОНОВИЧ,ГЕНЕРАЛЬНЫЙ ДИРЕКТОР,"{""inn"":""9725170126"",""ogrn"":""1247700646709"",""name"":""АО \""ИПК № 1\"""",""registrationDate"":{""$date"":""2024-09-29T21:00:00.000Z""},""authPersonName"":""ЛИ ВЛАДИМИР МИРОНОВИЧ"",""authPersonPosition"":""ГЕНЕРАЛЬНЫЙ ДИРЕКТОР""}"
6634710c-504b-51f0-8436-6ba9b12c5c55,3123346195,3123346195,related_company,4,ИП БЕДНЕНКО ФЕЛИКС АНДРЕЕВИЧ,312012233294,317774600181524,related_company,,,,,,,,,,,,,,,"{""inn"":""312012233294"",""ogrn"":""317774600181524"",""name"":""ИП БЕДНЕНКО ФЕЛИКС АНДРЕЕВИЧ""}"
6634710c-504b-51f0-8436-6ba9b12c5c55,3123346195,3123346195,related_company,5,"АО ""ГИДРОЛАБ""",9725169040,1247700620562,related_company,,,,,,,,2024-09-16T21:00:00.000Z,,,,,ЛИ ВЛАДИМИР МИРОНОВИЧ,ГЕНЕРАЛЬНЫЙ ДИРЕКТОР,"{""inn"":""9725169040"",""ogrn"":""1247700620562"",""name"":""АО \""ГИДРОЛАБ\"""",""registrationDate"":{""$date"":""2024-09-16T21:00:00.000Z""},""authPersonName"":""ЛИ ВЛАДИМИР МИРОНОВИЧ"",""authPersonPosition"":""ГЕНЕРАЛЬНЫЙ ДИРЕКТОР""}"
6634710c-504b-51f0-8436-6ba9b12c5c55,3123346195,3123346195,related_company,6,ИП ЛИ ВЛАДИМИР МИРОНОВИЧ,643967153956,317645100029964,related_company,,,,,,,,,,,,,,,"{""inn"":""643967153956"",""ogrn"":""317645100029964"",""name"":""ИП ЛИ ВЛАДИМИР МИРОНОВИЧ""}"
6634710c-504b-51f0-8436-6ba9b12c5c55,3123346195,3123346195,activity,0,,,,main,,46.72,Торговля оптовая металлами и металлическими рудами,,,,,,,,,,,,"{""code"":""46.72"",""description"":""Торговля оптовая металлами и металлическими рудами""}"
6634710c-504b-51f0-8436-6ba9b12c5c55,3123346195,3123346195,activity,1,,,,other,,25.12,Производство металлических дверей и окон,,,,,,,,,,,,"{""code"":""25.12"",""description"":""Производство металлических дверей и окон""}"
6634710c-504b-51f0-8436-6ba9b12c5c55,3123346195,3123346195,activity,2,,,,other,,43.99.1,Работы гидроизоляционные,,,,,,,,,,,,"{""code"":""43.99.1"",""description"":""Работы гидроизоляционные""}"
6634710c-504b-51f0-8436-6ba9b12c5c55,3123346195,3123346195,activity,3,,,,other,,25.62,Обработка металлических изделий механическая,,,,,,,,,,,,"{""code"":""25.62"",""description"":""Обработка металлических изделий механическая""}"
6634710c-504b-51f0-8436-6ba9b12c5c55,3123346195,3123346195,activity,4,,,,other,,43.12.1,Расчистка территории строительной площадки,,,,,,,,,,,,"{""code"":""43.12.1"",""description"":""Расчистка территории строительной площадки""}"
6634710c-504b-51f0-8436-6ba9b12c5c55,3123346195,3123346195,activity,5,,,,other,,46.38,"Торговля оптовая прочими пищевыми продуктами, включая рыбу, ракообразных и моллюсков",,,,,,,,,,,,"{""code"":""46.38"",""description"":""Торговля оптовая прочими пищевыми продуктами, включая рыбу, ракообразных и моллюсков""}"
6634710c-504b-51f0-8436-6ba9b12c5c55,3123346195,3123346195,activity,6,,,,other,,49.4,Деятельность автомобильного грузового транспорта и услуги по перевозкам,,,,,,,,,,,,"{""code"":""49.4"",""description"":""Деятельность автомобильного грузового транспорта и услуги по перевозкам""}"
6634710c-504b-51f0-8436-6ba9b12c5c55,3123346195,3123346195,activity,7,,,,other,,46.74.3,Торговля оптовая ручными инструментами,,,,,,,,,,,,"{""code"":""46.74.3"",""description"":""Торговля оптовая ручными инструментами""}"
6634710c-504b-51f0-8436-6ba9b12c5c55,3123346195,3123346195,activity,8,,,,other,,47.91.3,Торговля розничная через Интернет-аукционы,,,,,,,,,,,,"{""code"":""47.91.3"",""description"":""Торговля розничная через Интернет-аукционы""}"
6634710c-504b-51f0-8436-6ba9b12c5c55,3123346195,3123346195,activity,9,,,,other,,52.29,"Деятельность вспомогательная прочая, связанная с перевозками",,,,,,,,,,,,"{""code"":""52.29"",""description"":""Деятельность вспомогательная прочая, связанная с перевозками""}"
6634710c-504b-51f0-8436-6ba9b12c5c55,3123346195,3123346195,activity,10,,,,other,,77.39.11,Аренда и лизинг прочего автомобильного транспорта и оборудования,,,,,,,,,,,,"{""code"":""77.39.11"",""description"":""Аренда и лизинг прочего автомобильного транспорта и оборудования""}"
6634710c-504b-51f0-8436-6ba9b12c5c55,3123346195,3123346195,activity,11,,,,other,,24.20,"Производство стальных труб, полых профилей и фитингов",,,,,,,,,,,,"{""code"":""24.20"",""description"":""Производство стальных труб, полых профилей и фитингов""}"
6634710c-504b-51f0-8436-6ba9b12c5c55,3123346195,3123346195,activity,12,,,,other,,25.61,Обработка металлов и нанесение покрытий на металлы,,,,,,,,,,,,"{""code"":""25.61"",""description"":""Обработка металлов и нанесение покрытий на металлы""}"
6634710c-504b-51f0-8436-6ba9b12c5c55,3123346195,3123346195,activity,13,,,,other,,43.99,"Работы строительные специализированные прочие, не включенные в другие группировки",,,,,,,,,,,,"{""code"":""43.99"",""description"":""Работы строительные специализированные прочие, не включенные в другие группировки""}"
6634710c-504b-51f0-8436-6ba9b12c5c55,3123346195,3123346195,activity,14,,,,other,,43.11,Разборка и снос зданий,,,,,,,,,,,,"{""code"":""43.11"",""description"":""Разборка и снос зданий""}"
6634710c-504b-51f0-8436-6ba9b12c5c55,3123346195,3123346195,activity,15,,,,other,,46.72,Торговля оптовая металлами и металлическими рудами,,,,,,,,,,,,"{""code"":""46.72"",""description"":""Торговля оптовая металлами и металлическими рудами""}"
6634710c-504b-51f0-8436-6ba9b12c5c55,3123346195,3123346195,activity,16,,,,other,,46.73,"Торговля оптовая лесоматериалами, строительными материалами и санитарно-техническим оборудованием",,,,,,,,,,,,"{""code"":""46.73"",""description"":""Торговля оптовая лесоматериалами, строительными материалами и санитарно-техническим оборудованием""}"
6634710c-504b-51f0-8436-6ba9b12c5c55,3123346195,3123346195,activity,17,,,,other,,49.32,Деятельность легкового такси и арендованных легковых автомобилей с водителем,,,,,,,,,,,,"{""code"":""49.32"",""description"":""Деятельность легкового такси и арендованных легковых автомобилей с водителем""}"
6634710c-504b-51f0-8436-6ba9b12c5c55,3123346195,3123346195,activity,18,,,,other,,52.10,Деятельность по складированию и хранению,,,,,,,,,,,,"{""code"":""52.10"",""description"":""Деятельность по складированию и хранению""}"
6634710c-504b-51f0-8436-6ba9b12c5c55,3123346195,3123346195,activity,19,,,,other,,47.91.2,"Торговля розничная, осуществляемая непосредственно при помощи информационно-коммуникационной сети Интернет",,,,,,,,,,,,"{""code"":""47.91.2"",""description"":""Торговля розничная, осуществляемая непосредственно при помощи информационно-коммуникационной сети Интернет""}"
6634710c-504b-51f0-8436-6ba9b12c5c55,3123346195,3123346195,activity,20,,,,other,,77.32,Аренда и лизинг строительных машин и оборудования,,,,,,,,,,,,"{""code"":""77.32"",""description"":""Аренда и лизинг строительных машин и оборудования""}"
6634710c-504b-51f0-8436-6ba9b12c5c55,3123346195,3123346195,activity,21,,,,other,,43.99.7,Работы по сборке и монтажу сборных конструкций,,,,,,,,,,,,"{""code"":""43.99.7"",""description"":""Работы по сборке и монтажу сборных конструкций""}"
6634710c-504b-51f0-8436-6ba9b12c5c55,3123346195,3123346195,activity,22,,,,other,,25.50,"Ковка, прессование, штамповка и профилирование, изготовление изделий методом порошковой металлургии",,,,,,,,,,,,"{""code"":""25.50"",""description"":""Ковка, прессование, штамповка и профилирование, изготовление изделий методом порошковой металлургии""}"
6634710c-504b-51f0-8436-6ba9b12c5c55,3123346195,3123346195,activity,23,,,,other,,43.21,Производство электромонтажных работ,,,,,,,,,,,,"{""code"":""43.21"",""description"":""Производство электромонтажных работ""}"
6634710c-504b-51f0-8436-6ba9b12c5c55,3123346195,3123346195,activity,24,,,,other,,41.20,Строительство жилых и нежилых зданий,,,,,,,,,,,,"{""code"":""41.20"",""description"":""Строительство жилых и нежилых зданий""}"
6634710c-504b-51f0-8436-6ba9b12c5c55,3123346195,3123346195,activity,25,,,,other,,46.38.2,Торговля оптовая прочими пищевыми продуктами,,,,,,,,,,,,"{""code"":""46.38.2"",""description"":""Торговля оптовая прочими пищевыми продуктами""}"
6634710c-504b-51f0-8436-6ba9b12c5c55,3123346195,3123346195,activity,26,,,,other,,47.91.4,"Торговля розничная, осуществляемая непосредственно при помощи телевидения, радио, телефона",,,,,,,,,,,,"{""code"":""47.91.4"",""description"":""Торговля розничная, осуществляемая непосредственно при помощи телевидения, радио, телефона""}"
6634710c-504b-51f0-8436-6ba9b12c5c55,3123346195,3123346195,activity,27,,,,other,,46.90,Торговля оптовая неспециализированная,,,,,,,,,,,,"{""code"":""46.90"",""description"":""Торговля оптовая неспециализированная""}"
6634710c-504b-51f0-8436-6ba9b12c5c55,3123346195,3123346195,activity,28,,,,other,,49.41.3,Аренда грузового автомобильного транспорта с водителем,,,,,,,,,,,,"{""code"":""49.41.3"",""description"":""Аренда грузового автомобильного транспорта с водителем""}"
6634710c-504b-51f0-8436-6ba9b12c5c55,3123346195,3123346195,activity,29,,,,other,,70.22,Консультирование по вопросам коммерческой деятельности и управления,,,,,,,,,,,,"{""code"":""70.22"",""description"":""Консультирование по вопросам коммерческой деятельности и управления""}"
6634710c-504b-51f0-8436-6ba9b12c5c55,3123346195,3123346195,activity,30,,,,other,,71.12,"Деятельность в области инженерных изысканий, инженерно-технического проектирования, управления проектами строительства, выполнения строительного контроля и авторского надзора, предоставление технических консультаций в этих областях",,,,,,,,,,,,"{""code"":""71.12"",""description"":""Деятельность в области инженерных изысканий, инженерно-технического проектирования, управления проектами строительства, выполнения строительного контроля и авторского надзора, предоставление технических консультаций в этих областях""}"
6634710c-504b-51f0-8436-6ba9b12c5c55,3123346195,3123346195,activity,31,,,,other,,74.10,Деятельность специализированная в области дизайна,,,,,,,,,,,,"{""code"":""74.10"",""description"":""Деятельность специализированная в области дизайна""}"
6634710c-504b-51f0-8436-6ba9b12c5c55,3123346195,3123346195,activity,32,,,,other,,14.39,Производство прочих вязаных и трикотажных изделий,,,,,,,,,,,,"{""code"":""14.39"",""description"":""Производство прочих вязаных и трикотажных изделий""}"
6634710c-504b-51f0-8436-6ba9b12c5c55,3123346195,3123346195,activity,33,,,,other,,14.19,Производство прочей одежды и аксессуаров одежды,,,,,,,,,,,,"{""code"":""14.19"",""description"":""Производство прочей одежды и аксессуаров одежды""}"
6634710c-504b-51f0-8436-6ba9b12c5c55,3123346195,3123346195,activity,34,,,,other,,73.11,Деятельность рекламных агентств,,,,,,,,,,,,"{""code"":""73.11"",""description"":""Деятельность рекламных агентств""}"
6634710c-504b-51f0-8436-6ba9b12c5c55,3123346195,3123346195,activity,35,,,,other,,18.13,Изготовление печатных форм и подготовительная деятельность,,,,,,,,,,,,"{""code"":""18.13"",""description"":""Изготовление печатных форм и подготовительная деятельность""}"
6634710c-504b-51f0-8436-6ba9b12c5c55,3123346195,3123346195,activity,36,,,,other,,13.30,Отделка тканей и текстильных изделий,,,,,,,,,,,,"{""code"":""13.30"",""description"":""Отделка тканей и текстильных изделий""}"
6634710c-504b-51f0-8436-6ba9b12c5c55,3123346195,3123346195,activity,37,,,,other,,18.12,Прочие виды полиграфической деятельности,,,,,,,,,,,,"{""code"":""18.12"",""description"":""Прочие виды полиграфической деятельности""}"
6634710c-504b-51f0-8436-6ba9b12c5c55,3123346195,3123346195,activity,38,,,,other,,25.11,"Производство строительных металлических конструкций, изделий и их частей",,,,,,,,,,,,"{""code"":""25.11"",""description"":""Производство строительных металлических конструкций, изделий и их частей""}"
6634710c-504b-51f0-8436-6ba9b12c5c55,3123346195,3123346195,phone,0,,,,phone,,,,,,,,,,,495,1504539,,,"{""phoneCode"":""495"",""phoneNumber"":""1504539""}"
6634710c-504b-51f0-8436-6ba9b12c5c55,3123346195,3123346195,phone,1,,,,phone,,,,,,,,,,,495,7292377,,,"{""phoneCode"":""495"",""phoneNumber"":""7292377""}"
6634710c-504b-51f0-8436-6ba9b12c5c55,3123346195,3123346195,phone,2,,,,phone,,,,,,,,,,,499,9554154,,,"{""phoneCode"":""499"",""phoneNumber"":""9554154""}"
6634710c-504b-51f0-8436-6ba9b12c5c55,3123346195,3123346195,phone,3,,,,phone,,,,,,,,,,,910,3200170,,,"{""phoneCode"":""910"",""phoneNumber"":""3200170""}"
6634710c-504b-51f0-8436-6ba9b12c5c55,3123346195,3123346195,tax_system,0,Общая система налогообложения,,,tax_system,,ОСНО,,,,,,,,,,,,,"{""fullName"":""Общая система налогообложения"",""shortName"":""ОСНО""}"
2137cbe1-45a7-567f-96dd-073fc4350bcf,3715005612,3715005612,founder,0,ЯКИМОВА ИРИНА ВЯЧЕСЛАВОВНА,370214520560,,founder,,,,100,10000,2025-04-29T21:00:00.000Z,True,,,,,,,,"{""name"":""ЯКИМОВА ИРИНА ВЯЧЕСЛАВОВНА"",""inn"":""370214520560"",""amount"":10000,""share"":100,""dateFrom"":{""$date"":""2025-04-29T21:00:00.000Z""},""active"":true}"
2137cbe1-45a7-567f-96dd-073fc4350bcf,3715005612,3715005612,director,0,ЯКИМОВА ИРИНА ВЯЧЕСЛАВОВНА,370214520560,,director,ГЕНЕРАЛЬНЫЙ ДИРЕКТОР,,,,,2025-04-29T21:00:00.000Z,,,,,,,,,"{""name"":""ЯКИМОВА ИРИНА ВЯЧЕСЛАВОВНА"",""positionName"":""ГЕНЕРАЛЬНЫЙ ДИРЕКТОР"",""inn"":""370214520560"",""positionDate"":{""$date"":""2025-04-29T21:00:00.000Z""}}"
2137cbe1-45a7-567f-96dd-073fc4350bcf,3715005612,3715005612,related_company,0,"ГСК ""СЕРЕДА""",3702040842,1033700104514,related_company,,,,,,,,2003-06-29T20:00:00.000Z,,,,,ДИАНЫЧЕВА ИРИНА ВАДИМОВНА,ПРЕДСЕДАТЕЛЬ,"{""inn"":""3702040842"",""ogrn"":""1033700104514"",""name"":""ГСК \""СЕРЕДА\"""",""registrationDate"":{""$date"":""2003-06-29T20:00:00.000Z""},""authPersonName"":""ДИАНЫЧЕВА ИРИНА ВАДИМОВНА"",""authPersonPosition"":""ПРЕДСЕДАТЕЛЬ""}"
2137cbe1-45a7-567f-96dd-073fc4350bcf,3715005612,3715005612,related_company,1,"ПГК ""МОСТ-2""",3702200528,1183702011118,related_company,,,,,,,,2018-06-04T21:00:00.000Z,,,,,ДИАНЫЧЕВА ИРИНА ВАДИМОВНА,ПРЕДСЕДАТЕЛЬ,"{""inn"":""3702200528"",""ogrn"":""1183702011118"",""name"":""ПГК \""МОСТ-2\"""",""registrationDate"":{""$date"":""2018-06-04T21:00:00.000Z""},""authPersonName"":""ДИАНЫЧЕВА ИРИНА ВАДИМОВНА"",""authPersonPosition"":""ПРЕДСЕДАТЕЛЬ""}"
2137cbe1-45a7-567f-96dd-073fc4350bcf,3715005612,3715005612,activity,0,,,,main,,45.31,"Торговля оптовая автомобильными деталями, узлами и принадлежностями",,,,,,,,,,,,"{""code"":""45.31"",""description"":""Торговля оптовая автомобильными деталями, узлами и принадлежностями""}"
2137cbe1-45a7-567f-96dd-073fc4350bcf,3715005612,3715005612,activity,1,,,,other,,49.41,Деятельность автомобильного грузового транспорта,,,,,,,,,,,,"{""code"":""49.41"",""description"":""Деятельность автомобильного грузового транспорта""}"
2137cbe1-45a7-567f-96dd-073fc4350bcf,3715005612,3715005612,activity,2,,,,other,,46.6,"Торговля оптовая прочими машинами, оборудованием и принадлежностями",,,,,,,,,,,,"{""code"":""46.6"",""description"":""Торговля оптовая прочими машинами, оборудованием и принадлежностями""}"
2137cbe1-45a7-567f-96dd-073fc4350bcf,3715005612,3715005612,activity,3,,,,other,,08.12,"Разработка гравийных и песчаных карьеров, добыча глины и каолина",,,,,,,,,,,,"{""code"":""08.12"",""description"":""Разработка гравийных и песчаных карьеров, добыча глины и каолина""}"
2137cbe1-45a7-567f-96dd-073fc4350bcf,3715005612,3715005612,activity,4,,,,other,,49.41.3,Аренда грузового автомобильного транспорта с водителем,,,,,,,,,,,,"{""code"":""49.41.3"",""description"":""Аренда грузового автомобильного транспорта с водителем""}"
2137cbe1-45a7-567f-96dd-073fc4350bcf,3715005612,3715005612,activity,5,,,,other,,52.24,Транспортная обработка грузов,,,,,,,,,,,,"{""code"":""52.24"",""description"":""Транспортная обработка грузов""}"
2137cbe1-45a7-567f-96dd-073fc4350bcf,3715005612,3715005612,activity,6,,,,other,,43.11,Разборка и снос зданий,,,,,,,,,,,,"{""code"":""43.11"",""description"":""Разборка и снос зданий""}"
2137cbe1-45a7-567f-96dd-073fc4350bcf,3715005612,3715005612,activity,7,,,,other,,46.73,"Торговля оптовая лесоматериалами, строительными материалами и санитарно-техническим оборудованием",,,,,,,,,,,,"{""code"":""46.73"",""description"":""Торговля оптовая лесоматериалами, строительными материалами и санитарно-техническим оборудованием""}"
2137cbe1-45a7-567f-96dd-073fc4350bcf,3715005612,3715005612,activity,8,,,,other,,49.41.1,Перевозка грузов специализированными автотранспортными средствами,,,,,,,,,,,,"{""code"":""49.41.1"",""description"":""Перевозка грузов специализированными автотранспортными средствами""}"
2137cbe1-45a7-567f-96dd-073fc4350bcf,3715005612,3715005612,activity,9,,,,other,,68.2,Аренда и управление собственным или арендованным недвижимым имуществом,,,,,,,,,,,,"{""code"":""68.2"",""description"":""Аренда и управление собственным или арендованным недвижимым имуществом""}"
2137cbe1-45a7-567f-96dd-073fc4350bcf,3715005612,3715005612,activity,10,,,,other,,49.42,Предоставление услуг по перевозкам,,,,,,,,,,,,"{""code"":""49.42"",""description"":""Предоставление услуг по перевозкам""}"
2137cbe1-45a7-567f-96dd-073fc4350bcf,3715005612,3715005612,activity,11,,,,other,,77.32,Аренда и лизинг строительных машин и оборудования,,,,,,,,,,,,"{""code"":""77.32"",""description"":""Аренда и лизинг строительных машин и оборудования""}"
2137cbe1-45a7-567f-96dd-073fc4350bcf,3715005612,3715005612,activity,12,,,,other,,43.12,Подготовка строительной площадки,,,,,,,,,,,,"{""code"":""43.12"",""description"":""Подготовка строительной площадки""}"
2137cbe1-45a7-567f-96dd-073fc4350bcf,3715005612,3715005612,activity,13,,,,other,,43.99,"Работы строительные специализированные прочие, не включенные в другие группировки",,,,,,,,,,,,"{""code"":""43.99"",""description"":""Работы строительные специализированные прочие, не включенные в другие группировки""}"
2137cbe1-45a7-567f-96dd-073fc4350bcf,3715005612,3715005612,activity,14,,,,other,,49.4,Деятельность автомобильного грузового транспорта и услуги по перевозкам,,,,,,,,,,,,"{""code"":""49.4"",""description"":""Деятельность автомобильного грузового транспорта и услуги по перевозкам""}"
2137cbe1-45a7-567f-96dd-073fc4350bcf,3715005612,3715005612,activity,15,,,,other,,49.41.2,Перевозка грузов неспециализированными автотранспортными средствами,,,,,,,,,,,,"{""code"":""49.41.2"",""description"":""Перевозка грузов неспециализированными автотранспортными средствами""}"
2137cbe1-45a7-567f-96dd-073fc4350bcf,3715005612,3715005612,activity,16,,,,other,,52.10,Деятельность по складированию и хранению,,,,,,,,,,,,"{""code"":""52.10"",""description"":""Деятельность по складированию и хранению""}"
2137cbe1-45a7-567f-96dd-073fc4350bcf,3715005612,3715005612,activity,17,,,,other,,68.3,Операции с недвижимым имуществом за вознаграждение или на договорной основе,,,,,,,,,,,,"{""code"":""68.3"",""description"":""Операции с недвижимым имуществом за вознаграждение или на договорной основе""}"
2137cbe1-45a7-567f-96dd-073fc4350bcf,3715005612,3715005612,activity,18,,,,other,,77.39,"Аренда и лизинг прочих видов транспорта, оборудования и материальных средств, не включенных в другие группировки",,,,,,,,,,,,"{""code"":""77.39"",""description"":""Аренда и лизинг прочих видов транспорта, оборудования и материальных средств, не включенных в другие группировки""}"
2137cbe1-45a7-567f-96dd-073fc4350bcf,3715005612,3715005612,activity,19,,,,other,,46.71,"Торговля оптовая твердым, жидким и газообразным топливом и подобными продуктами",,,,,,,,,,,,"{""code"":""46.71"",""description"":""Торговля оптовая твердым, жидким и газообразным топливом и подобными продуктами""}"
2137cbe1-45a7-567f-96dd-073fc4350bcf,3715005612,3715005612,activity,20,,,,other,,46.90,Торговля оптовая неспециализированная,,,,,,,,,,,,"{""code"":""46.90"",""description"":""Торговля оптовая неспециализированная""}"
2137cbe1-45a7-567f-96dd-073fc4350bcf,3715005612,3715005612,activity,21,,,,other,,45.11,Торговля легковыми автомобилями и грузовыми автомобилями малой грузоподъемности,,,,,,,,,,,,"{""code"":""45.11"",""description"":""Торговля легковыми автомобилями и грузовыми автомобилями малой грузоподъемности""}"
2137cbe1-45a7-567f-96dd-073fc4350bcf,3715005612,3715005612,activity,22,,,,other,,45.32.2,"Торговля розничная автомобильными деталями, узлами и принадлежностями прочая",,,,,,,,,,,,"{""code"":""45.32.2"",""description"":""Торговля розничная автомобильными деталями, узлами и принадлежностями прочая""}"
2137cbe1-45a7-567f-96dd-073fc4350bcf,3715005612,3715005612,activity,23,,,,other,,96.09,"Предоставление прочих персональных услуг, не включенных в другие группировки",,,,,,,,,,,,"{""code"":""96.09"",""description"":""Предоставление прочих персональных услуг, не включенных в другие группировки""}"
2137cbe1-45a7-567f-96dd-073fc4350bcf,3715005612,3715005612,phone,0,,,,phone,,,,,,,,,,,493,4247771,,,"{""phoneCode"":""493"",""phoneNumber"":""4247771""}"
2137cbe1-45a7-567f-96dd-073fc4350bcf,3715005612,3715005612,tax_system,0,Упрощенная система налогообложения,,,tax_system,,УСН,,,,,,,,,,,,,"{""fullName"":""Упрощенная система налогообложения"",""shortName"":""УСН""}"
5f748cc7-62d5-50cf-8daa-c302d69b7c78,4720028039,4720028039,founder,0,РАДЗЕВИЧ ВЕРА НИКОЛАЕВНА,781101408285,,founder,,,,25,2500,2008-02-05T21:00:00.000Z,True,,,,,,,,"{""name"":""РАДЗЕВИЧ ВЕРА НИКОЛАЕВНА"",""inn"":""781101408285"",""amount"":2500,""share"":25,""dateFrom"":{""$date"":""2008-02-05T21:00:00.000Z""},""active"":true}"
5f748cc7-62d5-50cf-8daa-c302d69b7c78,4720028039,4720028039,founder,1,ЗАРИЦКАЯ СВЕТЛАНА ЮРЬЕВНА,781132207821,,founder,,,,63,6300,2014-05-25T20:00:00.000Z,True,,,,,,,,"{""name"":""ЗАРИЦКАЯ СВЕТЛАНА ЮРЬЕВНА"",""inn"":""781132207821"",""amount"":6300,""share"":63,""dateFrom"":{""$date"":""2014-05-25T20:00:00.000Z""},""active"":true}"
5f748cc7-62d5-50cf-8daa-c302d69b7c78,4720028039,4720028039,founder,2,Радзевич Владислав Юрьевич,780400396068,,founder,,,,12,1200,2008-02-05T21:00:00.000Z,True,,,,,,,,"{""name"":""Радзевич Владислав Юрьевич"",""inn"":""780400396068"",""amount"":1200,""share"":12,""dateFrom"":{""$date"":""2008-02-05T21:00:00.000Z""},""active"":true}"
5f748cc7-62d5-50cf-8daa-c302d69b7c78,4720028039,4720028039,director,0,ЗАРИЦКАЯ СВЕТЛАНА ЮРЬЕВНА,781132207821,,director,ГЕНЕРАЛЬНЫЙ ДИРЕКТОР,,,,,2021-04-22T21:00:00.000Z,,,,,,,,,"{""name"":""ЗАРИЦКАЯ СВЕТЛАНА ЮРЬЕВНА"",""positionName"":""ГЕНЕРАЛЬНЫЙ ДИРЕКТОР"",""inn"":""781132207821"",""positionDate"":{""$date"":""2021-04-22T21:00:00.000Z""}}"
5f748cc7-62d5-50cf-8daa-c302d69b7c78,4720028039,4720028039,related_company,0,"ООО ""ЗСО""",4720031578,1094720001507,related_company,,,,,,,,2009-11-02T21:00:00.000Z,,,,,ЗАРИЦКАЯ СВЕТЛАНА ЮРЬЕВНА,ГЕНЕРАЛЬНЫЙ ДИРЕКТОР,"{""inn"":""4720031578"",""ogrn"":""1094720001507"",""name"":""ООО \""ЗСО\"""",""registrationDate"":{""$date"":""2009-11-02T21:00:00.000Z""},""authPersonName"":""ЗАРИЦКАЯ СВЕТЛАНА ЮРЬЕВНА"",""authPersonPosition"":""ГЕНЕРАЛЬНЫЙ ДИРЕКТОР""}"
5f748cc7-62d5-50cf-8daa-c302d69b7c78,4720028039,4720028039,related_company,1,"ООО ""ЛЗСО""",7805327192,1157847340859,related_company,,,,,,,,2015-10-07T21:00:00.000Z,,,,,ЗАРИЦКАЯ СВЕТЛАНА ЮРЬЕВНА,ГЕНЕРАЛЬНЫЙ ДИРЕКТОР,"{""inn"":""7805327192"",""ogrn"":""1157847340859"",""name"":""ООО \""ЛЗСО\"""",""registrationDate"":{""$date"":""2015-10-07T21:00:00.000Z""},""authPersonName"":""ЗАРИЦКАЯ СВЕТЛАНА ЮРЬЕВНА"",""authPersonPosition"":""ГЕНЕРАЛЬНЫЙ ДИРЕКТОР""}"
5f748cc7-62d5-50cf-8daa-c302d69b7c78,4720028039,4720028039,related_company,2,"ООО ""ЛЗСО""",7819030480,1047829002957,related_company,,,,,,,,2004-06-07T20:00:00.000Z,,,,,ЗАРИЦКАЯ СВЕТЛАНА ЮРЬЕВНА,ГЕНЕРАЛЬНЫЙ ДИРЕКТОР,"{""inn"":""7819030480"",""ogrn"":""1047829002957"",""name"":""ООО \""ЛЗСО\"""",""registrationDate"":{""$date"":""2004-06-07T20:00:00.000Z""},""authPersonName"":""ЗАРИЦКАЯ СВЕТЛАНА ЮРЬЕВНА"",""authPersonPosition"":""ГЕНЕРАЛЬНЫЙ ДИРЕКТОР""}"
5f748cc7-62d5-50cf-8daa-c302d69b7c78,4720028039,4720028039,related_company,3,"ООО  ""ВОЛНА""",7819303554,1057813100674,related_company,,,,,,,,2005-12-07T21:00:00.000Z,,,,,ГВОЗДЕВА СВЕТЛАНА ЛЕОНИДОВНА,ГЕНЕРАЛЬНЫЙ ДИРЕКТОР,"{""inn"":""7819303554"",""ogrn"":""1057813100674"",""name"":""ООО  \""ВОЛНА\"""",""registrationDate"":{""$date"":""2005-12-07T21:00:00.000Z""},""authPersonName"":""ГВОЗДЕВА СВЕТЛАНА ЛЕОНИДОВНА"",""authPersonPosition"":""ГЕНЕРАЛЬНЫЙ ДИРЕКТОР""}"
5f748cc7-62d5-50cf-8daa-c302d69b7c78,4720028039,4720028039,activity,0,,,,main,,30.11,"Строительство кораблей, судов и плавучих конструкций",,,,,,,,,,,,"{""code"":""30.11"",""description"":""Строительство кораблей, судов и плавучих конструкций""}"
5f748cc7-62d5-50cf-8daa-c302d69b7c78,4720028039,4720028039,activity,1,,,,other,,68.20.2,Аренда и управление собственным или арендованным нежилым недвижимым имуществом,,,,,,,,,,,,"{""code"":""68.20.2"",""description"":""Аренда и управление собственным или арендованным нежилым недвижимым имуществом""}"
5f748cc7-62d5-50cf-8daa-c302d69b7c78,4720028039,4720028039,activity,2,,,,other,,33.15,Ремонт и техническое обслуживание судов и лодок,,,,,,,,,,,,"{""code"":""33.15"",""description"":""Ремонт и техническое обслуживание судов и лодок""}"
5f748cc7-62d5-50cf-8daa-c302d69b7c78,4720028039,4720028039,tax_system,0,Общая система налогообложения,,,tax_system,,ОСНО,,,,,,,,,,,,,"{""fullName"":""Общая система налогообложения"",""shortName"":""ОСНО""}"
0003b9aa-e9d9-5411-a626-617b0fc88876,010701412150,010701412150,activity,0,,,,main,,49.41,Деятельность автомобильного грузового транспорта,,,,,,,,,,,,"{""code"":""49.41"",""description"":""Деятельность автомобильного грузового транспорта""}"
0003b9aa-e9d9-5411-a626-617b0fc88876,010701412150,010701412150,activity,1,,,,other,,46.17,"Деятельность агентов по оптовой торговле пищевыми продуктами, напитками и табачными изделиями",,,,,,,,,,,,"{""code"":""46.17"",""description"":""Деятельность агентов по оптовой торговле пищевыми продуктами, напитками и табачными изделиями""}"
0003b9aa-e9d9-5411-a626-617b0fc88876,010701412150,010701412150,activity,2,,,,other,,49.42,Предоставление услуг по перевозкам,,,,,,,,,,,,"{""code"":""49.42"",""description"":""Предоставление услуг по перевозкам""}"
0003b9aa-e9d9-5411-a626-617b0fc88876,010701412150,010701412150,activity,3,,,,other,,77.12,Аренда и лизинг грузовых транспортных средств,,,,,,,,,,,,"{""code"":""77.12"",""description"":""Аренда и лизинг грузовых транспортных средств""}"
0003b9aa-e9d9-5411-a626-617b0fc88876,010701412150,010701412150,activity,4,,,,other,,47.89,Торговля розничная в нестационарных торговых объектах и на рынках прочими товарами,,,,,,,,,,,,"{""code"":""47.89"",""description"":""Торговля розничная в нестационарных торговых объектах и на рынках прочими товарами""}"
0003b9aa-e9d9-5411-a626-617b0fc88876,010701412150,010701412150,activity,5,,,,other,,47.30,Торговля розничная моторным топливом в специализированных магазинах,,,,,,,,,,,,"{""code"":""47.30"",""description"":""Торговля розничная моторным топливом в специализированных магазинах""}"
0003b9aa-e9d9-5411-a626-617b0fc88876,010701412150,010701412150,activity,6,,,,other,,46.90,Торговля оптовая неспециализированная,,,,,,,,,,,,"{""code"":""46.90"",""description"":""Торговля оптовая неспециализированная""}"
0003b9aa-e9d9-5411-a626-617b0fc88876,010701412150,010701412150,activity,7,,,,other,,46.18,"Деятельность агентов, специализирующихся на оптовой торговле прочими отдельными видами товаров",,,,,,,,,,,,"{""code"":""46.18"",""description"":""Деятельность агентов, специализирующихся на оптовой торговле прочими отдельными видами товаров""}"
3fc02950-2ac6-5c07-ae6a-d312f3b070a5,5074059470,5074059470,founder,0,РУНКОВ ВИТАЛИЙ ДМИТРИЕВИЧ,773773505819,,founder,,,,100,10000,2020-03-25T21:00:00.000Z,True,,,,,,,,"{""name"":""РУНКОВ ВИТАЛИЙ ДМИТРИЕВИЧ"",""inn"":""773773505819"",""amount"":10000,""share"":100,""dateFrom"":{""$date"":""2020-03-25T21:00:00.000Z""},""active"":true}"
3fc02950-2ac6-5c07-ae6a-d312f3b070a5,5074059470,5074059470,director,0,РУНКОВ ВИТАЛИЙ ДМИТРИЕВИЧ,773773505819,,director,ДИРЕКТОР,,,,,2020-03-25T21:00:00.000Z,,,,,,,,,"{""name"":""РУНКОВ ВИТАЛИЙ ДМИТРИЕВИЧ"",""positionName"":""ДИРЕКТОР"",""inn"":""773773505819"",""positionDate"":{""$date"":""2020-03-25T21:00:00.000Z""}}"
3fc02950-2ac6-5c07-ae6a-d312f3b070a5,5074059470,5074059470,activity,0,,,,main,,46.90,Торговля оптовая неспециализированная,,,,,,,,,,,,"{""code"":""46.90"",""description"":""Торговля оптовая неспециализированная""}"
3fc02950-2ac6-5c07-ae6a-d312f3b070a5,5074059470,5074059470,activity,1,,,,other,,68.20,Аренда и управление собственным или арендованным недвижимым имуществом,,,,,,,,,,,,"{""code"":""68.20"",""description"":""Аренда и управление собственным или арендованным недвижимым имуществом""}"
3fc02950-2ac6-5c07-ae6a-d312f3b070a5,5074059470,5074059470,activity,2,,,,other,,77.32,Аренда и лизинг строительных машин и оборудования,,,,,,,,,,,,"{""code"":""77.32"",""description"":""Аренда и лизинг строительных машин и оборудования""}"
3fc02950-2ac6-5c07-ae6a-d312f3b070a5,5074059470,5074059470,activity,3,,,,other,,43.29,Производство прочих строительно-монтажных работ,,,,,,,,,,,,"{""code"":""43.29"",""description"":""Производство прочих строительно-монтажных работ""}"
3fc02950-2ac6-5c07-ae6a-d312f3b070a5,5074059470,5074059470,activity,4,,,,other,,77.39.11,Аренда и лизинг прочего автомобильного транспорта и оборудования,,,,,,,,,,,,"{""code"":""77.39.11"",""description"":""Аренда и лизинг прочего автомобильного транспорта и оборудования""}"
3fc02950-2ac6-5c07-ae6a-d312f3b070a5,5074059470,5074059470,activity,5,,,,other,,64.91,Деятельность по финансовой аренде (лизингу/сублизингу),,,,,,,,,,,,"{""code"":""64.91"",""description"":""Деятельность по финансовой аренде (лизингу/сублизингу)""}"
3fc02950-2ac6-5c07-ae6a-d312f3b070a5,5074059470,5074059470,tax_system,0,Общая система налогообложения,,,tax_system,,ОСНО,,,,,,,,,,,,,"{""fullName"":""Общая система налогообложения"",""shortName"":""ОСНО""}"
a8110af7-d22c-5fe2-b280-e052af603901,8905068592,8905068592,founder,0,КИЛЬМЕТОВ АНДРЕЙ СЕРГЕЕВИЧ,890509426464,,founder,,,,50,505000,2023-05-22T21:00:00.000Z,True,,,,,,,,"{""name"":""КИЛЬМЕТОВ АНДРЕЙ СЕРГЕЕВИЧ"",""inn"":""890509426464"",""amount"":505000,""share"":50,""dateFrom"":{""$date"":""2023-05-22T21:00:00.000Z""},""active"":true}"
a8110af7-d22c-5fe2-b280-e052af603901,8905068592,8905068592,founder,1,СИЛИН АРТЁМ АЛЕКСЕЕВИЧ,743805002561,,founder,,,,50,505000,2023-05-22T21:00:00.000Z,True,,,,,,,,"{""name"":""СИЛИН АРТЁМ АЛЕКСЕЕВИЧ"",""inn"":""743805002561"",""amount"":505000,""share"":50,""dateFrom"":{""$date"":""2023-05-22T21:00:00.000Z""},""active"":true}"
a8110af7-d22c-5fe2-b280-e052af603901,8905068592,8905068592,director,0,СИЛИН АРТЁМ АЛЕКСЕЕВИЧ,743805002561,,director,ГЕНЕРАЛЬНЫЙ ДИРЕКТОР,,,,,2023-05-22T21:00:00.000Z,,,,,,,,,"{""name"":""СИЛИН АРТЁМ АЛЕКСЕЕВИЧ"",""positionName"":""ГЕНЕРАЛЬНЫЙ ДИРЕКТОР"",""inn"":""743805002561"",""positionDate"":{""$date"":""2023-05-22T21:00:00.000Z""}}"
a8110af7-d22c-5fe2-b280-e052af603901,8905068592,8905068592,related_company,0,"ООО ""ИНДУСТРИЯ""",7460060153,1237400003081,related_company,,,,,,,,2023-01-24T21:00:00.000Z,,,,,ФОМИНА МАРИНА НИКОЛАЕВНА,ДИРЕКТОР,"{""inn"":""7460060153"",""ogrn"":""1237400003081"",""name"":""ООО \""ИНДУСТРИЯ\"""",""registrationDate"":{""$date"":""2023-01-24T21:00:00.000Z""},""authPersonName"":""ФОМИНА МАРИНА НИКОЛАЕВНА"",""authPersonPosition"":""ДИРЕКТОР""}"
a8110af7-d22c-5fe2-b280-e052af603901,8905068592,8905068592,related_company,1,ИП КИЛЬМЕТОВ АНДРЕЙ СЕРГЕЕВИЧ,890509426464,312890504700108,related_company,,,,,,,,,,,,,,,"{""inn"":""890509426464"",""ogrn"":""312890504700108"",""name"":""ИП КИЛЬМЕТОВ АНДРЕЙ СЕРГЕЕВИЧ""}"
a8110af7-d22c-5fe2-b280-e052af603901,8905068592,8905068592,activity,0,,,,main,,49.41,Деятельность автомобильного грузового транспорта,,,,,,,,,,,,"{""code"":""49.41"",""description"":""Деятельность автомобильного грузового транспорта""}"
a8110af7-d22c-5fe2-b280-e052af603901,8905068592,8905068592,activity,1,,,,other,,49.42,Предоставление услуг по перевозкам,,,,,,,,,,,,"{""code"":""49.42"",""description"":""Предоставление услуг по перевозкам""}"
a8110af7-d22c-5fe2-b280-e052af603901,8905068592,8905068592,activity,2,,,,other,,45.32,"Торговля розничная автомобильными деталями, узлами и принадлежностями",,,,,,,,,,,,"{""code"":""45.32"",""description"":""Торговля розничная автомобильными деталями, узлами и принадлежностями""}"
a8110af7-d22c-5fe2-b280-e052af603901,8905068592,8905068592,activity,3,,,,other,,43.33,Работы по устройству покрытий полов и облицовке стен,,,,,,,,,,,,"{""code"":""43.33"",""description"":""Работы по устройству покрытий полов и облицовке стен""}"
a8110af7-d22c-5fe2-b280-e052af603901,8905068592,8905068592,activity,4,,,,other,,43.34.1,Производство малярных работ,,,,,,,,,,,,"{""code"":""43.34.1"",""description"":""Производство малярных работ""}"
a8110af7-d22c-5fe2-b280-e052af603901,8905068592,8905068592,activity,5,,,,other,,43.99.5,Работы по монтажу стальных строительных конструкций,,,,,,,,,,,,"{""code"":""43.99.5"",""description"":""Работы по монтажу стальных строительных конструкций""}"
a8110af7-d22c-5fe2-b280-e052af603901,8905068592,8905068592,activity,6,,,,other,,43.29,Производство прочих строительно-монтажных работ,,,,,,,,,,,,"{""code"":""43.29"",""description"":""Производство прочих строительно-монтажных работ""}"
a8110af7-d22c-5fe2-b280-e052af603901,8905068592,8905068592,activity,7,,,,other,,43.91,Производство кровельных работ,,,,,,,,,,,,"{""code"":""43.91"",""description"":""Производство кровельных работ""}"
a8110af7-d22c-5fe2-b280-e052af603901,8905068592,8905068592,activity,8,,,,other,,43.99.4,Работы бетонные и железобетонные,,,,,,,,,,,,"{""code"":""43.99.4"",""description"":""Работы бетонные и железобетонные""}"
a8110af7-d22c-5fe2-b280-e052af603901,8905068592,8905068592,activity,9,,,,other,,43.39,Производство прочих отделочных и завершающих работ,,,,,,,,,,,,"{""code"":""43.39"",""description"":""Производство прочих отделочных и завершающих работ""}"
a8110af7-d22c-5fe2-b280-e052af603901,8905068592,8905068592,activity,10,,,,other,,43.99.3,Работы свайные и работы по строительству фундаментов,,,,,,,,,,,,"{""code"":""43.99.3"",""description"":""Работы свайные и работы по строительству фундаментов""}"
a8110af7-d22c-5fe2-b280-e052af603901,8905068592,8905068592,activity,11,,,,other,,43.99.2,Работы по установке строительных лесов и подмостей,,,,,,,,,,,,"{""code"":""43.99.2"",""description"":""Работы по установке строительных лесов и подмостей""}"
a8110af7-d22c-5fe2-b280-e052af603901,8905068592,8905068592,activity,12,,,,other,,43.99.6,Работы каменные и кирпичные,,,,,,,,,,,,"{""code"":""43.99.6"",""description"":""Работы каменные и кирпичные""}"
a8110af7-d22c-5fe2-b280-e052af603901,8905068592,8905068592,activity,13,,,,other,,43.32.1,"Установка дверей (кроме автоматических и вращающихся), окон, дверных и оконных рам из дерева или прочих материалов",,,,,,,,,,,,"{""code"":""43.32.1"",""description"":""Установка дверей (кроме автоматических и вращающихся), окон, дверных и оконных рам из дерева или прочих материалов""}"
a8110af7-d22c-5fe2-b280-e052af603901,8905068592,8905068592,activity,14,,,,other,,43.32.3,"Производство работ по внутренней отделке зданий (включая потолки, раздвижные и съемные перегородки и т.д.)",,,,,,,,,,,,"{""code"":""43.32.3"",""description"":""Производство работ по внутренней отделке зданий (включая потолки, раздвижные и съемные перегородки и т.д.)""}"
a8110af7-d22c-5fe2-b280-e052af603901,8905068592,8905068592,activity,15,,,,other,,46.71,"Торговля оптовая твердым, жидким и газообразным топливом и подобными продуктами",,,,,,,,,,,,"{""code"":""46.71"",""description"":""Торговля оптовая твердым, жидким и газообразным топливом и подобными продуктами""}"
a8110af7-d22c-5fe2-b280-e052af603901,8905068592,8905068592,tax_system,0,Упрощенная система налогообложения,,,tax_system,,УСН,,,,,,,,,,,,,"{""fullName"":""Упрощенная система налогообложения"",""shortName"":""УСН""}"
